ply
format ascii 1.0
element vertex 10000
property double x
property double y
property double z
end_header
0.47983923554420471 -0.00030922074802219868 0.098760418593883514
0.42951244115829468 0.090733736753463745 0.034160010516643524
0.55140954256057739 -0.032630175352096558 0.045958567410707474
0.41538617014884949 0.047256853431463242 0.10008335113525391
0.48491168022155762 0.036222111433744431 0.030439410358667374
0.47290512919425964 0.074009276926517487 0.08364453911781311
0.53291434049606323 0.023496316745877266 0.071661435067653656
0.48630255460739136 -0.027110857889056206 0.040343139320611954
0.43482953310012817 0.0078439777716994286 0.05546925961971283
0.39547884464263916 0.047562476247549057 0.047815121710300446
0.51965069770812988 -0.033884599804878235 0.088446922600269318
0.43096798658370972 0.092465147376060486 0.097641244530677795
0.43895357847213745 0.045055132359266281 0.027818350121378899
0.51778000593185425 0.0051532844081521034 0.032111089676618576
0.45735692977905273 0.036915373057126999 0.10642826557159424
0.49938857555389404 0.039567440748214722 0.093545988202095032
0.46758508682250977 0.071544937789440155 0.042248714715242386
0.48197084665298462 -0.033482242375612259 0.07854827493429184
0.41520372033119202 0.074967995285987854 0.067019864916801453
0.51776641607284546 0.0044973655603826046 0.10249994695186615
0.55592489242553711 -0.0239604152739048 0.082921423017978668
0.44993314146995544 0.098419450223445892 0.065099738538265228
0.46450537443161011 0.0043579782359302044 0.032796300947666168
0.49681970477104187 0.056125160306692123 0.05932723730802536
0.52806335687637329 -0.056458782404661179 0.061020229011774063
0.43295019865036011 0.017421554774045944 0.089893251657485962
0.4657166600227356 -0.0033774280454963446 0.066563092172145844
0.5189477801322937 -0.024827953428030014 0.050401847809553146
0.40839537978172302 0.031380601227283478 0.072644062340259552
0.5425952672958374 -0.0050954637117683887 0.06057262048125267
0.51300525665283203 0.033609803766012192 0.044878643006086349
0.44244730472564697 0.06446993350982666 0.1049966961145401
0.41111880540847778 0.065793164074420929 0.02836400642991066
0.41966515779495239 0.030179381370544434 0.043706327676773071
0.49081864953041077 -0.0020314007997512817 0.027650456875562668
0.39888820052146912 0.056889235973358154 0.079660169780254364
0.50002872943878174 -0.019202655181288719 0.10078073292970657
0.53357648849487305 -0.0096456753090023994 0.086191646754741669
0.45908734202384949 0.012781882658600807 0.087271824479103088
0.41417300701141357 0.073505036532878876 0.10481828451156616
0.50524693727493286 -0.040030628442764282 0.067605555057525635
0.47796174883842468 0.052982181310653687 0.098745174705982208
0.44433024525642395 0.020536169409751892 0.033760342746973038
0.48180913925170898 0.024978892877697945 0.10539361834526062
0.51419657468795776 0.041042331606149673 0.07192692905664444
0.4445892870426178 0.069984830915927887 0.029411047697067261
0.5408625602722168 -0.04430253803730011 0.079516574740409851
0.46438518166542053 0.049795150756835938 0.029816437512636185
0.45338982343673706 0.089079372584819794 0.087196029722690582
0.53118383884429932 0.01672632060945034 0.048366934061050415
0.5103420615196228 -0.017499674111604691 0.029500020667910576
0.51868969202041626 0.026188002899289131 0.091548509895801544
0.47111666202545166 -0.024482976645231247 0.058134019374847412
0.45096674561500549 0.087842851877212524 0.044171344488859177
0.46533432602882385 0.081579849123954773 0.063178978860378265
0.42904120683670044 0.090301826596260071 0.057586472481489182
0.48982006311416626 0.059147395193576813 0.080472514033317566
0.50120335817337036 0.020251993089914322 0.0308812465518713
0.4648088812828064 0.026352012529969215 0.027042549103498459
0.4835609495639801 0.055735893547534943 0.040812931954860687
0.43609502911567688 0.038011427968740463 0.10052889585494995
0.53173482418060303 -0.042607784271240234 0.044340319931507111
0.45198199152946472 -0.0040883300825953484 0.048824410885572433
0.55888980627059937 -0.019433051347732544 0.061748862266540527
0.49757879972457886 0.010495818220078945 0.10639920085668564
0.47241166234016418 -0.015257722698152065 0.084111407399177551
0.41961973905563354 0.075370095670223236 0.045644335448741913
0.42320072650909424 0.016385314986109734 0.070615388453006744
0.52621287107467651 -0.0047812811098992825 0.048058249056339264
0.43042409420013428 0.087369762361049652 0.077841237187385559
0.47963827848434448 0.067699983716011047 0.058659728616476059
0.53142434358596802 0.010720818303525448 0.087441980838775635
0.44442853331565857 0.0093130283057689667 0.073193974792957306
0.4718361496925354 -0.0130357276648283 0.039822306483983994
0.41813129186630249 0.047691192477941513 0.033210255205631256
0.46150454878807068 0.06595892459154129 0.099336028099060059
0.5383649468421936 -0.028234045952558517 0.090861521661281586
0.48112985491752625 0.015494214370846748 0.027703983709216118
0.40275272727012634 0.061160620301961899 0.06084909662604332
0.5011368989944458 -0.029411802068352699 0.083999194204807281
0.48748710751533508 -0.035683881491422653 0.060018349438905716
0.41988074779510498 0.032652735710144043 0.088473543524742126
0.54265987873077393 -0.042323000729084015 0.060515493154525757
0.53632080554962158 -0.021081218495965004 0.04318339005112648
0.51834934949874878 -0.014358978718519211 0.097862645983695984
0.41102218627929688 0.070345200598239899 0.085858747363090515
0.39466220140457153 0.043169371783733368 0.066445045173168182
0.46376752853393555 0.017860144376754761 0.10508088022470474
0.52038776874542236 -0.048056472092866898 0.076101690530776978
0.50280410051345825 -0.034542016685009003 0.04933769628405571
0.44095724821090698 0.10231731832027435 0.081504814326763153
0.49784904718399048 0.044105324894189835 0.042755309492349625
0.40255603194236755 0.060642782598733902 0.098823942244052887
0.47410878539085388 0.0033295266330242157 0.08211449533700943
0.44644778966903687 0.022342296317219734 0.10057368874549866
0.4285549521446228 0.061827979981899261 0.029843831434845924
0.51732802391052246 -0.04356345534324646 0.054879169911146164
0.40378919243812561 0.041275244206190109 0.086629383265972137
0.52372205257415771 0.031991042196750641 0.058916114270687103
0.40795499086380005 0.036342456936836243 0.055402372032403946
0.44044449925422668 0.10118506103754044 0.048864580690860748
0.48389539122581482 -0.023197602480649948 0.094815805554389954
0.54371011257171631 -0.016851000487804413 0.073091417551040649
0.42628875374794006 0.058909956365823746 0.10628063231706619
0.53831064701080322 0.0073352432809770107 0.071383245289325714
0.44349768757820129 0.079644680023193359 0.097378842532634735
0.40582868456840515 0.06007973849773407 0.043316259980201721
0.50336211919784546 0.024131301790475845 0.09814859926700592
0.50478225946426392 -0.0048663807101547718 0.10679405182600021
0.55191493034362793 -0.032056722790002823 0.069505244493484497
0.50084793567657471 0.046893909573554993 0.079213738441467285
0.42344218492507935 0.079638905823230743 0.091495238244533539
0.50874221324920654 0.043800581246614456 0.057084072381258011
0.42445561289787292 0.077194593846797943 0.02723357267677784
0.44698983430862427 0.049130462110042572 0.10580012947320938
0.47368651628494263 0.038662206381559372 0.10437040776014328
0.42545068264007568 0.020701991394162178 0.055099733173847198
0.5188448429107666 0.02070380374789238 0.037714570760726929
0.45162099599838257 0.03511786088347435 0.027370145544409752
0.52357727289199829 -0.0095171686261892319 0.032554123550653458
0.43278849124908447 0.032151136547327042 0.034306041896343231
0.42954111099243164 0.075405269861221313 0.10505476593971252
0.46254870295524597 0.051369566470384598 0.10476384311914444
0.49546524882316589 -0.015515734441578388 0.033518072217702866
0.45199000835418701 0.0089106019586324692 0.040551457554101944
0.4501858651638031 0.055608641356229782 0.030518822371959686
0.54472911357879639 -0.021073715761303902 0.056198339909315109
0.45953452587127686 -0.014729376882314682 0.057518664747476578
0.50647443532943726 -0.018988760188221931 0.04405704140663147
0.45930314064025879 0.0085099777206778526 0.073015622794628143
0.46788322925567627 -0.023574084043502808 0.072723381221294403
0.44865259528160095 -0.00026750034885481 0.062767617404460907
0.50546437501907349 -0.0025752468500286341 0.029830828309059143
0.4904218316078186 -0.00840727798640728 0.10456001758575439
0.52326309680938721 -0.02046608179807663 0.084277547895908356
0.52294641733169556 0.031578242778778076 0.078411705791950226
0.47772544622421265 -0.0013807903742417693 0.033673427999019623
0.45959416031837463 0.088832996785640717 0.07403884083032608
0.43231141567230225 0.018686741590499878 0.042777284979820251
0.51320666074752808 -0.031282994896173477 0.076023317873477936
0.53321081399917603 0.0058487220667302608 0.058213140815496445
0.43521648645401001 0.097155012190341949 0.0682649165391922
0.40815854072570801 0.04181186854839325 0.042412057518959045
0.53000384569168091 -0.043338708579540253 0.088403694331645966
0.4887111485004425 0.048767980188131332 0.090832978487014771
0.50934356451034546 0.036151926964521408 0.084351055324077606
0.46031928062438965 0.075921580195426941 0.089404605329036713
0.45524179935455322 0.076085746288299561 0.037575036287307739
0.48297396302223206 0.069158479571342468 0.073628552258014679
0.47812926769256592 0.061656050384044647 0.087570644915103912
0.47962626814842224 0.011246235109865665 0.10636265575885773
0.53411340713500977 -0.0064326450228691101 0.072804056107997894
0.46977880597114563 0.008678327314555645 0.096454828977584839
0.4869999885559082 0.039270408451557159 0.10050032287836075
0.46184042096138 0.063574731349945068 0.032793276011943817
0.44176289439201355 0.081417568027973175 0.036243263632059097
0.50173389911651611 0.032580319792032242 0.036585129797458649
0.53273963928222656 -0.053311791270971298 0.073397554457187653
0.41269198060035706 0.067695945501327515 0.05441758781671524
0.5097472071647644 -0.025825774297118187 0.094112969934940338
0.41479951143264771 0.025267299264669418 0.06205899640917778
0.5490993857383728 -0.035166420042514801 0.086507044732570648
0.47138795256614685 0.038466528058052063 0.02777458168566227
0.52499192953109741 -0.0007303511374630034 0.091354288160800934
0.44512024521827698 0.012206459417939186 0.088059552013874054
0.40692603588104248 0.065796054899692535 0.073886081576347351
0.49397093057632446 -0.033600028604269028 0.072852812707424164
0.51153892278671265 -0.031873088330030441 0.058957625180482864
0.46054404973983765 0.080309875309467316 0.04939347505569458
0.45674940943717957 0.016486100852489471 0.03070351667702198
0.45600792765617371 0.090953774750232697 0.056004688143730164
0.41962537169456482 0.079877793788909912 0.078669130802154541
0.5134851336479187 0.015863317996263504 0.097752660512924194
0.52008581161499023 -0.021344253793358803 0.036977984011173248
0.53813719749450684 -0.010065932758152485 0.049633841961622238
0.54447036981582642 -0.018009506165981293 0.086134657263755798
0.52776604890823364 0.0058125797659158707 0.040095619857311249
0.52770459651947021 -0.030476491898298264 0.042408764362335205
0.51282304525375366 -0.0082402266561985016 0.039204951375722885
0.42816570401191711 0.084843941032886505 0.045339658856391907
0.39645788073539734 0.050861537456512451 0.090573213994503021
0.47717240452766418 -0.032446540892124176 0.066874049603939056
0.41692021489143372 0.024214832112193108 0.078607767820358276
0.4330085813999176 0.011974857188761234 0.078505523502826691
0.44240620732307434 0.093551971018314362 0.09131370484828949
0.43478783965110779 0.050284303724765778 0.10310933738946915
0.42616206407546997 0.082637481391429901 0.067034468054771423
0.50500136613845825 0.050062552094459534 0.067912198603153229
0.53824311494827271 -0.031637322157621384 0.049499083310365677
0.471600741147995 0.057270608842372894 0.037763733416795731
0.46234151721000671 -0.0047456449829041958 0.040976334363222122
0.47770145535469055 0.065505035221576691 0.046188164502382278
0.48317432403564453 -0.012462006881833076 0.03279745951294899
0.53581357002258301 -0.049917619675397873 0.053456012159585953
0.53277027606964111 0.023101171478629112 0.058813013136386871
0.41365894675254822 0.060526013374328613 0.10419619083404541
0.48000538349151611 -0.011342834681272507 0.093001626431941986
0.48986908793449402 0.024840544909238815 0.029371948912739754
0.47931209206581116 0.047004170715808868 0.03243747353553772
0.47723191976547241 -0.021538807079195976 0.047863747924566269
0.47346007823944092 0.078054443001747131 0.071713447570800781
0.48663511872291565 0.059175040572881699 0.053300045430660248
0.42854732275009155 0.028063276782631874 0.095756947994232178
0.49508965015411377 0.010420992970466614 0.026990346610546112
0.49324843287467957 0.028665767982602119 0.10335256904363632
0.51952815055847168 -0.040314536541700363 0.066741064190864563
0.47693607211112976 0.027350746095180511 0.027127513661980629
0.39296120405197144 0.046264544129371643 0.079593673348426819
0.5300678014755249 0.022595601156353951 0.083435721695423126
0.49865981936454773 -0.027604676783084869 0.040308337658643723
0.52387702465057373 0.026351757347583771 0.047482386231422424
0.45422419905662537 0.013317231088876724 0.098372861742973328
0.55385464429855347 -0.029914610087871552 0.05737011507153511
0.47194334864616394 0.076128840446472168 0.052407599985599518
0.52738296985626221 -0.016415262594819069 0.050346612930297852
0.42071288824081421 0.081068374216556549 0.056606777012348175
0.54349601268768311 -0.041190169751644135 0.043773151934146881
0.55556344985961914 -0.016846468672156334 0.073220469057559967
0.4896622896194458 0.059845767915248871 0.068003877997398376
0.50731337070465088 0.0099205505102872849 0.029434949159622192
0.44278979301452637 0.0054713720455765724 0.047056194394826889
0.42437884211540222 0.038584604859352112 0.099012084305286407
0.4536527693271637 0.059142343699932098 0.10481952875852585
0.53685498237609863 0.00080549437552690506 0.081940405070781708
0.46981900930404663 0.014682082459330559 0.031132349744439125
0.45109304785728455 0.096386231482028961 0.078383542597293854
0.48925146460533142 -0.030855070799589157 0.087823785841464996
0.40832242369651794 0.053922951221466064 0.033584903925657272
0.43908408284187317 0.057465534657239914 0.027613867074251175
0.43324214220046997 0.011129211634397507 0.066953703761100769
0.49129858613014221 -0.032862138003110886 0.049060296267271042
0.44624984264373779 0.03415369987487793 0.10493255406618118
0.44153061509132385 0.093698441982269287 0.040154539048671722
0.41495212912559509 0.074667006731033325 0.034622564911842346
0.39693590998649597 0.054717365652322769 0.068558394908905029
0.5300716757774353 -0.033018998801708221 0.083512835204601288
0.45203697681427002 0.072332583367824554 0.099647857248783112
0.52440625429153442 0.01290286798030138 0.096421577036380768
0.42846986651420593 0.042659979313611984 0.033794291317462921
0.47632735967636108 -0.025795036926865578 0.085135549306869507
0.54075437784194946 -0.041641876101493835 0.091332651674747467
0.47014546394348145 -0.010338887572288513 0.074246682226657867
0.52507758140563965 -0.035705510526895523 0.052772235125303268
0.47021687030792236 0.026882050558924675 0.10677962750196457
0.4668983519077301 -0.017412874847650528 0.049582816660404205
0.48806396126747131 0.0039989743381738663 0.10640605539083481
0.55085462331771851 -0.011690505780279636 0.064032010734081268
0.39349585771560669 0.050896674394607544 0.05823725089430809
0.47894012928009033 -0.031445365399122238 0.054305750876665115
0.42368310689926147 0.084392242133617401 0.10221229493618011
0.46604835987091064 0.082056961953639984 0.080274723470211029
0.40251290798187256 0.040323846042156219 0.075706183910369873
0.46985569596290588 0.067793995141983032 0.092217564582824707
0.53427070379257202 -0.019888008013367653 0.082448191940784454
0.50689107179641724 0.0054614227265119553 0.10289006680250168
0.51366996765136719 -0.03479335829615593 0.048435848206281662
0.43184381723403931 0.093428708612918854 0.086796768009662628
0.43391340970993042 0.071056120097637177 0.027560599148273468
0.45630994439125061 0.026289792731404305 0.10444119572639465
0.49328279495239258 0.053206823766231537 0.046489231288433075
0.54254257678985596 -0.037967003881931305 0.070883937180042267
0.45357170701026917 0.046007856726646423 0.026852820068597794
0.48784974217414856 0.044043648988008499 0.03865325078368187
0.42212584614753723 0.082620911300182343 0.036265302449464798
0.49798187613487244 -0.033381342887878418 0.06097426638007164
0.52689194679260254 -0.044875361025333405 0.059666190296411514
0.40617647767066956 0.048368878662586212 0.094498485326766968
0.44210019707679749 0.10406684875488281 0.060436829924583435
0.53189879655838013 0.013960499316453934 0.07678697258234024
0.52012008428573608 -0.05105184018611908 0.065675094723701477
0.40398940443992615 0.062549874186515808 0.087638050317764282
0.41215607523918152 0.067130200564861298 0.09599003940820694
0.49740767478942871 -0.026964951306581497 0.094008825719356537
0.53424698114395142 0.002742427634075284 0.047938961535692215
0.542155921459198 -0.0082693258300423622 0.079480357468128204
0.52218347787857056 -0.037339489907026291 0.077901393175125122
0.49094828963279724 0.018355062231421471 0.1031113788485527
0.53303992748260498 0.01477180328220129 0.065712220966815948
0.41081053018569946 0.033447436988353729 0.083125896751880646
0.42677870392799377 0.020312031731009483 0.080110862851142883
0.55323952436447144 -0.0225248783826828 0.049899205565452576
0.51288068294525146 -0.0050219809636473656 0.10008059442043304
0.50872147083282471 0.023561863228678703 0.037658993154764175
0.46850019693374634 0.05733567476272583 0.097270362079143524
0.5050780177116394 -0.037617310881614685 0.078746408224105835
0.53583353757858276 -0.049888323992490768 0.063954703509807587
0.45780685544013977 -0.0040952335111796856 0.059387180954217911
0.44292488694190979 0.030584368854761124 0.031068064272403717
0.42970415949821472 0.051647957414388657 0.027853235602378845
0.45229858160018921 0.013005306012928486 0.079387597739696503
0.48336365818977356 0.0053470917046070099 0.027678228914737701
0.44107651710510254 0.013306854292750359 0.040468573570251465
0.41080692410469055 0.070077307522296906 0.042938459664583206
0.41403883695602417 0.040778897702693939 0.091130144894123077
0.43288609385490417 0.094556637108325958 0.046389710158109665
0.52658849954605103 -0.026868918910622597 0.091673776507377625
0.4012683629989624 0.055030539631843567 0.052670523524284363
0.53377074003219604 -0.051665183156728745 0.083536639809608459
0.43538433313369751 0.084161557257175446 0.10185949504375458
0.50083965063095093 0.049120921641588211 0.05292573943734169
0.40005597472190857 0.043226003646850586 0.055959016084671021
0.4190143346786499 0.056938294321298599 0.028763381764292717
0.41897353529930115 0.037996549159288406 0.037043578922748566
0.39833590388298035 0.054055538028478622 0.039646483957767487
0.52854317426681519 -0.014213293790817261 0.040243308991193771
0.46425268054008484 -0.01592014916241169 0.066920153796672821
0.44337984919548035 0.10428454726934433 0.071724295616149902
0.51420634984970093 0.035289138555526733 0.055355090647935867
0.50757718086242676 0.033322542905807495 0.094047039747238159
0.51482373476028442 -0.0066510653123259544 0.028067545965313911
0.52761101722717285 -0.016320634633302689 0.092496566474437714
0.45309904217720032 0.081347472965717316 0.093966059386730194
0.54549592733383179 -0.027291344478726387 0.081287823617458344
0.51446807384490967 -0.025728488340973854 0.084376543760299683
0.53306359052658081 -0.0045060417614877224 0.057275000959634781
0.40390464663505554 0.037678085267543793 0.064556919038295746
0.46160417795181274 0.039691142737865448 0.029926219955086708
0.44846659898757935 0.097355276346206665 0.054032418876886368
0.42482462525367737 0.049088887870311737 0.10406217724084854
0.46763482689857483 0.0029422801453620195 0.074152432382106781
0.41637146472930908 0.029824757948517799 0.053186308592557907
0.50873106718063354 -0.014007531106472015 0.10176309198141098
0.43778806924819946 0.028129292652010918 0.10039172321557999
0.45245900750160217 0.026122670620679855 0.032139711081981659
0.51683783531188965 -0.015966271981596947 0.044733155518770218
0.52095615863800049 -0.0024944604374468327 0.039466783404350281
0.49715730547904968 0.05526990070939064 0.072658829391002655
0.52988314628601074 -0.043621540069580078 0.078480653464794159
0.52018994092941284 0.032254137098789215 0.068905733525753021
0.47784677147865295 -0.0025435863062739372 0.089081324636936188
0.5044054388999939 -0.0121143888682127 0.035841397941112518
0.51264274120330811 -0.042217664420604706 0.073664575815200806
0.46178540587425232 -0.0090727852657437325 0.049827408045530319
0.44136700034141541 0.0062400130555033684 0.062997795641422272
0.42091602087020874 0.067298747599124908 0.027166703715920448
0.54469960927963257 -0.0062080877833068371 0.070038482546806335
0.43366560339927673 0.081144168972969055 0.030830178409814835
0.47546383738517761 0.076255783438682556 0.061488155275583267
0.50631999969482422 0.040792990475893021 0.046146787703037262
0.55045759677886963 -0.02137095108628273 0.066325999796390533
0.41575956344604492 0.071112185716629028 0.077160097658634186
0.54515767097473145 -0.024749057367444038 0.045042354613542557
0.437416672706604 0.095107614994049072 0.057108845561742783
0.54630410671234131 -0.038288414478302002 0.052558138966560364
0.49047139286994934 -0.018188018351793289 0.10007525980472565
0.52657043933868408 -0.048137500882148743 0.050304990261793137
0.49804189801216125 0.0012767747975885868 0.10378991812467575
0.43309274315834045 0.06583954393863678 0.10660224407911301
0.42324012517929077 0.067969903349876404 0.10672689974308014
0.4519544243812561 0.06526937335729599 0.03328360989689827
0.41163909435272217 0.066535539925098419 0.064428254961967468
0.43687233328819275 0.094517849385738373 0.077220946550369263
0.51000463962554932 -0.033916089683771133 0.0860886350274086
0.50532597303390503 0.016138432547450066 0.10284091532230377
0.49284043908119202 0.035753428936004639 0.036481555551290512
0.40396934747695923 0.062490779906511307 0.033566668629646301
0.54640430212020874 -0.033692091703414917 0.061754722148180008
0.46663862466812134 0.0068336222320795059 0.086655311286449432
0.48001834750175476 -0.018509585410356522 0.039258692413568497
0.45687013864517212 0.0034969868138432503 0.065171048045158386
0.47414776682853699 0.019038904458284378 0.10359147936105728
0.53941804170608521 -0.01376614160835743 0.059212498366832733
0.45782867074012756 0.091305337846279144 0.065225735306739807
0.53443753719329834 0.0007167152944020927 0.065891921520233154
0.52610766887664795 0.015260928310453892 0.039644509553909302
0.44033929705619812 0.074051141738891602 0.10404400527477264
0.50073939561843872 -0.010260442271828651 0.027547551319003105
0.53702747821807861 -0.040884818881750107 0.051869813352823257
0.42744621634483337 0.026349781081080437 0.040619414299726486
0.55728214979171753 -0.026103561744093895 0.07400793582201004
0.46482330560684204 0.04117516428232193 0.10319866985082626
0.52707010507583618 -0.046731807291507721 0.069953694939613342
0.51393419504165649 0.013471713289618492 0.034936223179101944
0.47535544633865356 0.0073017277754843235 0.031675230711698532
0.52673172950744629 0.026407482102513313 0.065567813813686371
0.54782652854919434 -0.012505119666457176 0.055347342044115067
0.44303110241889954 0.00088826188584789634 0.054968785494565964
0.50874543190002441 -0.028326751664280891 0.04424232617020607
0.54026889801025391 -0.034576348960399628 0.084209099411964417
0.49753713607788086 0.047932993620634079 0.088791564106941223
0.53059488534927368 -0.024865048006176949 0.049485944211483002
0.4714210033416748 0.047384493052959442 0.10260891169309616
0.42582300305366516 0.014118822291493416 0.062225300818681717
0.54870098829269409 -0.035614427179098129 0.077200606465339661
0.4746914803981781 -0.029087640345096588 0.075046375393867493
0.51197695732116699 -0.043153654783964157 0.062157861888408661
0.47260373830795288 -0.0057041109539568424 0.08244025707244873
0.53628522157669067 -0.044903542846441269 0.071424774825572968
0.44209012389183044 0.018603656440973282 0.093569926917552948
0.41839373111724854 0.074045494198799133 0.096357695758342743
0.47971850633621216 0.044181555509567261 0.09871799498796463
0.41301214694976807 0.036260195076465607 0.047983411699533463
0.50457996129989624 -0.038658246397972107 0.058137185871601105
0.4250427782535553 0.024171201512217522 0.08794838935136795
0.51502686738967896 0.039519138634204865 0.063145957887172699
0.48582541942596436 -0.032770007848739624 0.068935506045818329
0.48404738306999207 0.056243330240249634 0.092061445116996765
0.45684024691581726 0.0018330176826566458 0.038309454917907715
0.522208571434021 -0.04379817470908165 0.083975926041603088
0.42588073015213013 0.086818128824234009 0.086935050785541534
0.46963396668434143 -0.0042175068520009518 0.03600805252790451
0.43189749121665955 0.088997200131416321 0.069107145071029663
0.48231911659240723 -0.0095654940232634544 0.10131002217531204
0.54942339658737183 -0.014961563050746918 0.079529605805873871
0.54628646373748779 -0.029494466260075569 0.052886664867401123
0.51833105087280273 -0.024019915610551834 0.093463331460952759
0.51253753900527954 -0.033977363258600235 0.0677017942070961
0.52145946025848389 -0.0057731219567358494 0.098454192280769348
0.45527374744415283 0.046343374997377396 0.10561821609735489
0.54350882768630981 -0.016858860850334167 0.048473577946424484
0.4347802996635437 0.01491987332701683 0.050353564321994781
0.51753151416778564 0.03278423473238945 0.08513621985912323
0.43812820315361023 0.024274690076708794 0.038585390895605087
0.54294240474700928 -0.03261256217956543 0.042150780558586121
0.53399592638015747 -0.036046259105205536 0.090818271040916443
0.48800173401832581 -0.020362479612231255 0.035230573266744614
0.52398455142974854 0.019332112744450569 0.088618449866771698
0.48028942942619324 0.032840549945831299 0.10221616923809052
0.49400588870048523 0.051733866333961487 0.081679403781890869
0.4982374906539917 0.0024299914948642254 0.026802301406860352
0.44600972533226013 0.085830293595790863 0.092013895511627197
0.40553292632102966 0.064236283302307129 0.051332857459783554
0.46293330192565918 0.085986711084842682 0.055849503725767136
0.49452272057533264 -0.034459572285413742 0.082153692841529846
0.53517985343933105 0.014405482448637486 0.057482946664094925
0.47983771562576294 0.067510485649108887 0.081660144031047821
0.48709243535995483 0.064354628324508667 0.060920510441064835
0.50021624565124512 0.032038211822509766 0.09805028885602951
0.50236797332763672 -0.033220559358596802 0.071873120963573456
0.50925499200820923 0.043827462941408157 0.078203938901424408
0.52465081214904785 -0.0094397068023681641 0.08857562392950058
0.5150599479675293 -0.039431367069482803 0.082167454063892365
0.40943968296051025 0.055404067039489746 0.097841426730155945
0.44944432377815247 0.0072664595209062099 0.066553846001625061
0.4705791175365448 0.011533187702298164 0.10495149344205856
0.4453204870223999 0.040241658687591553 0.030501842498779297
0.41630280017852783 0.026626065373420715 0.070209518074989319
0.45856520533561707 0.055803824216127396 0.029119351878762245
0.52546614408493042 -0.022204829379916191 0.043403148651123047
0.4623228907585144 0.013049779459834099 0.096255891025066376
0.41657289862632751 0.076500110328197479 0.087884284555912018
0.45997840166091919 0.084085144102573395 0.085963405668735504
0.44049456715583801 0.056533392518758774 0.10671509802341461
0.49804148077964783 -0.011741017922759056 0.10526502132415771
0.4411793053150177 0.043145626783370972 0.10597983747720718
0.53220152854919434 0.0024913542438298464 0.088676661252975464
0.4410882294178009 0.01169277261942625 0.080432146787643433
0.53541302680969238 -0.018640482798218727 0.052144739776849747
0.50511801242828369 0.042959202080965042 0.086535006761550903
0.546500563621521 -0.027216563001275063 0.089559979736804962
0.41734865307807922 0.072861418128013611 0.058943666517734528
0.51215213537216187 0.025662878528237343 0.096621803939342499
0.40340274572372437 0.048349611461162567 0.04422653466463089
0.40455314517021179 0.058684129267930984 0.070375964045524597
0.48958361148834229 0.016622446477413177 0.030118076130747795
0.47837156057357788 -0.018884135410189629 0.089153081178665161
0.44976755976676941 0.082477979362010956 0.037934798747301102
0.53516954183578491 -0.035376559942960739 0.042418844997882843
0.47226908802986145 0.051279854029417038 0.031654700636863708
0.46645271778106689 0.083693645894527435 0.071043826639652252
0.52614396810531616 -0.055589709430932999 0.068961285054683685
0.53589308261871338 -0.013228771276772022 0.077564291656017303
0.53461152315139771 -0.020394250750541687 0.090619407594203949
0.43722188472747803 0.099391907453536987 0.088399946689605713
0.53653395175933838 -0.0088840238749980927 0.065376244485378265
0.40789610147476196 0.030021052807569504 0.064591847360134125
0.5269315242767334 -0.052075587213039398 0.079087443649768829
0.54916107654571533 -0.022719353437423706 0.07468770444393158
0.51812809705734253 -0.015605669468641281 0.031061947345733643
0.51965838670730591 -0.02913733571767807 0.043505430221557617
0.55668365955352783 -0.026772826910018921 0.065515466034412384
0.47740271687507629 0.070927202701568604 0.067342139780521393
0.47340574860572815 -0.025099560618400574 0.066929362714290619
0.39184081554412842 0.049070931971073151 0.071475684642791748
0.52500885725021362 -0.037799153476953506 0.044906806200742722
0.49747017025947571 0.028032587841153145 0.031371638178825378
0.47442841529846191 0.005898553878068924 0.089811466634273529
0.45949605107307434 0.0099807744845747948 0.035828910768032074
0.46381151676177979 0.03081543929874897 0.10372243821620941
0.53829920291900635 -0.047049161046743393 0.045946415513753891
0.4260290265083313 0.034186325967311859 0.039231050759553909
0.51285499334335327 -0.00076680560596287251 0.034567840397357941
0.4189726710319519 0.055285938084125519 0.10109573602676392
0.44656559824943542 0.09268052875995636 0.084445945918560028
0.48162931203842163 -0.028586611151695251 0.047250114381313324
0.51556855440139771 0.026003096252679825 0.044081628322601318
0.50159168243408203 -0.019730163738131523 0.036641284823417664
0.5189557671546936 -0.016200324520468712 0.090044379234313965
0.42158955335617065 0.021726410835981369 0.064554490149021149
0.47552722692489624 0.0056621851399540901 0.1022614985704422
0.42285588383674622 0.022888904437422752 0.047802243381738663
0.45954009890556335 0.069346047937870026 0.038492433726787567
0.44589352607727051 0.049101244658231735 0.027663718909025192
0.45106479525566101 0.016481842845678329 0.036381624639034271
0.47260060906410217 -0.021593151614069939 0.07891518622636795
0.4216153621673584 0.076006188988685608 0.10642246901988983
0.49741601943969727 -0.038364492356777191 0.067382186651229858
0.40834856033325195 0.066963814198970795 0.10303224623203278
0.44937881827354431 0.0020841544028371572 0.044034555554389954
0.438365638256073 0.065034665167331696 0.030339354649186134
0.51544719934463501 0.034445326775312424 0.077606648206710815
0.43694138526916504 0.038899369537830353 0.032481830567121506
0.43519073724746704 0.024328291416168213 0.093200899660587311
0.45012766122817993 -0.0055028167553246021 0.056447945535182953
0.44453775882720947 0.09379693865776062 0.048114016652107239
0.40438279509544373 0.038968298584222794 0.048817392438650131
0.52589815855026245 0.024549666792154312 0.054937649518251419
0.47119450569152832 0.064878553152084351 0.039923220872879028
0.51837986707687378 -0.035538826137781143 0.057395651936531067
0.5220683217048645 -0.029202982783317566 0.082539655268192291
0.46431013941764832 0.0095365848392248154 0.079609669744968414
0.47557175159454346 0.071214929223060608 0.075370877981185913
0.53271001577377319 0.0056895902380347252 0.077375613152980804
0.4472363293170929 0.076078914105892181 0.03361036628484726
0.5289272665977478 0.0088265780359506607 0.04726087674498558
0.5404055118560791 -0.0010407404042780399 0.074114114046096802
0.49224388599395752 0.044252011924982071 0.09618242084980011
0.42730522155761719 0.083895526826381683 0.053416479378938675
0.47661945223808289 0.059924561530351639 0.095048457384109497
0.49007329344749451 -0.0082686971873044968 0.032296314835548401
0.44609856605529785 0.061698965728282928 0.027832068502902985
0.52243119478225708 -0.051113635301589966 0.058216821402311325
0.43789657950401306 0.088535279035568237 0.095234706997871399
0.40785017609596252 0.062346328049898148 0.08082050085067749
0.50209683179855347 0.048043124377727509 0.060982249677181244
0.52109485864639282 0.025694608688354492 0.08416738361120224
0.53795540332794189 0.008981684222817421 0.063789285719394684
0.53005409240722656 -0.0027189881075173616 0.083199538290500641
0.51452946662902832 -0.023268798366189003 0.043158959597349167
0.43695136904716492 0.088045075535774231 0.037473645061254501
0.44953876733779907 0.041225813329219818 0.10659752041101456
0.45713090896606445 0.082527756690979004 0.042801350355148315
0.47159510850906372 0.020978135988116264 0.026988090947270393
0.46711111068725586 -0.017765078693628311 0.057308267802000046
0.41240623593330383 0.067366503179073334 0.035812642425298691
0.52099043130874634 0.0095113683491945267 0.037612952291965485
0.41227707266807556 0.047240626066923141 0.038787670433521271
0.55280297994613647 -0.022205943241715431 0.057899706065654755
0.4294925332069397 0.043098472058773041 0.10273050516843796
0.45831707119941711 0.032388146966695786 0.030045542865991592
0.54331904649734497 -0.034168072044849396 0.091506659984588623
0.44924116134643555 0.065293431282043457 0.10103266686201096
0.52159583568572998 0.0057924515567719936 0.095515154302120209
0.48920494318008423 0.011817652732133865 0.10678178817033768
0.47737935185432434 0.034921549260616302 0.031238805502653122
0.46378731727600098 -0.0097210081294178963 0.062415175139904022
0.46390798687934875 0.019575420767068863 0.031221738085150719
0.52618891000747681 0.025841103866696358 0.074498720467090607
0.46139457821846008 0.059108469635248184 0.10274276882410049
0.50840747356414795 0.042898833751678467 0.064955286681652069
0.5101427435874939 -0.017356675118207932 0.095041714608669281
0.45205977559089661 0.093393631279468536 0.071425125002861023
0.48362454771995544 -0.025726998224854469 0.087569549679756165
0.49847978353500366 0.021678324788808823 0.10345369577407837
0.45227622985839844 0.01175174955278635 0.090618491172790527
0.4946478009223938 0.037352908402681351 0.099074073135852814
0.49646595120429993 -0.035792876034975052 0.053939785808324814
0.41720399260520935 0.074957631528377533 0.027280107140541077
0.55294036865234375 -0.030911704525351524 0.081540733575820923
0.42157474160194397 0.077549785375595093 0.063807420432567596
0.50840026140213013 -0.029178006574511528 0.051758255809545517
0.54962843656539917 -0.011309089139103889 0.072679273784160614
0.41302505135536194 0.059858962893486023 0.032655142247676849
0.51173347234725952 -0.03843679279088974 0.054776638746261597
0.52232825756072998 -0.010609647259116173 0.042607758194208145
0.53027015924453735 -0.0096985679119825363 0.052272006869316101
0.43950074911117554 0.074551396071910858 0.032634355127811432
0.52005577087402344 0.03147193044424057 0.052335742861032486
0.52956235408782959 -0.054296109825372696 0.053952779620885849
0.42809176445007324 0.08479657769203186 0.0961260125041008
0.52869433164596558 -0.013807198032736778 0.082316793501377106
0.45932140946388245 0.073111400008201599 0.096278265118598938
0.45373204350471497 0.089415371417999268 0.079135984182357788
0.48443567752838135 0.017596367746591568 0.10673524439334869
0.54277598857879639 -0.014451966620981693 0.066060625016689301
0.47624775767326355 -0.0085757151246070862 0.035118132829666138
0.48472854495048523 0.049504522234201431 0.097147703170776367
0.48780494928359985 0.063306421041488647 0.074352890253067017
0.50498229265213013 -0.033364210277795792 0.064261339604854584
0.53901040554046631 -0.00024388240126427263 0.055827248841524124
0.48367828130722046 -0.0053137699142098427 0.029890928417444229
0.54159057140350342 -0.021141042932868004 0.079767242074012756
0.5123981237411499 0.011184025555849075 0.10343237221240997
0.46552962064743042 0.033903844654560089 0.027361532673239708
0.42063120007514954 0.076509267091751099 0.071860358119010925
0.45303571224212646 0.019735483452677727 0.10282407701015472
0.40187186002731323 0.055726423859596252 0.092082150280475616
0.48479071259498596 -0.0027958650607615709 0.10367699712514877
0.56018310785293579 -0.021312326192855835 0.069094106554985046
0.50822168588638306 -0.010591913014650345 0.027923744171857834
0.50581389665603638 0.03388628363609314 0.04323161393404007
0.52673810720443726 -0.034852899610996246 0.090328402817249298
0.46662914752960205 -0.022039638832211494 0.063569642603397369
0.50834089517593384 0.01735883392393589 0.032122228294610977
0.45645537972450256 0.088100425899028778 0.049066640436649323
0.49035736918449402 0.0050875833258032799 0.029947517439723015
0.53328382968902588 -0.0053791217505931854 0.046144675463438034
0.43086585402488708 0.015207459218800068 0.056565769016742706
0.39988476037979126 0.045992068946361542 0.082569308578968048
0.52041244506835938 0.019053826108574867 0.096056275069713593
0.5363350510597229 -0.027349086478352547 0.083863332867622375
0.43720594048500061 0.0082544377073645592 0.072464160621166229
0.42376112937927246 0.084459997713565826 0.074704550206661224
0.50989812612533569 0.0031076138839125633 0.028495870530605316
0.46725991368293762 -0.0091453306376934052 0.044162042438983917
0.44997817277908325 0.028690231963992119 0.10151032358407974
0.50265532732009888 -0.021874386817216873 0.094416409730911255
0.42534324526786804 0.085141636431217194 0.030191037803888321
0.47711816430091858 0.05247439444065094 0.037878207862377167
0.47493144869804382 0.069001488387584686 0.051981307566165924
0.47737851738929749 -0.0095779867842793465 0.086414188146591187
0.48332363367080688 0.065249629318714142 0.050960525870323181
0.49775043129920959 -0.029381560161709785 0.048353042453527451
0.49157997965812683 -0.022592252120375633 0.09439598023891449
0.48246315121650696 0.023787897080183029 0.030191218480467796
0.53682267665863037 -0.044298075139522552 0.085539288818836212
0.50375419855117798 -0.029295403510332108 0.091391988098621368
0.4949783980846405 -0.023343652486801147 0.035744749009609222
0.53709203004837036 -0.028348255902528763 0.042381495237350464
0.48898667097091675 -0.031701967120170593 0.078295126557350159
0.53402119874954224 -0.014066972769796848 0.045225020498037338
0.49276012182235718 0.053893383592367172 0.053770001977682114
0.39995154738426208 0.053575780242681503 0.060084253549575806
0.45191970467567444 0.010084304958581924 0.072785943746566772
0.51207494735717773 0.028631793335080147 0.090007379651069641
0.45962211489677429 0.075656011700630188 0.043295767158269882
0.54405671358108521 -0.040757790207862854 0.084922358393669128
0.44378423690795898 0.086740262806415558 0.040659181773662567
0.48760232329368591 0.054422952234745026 0.086065717041492462
0.43318280577659607 0.094880387187004089 0.038767930120229721
0.49724364280700684 0.053022012114524841 0.065797589719295502
0.46431452035903931 0.055718392133712769 0.033877812325954437
0.44655770063400269 0.0579519122838974 0.10314580798149109
0.4768085777759552 0.059079162776470184 0.042358826845884323
0.41813212633132935 0.036243513226509094 0.094866149127483368
0.48415115475654602 0.067599877715110779 0.066568881273269653
0.42723733186721802 0.069999717175960541 0.029857363551855087
0.53483480215072632 0.0095915943384170532 0.052239950746297836
0.41637009382247925 0.07625134289264679 0.052760928869247437
0.52391386032104492 0.019406687468290329 0.044999118894338608
0.42150211334228516 0.081934459507465363 0.043640434741973877
0.46670436859130859 0.072613805532455444 0.086843207478523254
0.46659976243972778 0.077226810157299042 0.046411853283643723
0.51481705904006958 -0.046172939240932465 0.067936576902866364
0.47226661443710327 0.043857607990503311 0.032320506870746613
0.52987915277481079 -0.0061413785442709923 0.092042990028858185
0.39778727293014526 0.051187027245759964 0.075607083737850189
0.48295113444328308 -0.01616789773106575 0.098827376961708069
0.42981523275375366 0.034102845937013626 0.099705792963504791
0.53527671098709106 -0.0063772290013730526 0.079781129956245422
0.52120399475097656 -0.04218321293592453 0.049129392951726913
0.43811008334159851 0.01266520656645298 0.08751552551984787
0.43020904064178467 0.014466609805822372 0.072545714676380157
0.53173422813415527 -0.035998646169900894 0.05050269141793251
0.39707851409912109 0.054860789328813553 0.047023694962263107
0.51947921514511108 -0.045514784753322601 0.061284016817808151
0.53819036483764648 -0.014945816248655319 0.086885668337345123
0.41838750243186951 0.023179642856121063 0.054259389638900757
0.51088786125183105 -0.016133518889546394 0.039396040141582489
0.46982821822166443 0.075609467923641205 0.077539399266242981
0.41116189956665039 0.070489674806594849 0.070587694644927979
0.4660586416721344 0.07867816835641861 0.055233921855688095
0.48698154091835022 0.031082270666956902 0.10110395401716232
0.44475695490837097 0.098647534847259521 0.076422750949859619
0.48670068383216858 -0.03111114539206028 0.054769787937402725
0.41619318723678589 0.066932357847690582 0.10613986849784851
0.48468741774559021 0.062622018158435822 0.083721525967121124
0.46220126748085022 0.0029694081749767065 0.069747820496559143
0.49979546666145325 0.037208214402198792 0.041449401527643204
0.52858442068099976 -0.026224818080663681 0.084192365407943726
0.42811107635498047 0.016877308487892151 0.049672916531562805
0.53619629144668579 -0.045011017471551895 0.058400340378284454
0.4884222149848938 0.050740588456392288 0.041079830378293991
0.49700221419334412 -0.0039704348891973495 0.030221199616789818
0.51177453994750977 0.0015005285385996103 0.10589461773633957
0.51890772581100464 0.012353389523923397 0.1006617397069931
0.43362966179847717 0.057127811014652252 0.10367225855588913
0.52906394004821777 -0.00074086332460865378 0.043124191462993622
0.45037835836410522 0.090712703764438629 0.051231805235147476
0.50355422496795654 -0.031947694718837738 0.056629035621881485
0.43455943465232849 0.09194435179233551 0.063406094908714294
0.5411524772644043 -0.00050179637037217617 0.067179374396800995
0.48560106754302979 0.059674382209777832 0.046456728130578995
0.42861929535865784 0.085342086851596832 0.038435794413089752
0.47294634580612183 -0.016040774062275887 0.045972727239131927
0.45091825723648071 0.09395117312669754 0.059888735413551331
0.53971081972122192 -0.024036774411797523 0.051486268639564514
0.45260491967201233 0.052244637161493301 0.10318448394536972
0.42494097352027893 0.085758507251739502 0.060808043926954269
0.47120377421379089 0.030892703682184219 0.029922474175691605
0.45739820599555969 -0.0014915661886334419 0.045398347079753876
0.52661812305450439 0.0062620053067803383 0.090151228010654449
0.49638879299163818 -0.0049493024125695229 0.10624746978282928
0.44761210680007935 0.014916694723069668 0.097319312393665314
0.4234175980091095 0.052752770483493805 0.031997963786125183
0.50788015127182007 -0.030116196721792221 0.080214433372020721
0.47181382775306702 0.0012347459560260177 0.031331147998571396
0.39748966693878174 0.044058486819267273 0.07287219911813736
0.47842282056808472 -0.029025116935372353 0.061058998107910156
0.46792706847190857 0.035520568490028381 0.10654313117265701
0.46801680326461792 -0.01685701310634613 0.074329227209091187
0.46916922926902771 -0.0032160619739443064 0.077052094042301178
0.53363287448883057 -0.038885276764631271 0.082798957824707031
0.52907466888427734 0.015515209175646305 0.08314485102891922
0.51037693023681641 0.030068838968873024 0.038975659757852554
0.49079960584640503 -0.036959528923034668 0.066360361874103546
0.50380724668502808 0.026465922594070435 0.033896356821060181
0.50852847099304199 -0.03603488951921463 0.073066271841526031
0.50899690389633179 0.038443110883235931 0.052286792546510696
0.50604784488677979 0.044617105275392532 0.07186812162399292
0.41244855523109436 0.031112726777791977 0.058599121868610382
0.41507095098495483 0.040064200758934021 0.042213708162307739
0.43255040049552917 0.089708760380744934 0.051129024475812912
0.50107318162918091 0.012100588530302048 0.030956322327256203
0.45557379722595215 -0.0096132876351475716 0.055486720055341721
0.42020562291145325 0.080533817410469055 0.097383178770542145
0.39413562417030334 0.051623199135065079 0.083557888865470886
0.47407785058021545 -0.026072373613715172 0.05226309597492218
0.53856378793716431 -0.011423774994909763 0.071305520832538605
0.48202559351921082 0.041146330535411835 0.034448999911546707
0.45796477794647217 0.023282576352357864 0.029445085674524307
0.53122431039810181 -0.050070673227310181 0.058952756226062775
0.54999995231628418 -0.022121116518974304 0.085584446787834167
0.39275413751602173 0.044397030025720596 0.059892240911722183
0.55775582790374756 -0.025304721668362617 0.054068278521299362
0.53105765581130981 -0.043535396456718445 0.054293520748615265
0.44042107462882996 0.098443090915679932 0.064181208610534668
0.52340942621231079 -0.015655787661671638 0.035568304359912872
0.41178137063980103 0.028679393231868744 0.0778016597032547
0.51791912317276001 -0.037486109882593155 0.072700642049312592
0.53768372535705566 -0.043357569724321365 0.064920321106910706
0.55300289392471313 -0.015280985273420811 0.058619938790798187
0.44366681575775146 0.098385579884052277 0.086503386497497559
0.53647202253341675 -0.049171511083841324 0.07714979350566864
0.40763676166534424 0.036320418119430542 0.077384568750858307
0.46400368213653564 0.010632349178195 0.030467061325907707
0.43849602341651917 0.10079561918973923 0.075448714196681976
0.4409196674823761 0.01191367581486702 0.04700939729809761
0.43780520558357239 0.098633468151092529 0.043276485055685043
0.41937845945358276 0.021403029561042786 0.073017507791519165
0.5274084210395813 -0.047980554401874542 0.084370940923690796
0.40579405426979065 0.048816584050655365 0.038014587014913559
0.40699523687362671 0.061407454311847687 0.093901678919792175
0.49079188704490662 0.031363252550363541 0.030426789075136185
0.49856114387512207 -0.036929793655872345 0.077461756765842438
0.40331459045410156 0.047658555209636688 0.088525108993053436
0.47270402312278748 0.067743979394435883 0.086198031902313232
0.50899773836135864 0.021120961755514145 0.10039954632520676
0.41750898957252502 0.02714480459690094 0.084550507366657257
0.55067646503448486 -0.028954731300473213 0.0636257603764534
0.43636676669120789 0.094972088932991028 0.094605110585689545
0.54251319169998169 -0.037994999438524246 0.077629700303077698
0.49264588952064514 0.06079864501953125 0.061728790402412415
0.42166179418563843 0.045776031911373138 0.098492026329040527
0.52025502920150757 -0.033632792532444 0.048348460346460342
0.52528512477874756 -0.037586435675621033 0.083972692489624023
0.40867513418197632 0.063245803117752075 0.058719746768474579
0.43463337421417236 0.0060760881751775742 0.06290137767791748
0.53625309467315674 0.013615326024591923 0.071776635944843292
0.51436728239059448 -0.030177041888237 0.089910335838794708
0.42429748177528381 0.080581493675708771 0.083299018442630768
0.54180657863616943 -0.024030888453125954 0.08572656661272049
0.46318343281745911 0.068735912442207336 0.093241602182388306
0.51533132791519165 -0.02933814749121666 0.054217580705881119
0.53888368606567383 -0.0073218345642089844 0.055556785315275192
0.52289891242980957 -0.042193364351987839 0.072226464748382568
0.50814360380172729 -0.025340758264064789 0.087761662900447845
0.53405916690826416 0.021304890513420105 0.064996153116226196
0.49162232875823975 -0.026518722996115685 0.044141523540019989
0.55269265174865723 -0.028206503018736839 0.087652102112770081
0.53301411867141724 -0.00079863559221848845 0.076524309813976288
0.49596637487411499 -0.03087061271071434 0.088951952755451202
0.44204390048980713 0.100112684071064 0.055219627916812897
0.5550236701965332 -0.016046367585659027 0.066750675439834595
0.51444709300994873 -0.021258991211652756 0.033666167408227921
0.4217039942741394 0.062346309423446655 0.10313749313354492
0.44510480761528015 0.072656027972698212 0.099797949194908142
0.46117332577705383 0.085563056170940399 0.067683853209018707
0.46977844834327698 0.07122328132390976 0.04838879406452179
0.41530442237854004 0.070617362856864929 0.091472312808036804
0.47063463926315308 0.077024482190608978 0.065794378519058228
0.45545691251754761 0.063584849238395691 0.099705807864665985
0.4365198016166687 0.052011799067258835 0.030036270618438721
0.44973102211952209 0.07845635712146759 0.098725847899913788
0.5417206883430481 -0.014501560479402542 0.081215530633926392
0.51890003681182861 0.00022727010946255177 0.097444251179695129
0.53230863809585571 -0.049178872257471085 0.047149974852800369
0.48074457049369812 0.0033263752702623606 0.10526137799024582
0.4861966073513031 0.011078668758273125 0.026825182139873505
0.42969208955764771 0.087003245949745178 0.102889284491539
0.50362664461135864 0.036424312740564346 0.089848577976226807
0.50181657075881958 0.043477702885866165 0.049996547400951385
0.53119498491287231 0.02199871651828289 0.052331045269966125
0.42249205708503723 0.078557610511779785 0.050432596355676651
0.49526655673980713 0.020221719518303871 0.028426680713891983
0.47407540678977966 0.031676020473241806 0.1033492311835289
0.44550707936286926 0.0090113133192062378 0.042221121490001678
0.46616238355636597 -0.01017041876912117 0.069234035909175873
0.40620610117912292 0.064974300563335419 0.039203941822052002
0.51613521575927734 -0.032928761094808578 0.081474930047988892
0.47160997986793518 -0.02009175717830658 0.053391389548778534
0.54625785350799561 -0.018538180738687515 0.061872314661741257
0.55073481798171997 -0.028882017359137535 0.075382359325885773
0.4846917986869812 0.029878189787268639 0.029203267768025398
0.51251006126403809 -0.021013978868722916 0.090360790491104126
0.54556232690811157 -0.03910209983587265 0.0652146115899086
0.48143801093101501 -0.034652695059776306 0.06175294890999794
0.45438125729560852 0.071410998702049255 0.033327631652355194
0.50381726026535034 0.0046484167687594891 0.030217351391911507
0.41035908460617065 0.06513359397649765 0.089467205107212067
0.43313169479370117 0.043008960783481598 0.029446063563227654
0.53125870227813721 -0.024790745228528976 0.042090084403753281
0.50435030460357666 -0.0093906400725245476 0.10202758014202118
0.52016592025756836 -0.00910164974629879 0.093179516494274139
0.4000784158706665 0.053733441978693008 0.085061639547348022
0.52094370126724243 -0.025246664881706238 0.08778759092092514
0.44803255796432495 0.0023517641238868237 0.051309984177350998
0.47869667410850525 -0.006464031059294939 0.097093403339385986
0.52994585037231445 -0.051935512572526932 0.065395787358283997
0.54932618141174316 -0.017642119899392128 0.05105879157781601
0.42539623379707336 0.032819770276546478 0.092939324676990509
0.46526801586151123 0.00077527877874672413 0.037999559193849564
0.47567605972290039 0.025280661880970001 0.10372661799192429
0.48377683758735657 0.048740204423666 0.036617591977119446
0.41301104426383972 0.072524502873420715 0.048369944095611572
0.48075038194656372 -0.031074831262230873 0.072800464928150177
0.40991672873497009 0.069114774465560913 0.078637272119522095
0.46148890256881714 0.0087728425860404968 0.091567918658256531
0.49174109101295471 -0.00012227035767864436 0.10327913612127304
0.4457542896270752 0.09872300922870636 0.060340132564306259
0.47455784678459167 0.0007419422036036849 0.093491837382316589
0.55442601442337036 -0.019011788070201874 0.079065091907978058
0.45303276181221008 0.032046724110841751 0.10592611879110336
0.44854459166526794 0.10065115243196487 0.0712909996509552
0.43339863419532776 0.016472497954964638 0.083653546869754791
0.55419903993606567 -0.029537120833992958 0.051026102155447006
0.43058031797409058 0.075289711356163025 0.030842408537864685
0.42274752259254456 0.024868767708539963 0.081756561994552612
0.41475370526313782 0.05292728915810585 0.032291736453771591
0.40958261489868164 0.064243309199810028 0.046184487640857697
0.52883148193359375 -0.01868847943842411 0.086614184081554413
0.51086443662643433 -0.0082747144624590874 0.033141061663627625
0.52278655767440796 0.0031954955775290728 0.037279710173606873
0.54576730728149414 -0.035856172442436218 0.046739041805267334
0.39853361248970032 0.038406141102313995 0.067815028131008148
0.53146785497665405 -0.00026138711837120354 0.052919160574674606
0.46522349119186401 0.063834324479103088 0.03825797513127327
0.41949370503425598 0.079699136316776276 0.030710745602846146
0.42255076766014099 0.043656434863805771 0.035637930035591125
0.40557634830474854 0.06429407000541687 0.065497860312461853
0.4037659764289856 0.057789210230112076 0.037715498358011246
0.4589710533618927 0.014662306755781174 0.10260675102472305
0.45747724175453186 0.049225464463233948 0.030550520867109299
0.51790362596511841 0.034026339650154114 0.06226830929517746
0.46558564901351929 0.063168056309223175 0.095492564141750336
0.42111358046531677 0.07702154666185379 0.038872666656970978
0.499919593334198 0.049745991826057434 0.073673732578754425
0.4413222074508667 0.03329051285982132 0.1005302295088768
0.43458068370819092 0.071635991334915161 0.10478745400905609
0.43428394198417664 0.077303744852542877 0.10144906491041183
0.40227967500686646 0.036312434822320938 0.058004837483167648
0.44083061814308167 0.049703594297170639 0.10663356631994247
0.46031248569488525 0.085840187966823578 0.061514828354120255
0.40172603726387024 0.060013681650161743 0.048010274767875671
0.46494469046592712 0.079642727971076965 0.085914738476276398
0.48021653294563293 0.03936472162604332 0.10264153778553009
0.53288048505783081 -0.030679007992148399 0.046472154557704926
0.4187263548374176 0.074404768645763397 0.082431092858314514
0.43750846385955811 0.095205120742321014 0.050885196775197983
0.52607458829879761 0.013502303510904312 0.089235126972198486
0.43203115463256836 0.089126907289028168 0.042001187801361084
0.40467727184295654 0.05882609635591507 0.076793789863586426
0.43175193667411804 0.093318074941635132 0.073906555771827698
0.43091928958892822 0.087928064167499542 0.09156230092048645
0.40460219979286194 0.03724583238363266 0.070728935301303864
0.42215272784233093 0.062109615653753281 0.030353240668773651
0.49577546119689941 0.047929544001817703 0.048613883554935455
0.52584379911422729 -0.028801605105400085 0.050049882382154465
0.45426163077354431 0.040598362684249878 0.029792975634336472
0.53435492515563965 0.0061614136211574078 0.084179624915122986
0.53219044208526611 -0.029484976083040237 0.091736204922199249
0.48042365908622742 -0.027678918093442917 0.080909140408039093
0.45815497636795044 0.0097941961139440536 0.080049961805343628
0.46027359366416931 0.083665497601032257 0.07880701869726181
0.40915143489837646 0.044490020722150803 0.090512946248054504
0.45421046018600464 0.08298385888338089 0.087823867797851562
0.41335135698318481 0.033855918794870377 0.088713958859443665
0.5020824670791626 -0.023135418072342873 0.042790301144123077
0.48790347576141357 0.024322342127561569 0.10486859828233719
0.45406904816627502 0.060152899473905563 0.029067136347293854
0.49071598052978516 0.05788857489824295 0.074299037456512451
0.51596355438232422 -0.036625958979129791 0.063336610794067383
0.53301280736923218 0.019873017445206642 0.078035704791545868
0.54969167709350586 -0.017161477357149124 0.070811443030834198
0.5415995717048645 -0.013588258065283298 0.053473249077796936
0.47449427843093872 0.01251566968858242 0.027805868536233902
0.5235406756401062 -0.020965104922652245 0.091323964297771454
0.52433043718338013 -0.021650899201631546 0.04942777007818222
0.46543881297111511 0.024920878931879997 0.10340799391269684
0.46980336308479309 0.053260840475559235 0.10209178179502487
0.430482417345047 0.087424181401729584 0.06282593309879303
0.46664479374885559 0.044169988483190536 0.029015311971306801
0.41009634733200073 0.031805064529180527 0.051913496106863022
0.43123453855514526 0.092749141156673431 0.08075655996799469
0.40242558717727661 0.044719934463500977 0.049425937235355377
0.43618413805961609 0.098237454891204834 0.082504145801067352
0.39350655674934387 0.050913315266370773 0.065257184207439423
0.41628959774971008 0.071675002574920654 0.040814701467752457
0.54704821109771729 -0.023811919614672661 0.050829116255044937
0.42957395315170288 0.022228209301829338 0.046906355768442154
0.53943431377410889 0.0035007237456738949 0.061609353870153427
0.5377194881439209 -0.039811756461858749 0.04570075124502182
0.41103556752204895 0.070342153310775757 0.059632197022438049
0.43069502711296082 0.010164791718125343 0.059950262308120728
0.44272914528846741 0.08607453852891922 0.097969576716423035
0.52202761173248291 -0.040334414690732956 0.059413470327854156
0.54951465129852295 -0.034726422280073166 0.056648179888725281
0.48879706859588623 -0.014267841354012489 0.03141215443611145
0.48588711023330688 0.00094176130369305611 0.030984282493591309
0.52699017524719238 -0.040981017053127289 0.05050346627831459
0.44118499755859375 0.007895125076174736 0.052365072071552277
0.47625002264976501 0.01831403560936451 0.029904304072260857
0.51847928762435913 -0.042356781661510468 0.076783657073974609
0.53081631660461426 -0.01971152238547802 0.0463285893201828
0.4293476939201355 0.036766495555639267 0.03245886042714119
0.41668862104415894 0.064800135791301727 0.03068973682820797
0.54654204845428467 -0.033532537519931793 0.071845024824142456
0.42567223310470581 0.047273397445678711 0.030812302604317665
0.51368910074234009 0.020312298089265823 0.0345880426466465
0.54443562030792236 -0.010826240293681622 0.060889121145009995
0.40935349464416504 0.039386972784996033 0.085310652852058411
0.44028317928314209 0.023164045065641403 0.098072640597820282
0.52282810211181641 -0.016546402126550674 0.041736498475074768
0.53729140758514404 -0.0030977816786617041 0.050814155489206314
0.52853542566299438 0.028088277205824852 0.060078524053096771
0.54224061965942383 -0.042792085558176041 0.054192245006561279
0.39474913477897644 0.045520592480897903 0.054296877235174179
0.46948021650314331 0.0079519124701619148 0.030574541538953781
0.48754051327705383 -0.035632632672786713 0.073932252824306488
0.46614199876785278 0.010294457897543907 0.10109618306159973
0.5131838321685791 -0.040408127009868622 0.06755547970533371
0.51321852207183838 -0.011260493658483028 0.097609907388687134
0.49442979693412781 -0.013658219017088413 0.10087702423334122
0.48739773035049438 0.03870406374335289 0.035511612892150879
0.41638854146003723 0.041883882135152817 0.097625166177749634
0.43316778540611267 0.057989452034235001 0.026825912296772003
0.41211634874343872 0.047750163823366165 0.094951815903186798
0.49684131145477295 0.015976728871464729 0.10263087600469589
0.44427263736724854 0.054908126592636108 0.029886798933148384
0.5022432804107666 0.010892034508287907 0.10267116129398346
0.42654752731323242 0.014992170035839081 0.077236950397491455
0.49348422884941101 0.0070199412293732166 0.10378843545913696
0.52372056245803833 -0.052271872758865356 0.073510907590389252
0.48472529649734497 0.007973785512149334 0.10346669703722
0.43728634715080261 0.028461728245019913 0.032986491918563843
0.48870140314102173 -0.012526283040642738 0.099447645246982574
0.49289104342460632 0.052652586251497269 0.088180989027023315
0.50656586885452271 -0.019209554418921471 0.099432818591594696
0.40492910146713257 0.059090461581945419 0.055041328072547913
0.5212094783782959 0.015058981254696846 0.035463307052850723
0.50406181812286377 0.0018125876085832715 0.10664650052785873
0.52391630411148071 -0.044144842773675919 0.065005406737327576
0.49209493398666382 0.045613996684551239 0.042646277695894241
0.51488637924194336 -0.029003685340285301 0.047859363257884979
0.53422874212265015 -0.0038502104580402374 0.087337546050548553
0.53404432535171509 -0.010365244001150131 0.057314146310091019
0.43416473269462585 0.086933411657810211 0.032064013183116913
0.51294219493865967 -0.037116564810276031 0.077130652964115143
0.45146644115447998 0.020334834232926369 0.031387634575366974
0.44352659583091736 0.027153879404067993 0.10239195823669434
0.42918488383293152 0.081251941621303558 0.10162387043237686
0.41258683800697327 0.071672163903713226 0.028959447517991066
0.4280809760093689 0.05383012443780899 0.10270495712757111
0.43617308139801025 0.043686416000127792 0.10213707387447357
0.42532351613044739 0.086196042597293854 0.08056003600358963
0.45283475518226624 0.011116431094706059 0.034693062305450439
0.48562321066856384 0.043742533773183823 0.096288837492465973
0.44693252444267273 0.012061710469424725 0.037388186901807785
0.43786647915840149 0.017341339960694313 0.044169425964355469
0.48329183459281921 -0.023761766031384468 0.044323954731225967
0.39731431007385254 0.040956556797027588 0.061290211975574493
0.44748631119728088 0.0115321334451437 0.082424871623516083
0.47063922882080078 0.078717030584812164 0.058909498155117035
0.55258846282958984 -0.025542283430695534 0.070526346564292908
0.51864326000213623 0.037244781851768494 0.072413995862007141
0.53419911861419678 0.011529963463544846 0.081600956618785858
0.52348893880844116 -0.043367821723222733 0.054617680609226227
0.5291297435760498 -0.0093203950673341751 0.044916994869709015
0.47360020875930786 0.072681993246078491 0.057239498943090439
0.50136464834213257 -0.031824372708797455 0.078066378831863403
0.54368418455123901 -0.010695880278944969 0.074049666523933411
0.4381980299949646 0.0036930786445736885 0.058792013674974442
0.50890707969665527 -0.02323082834482193 0.047265484929084778
0.4258277416229248 0.057199407368898392 0.027533566579222679
0.50350803136825562 -0.034955088049173355 0.083707608282566071
0.46790054440498352 0.060333717614412308 0.033880718052387238
0.44780987501144409 0.091169729828834534 0.090485617518424988
0.50283354520797729 -0.03883747011423111 0.073383748531341553
0.51653546094894409 -0.039250500500202179 0.051037214696407318
0.53152680397033691 -0.047434549778699875 0.073643125593662262
0.55055093765258789 -0.026867700740695 0.046099916100502014
0.54164272546768188 -0.043441537767648697 0.073806092143058777
0.4752122163772583 0.065789677202701569 0.091156363487243652
0.54569506645202637 -0.033458482474088669 0.082115165889263153
0.55779963731765747 -0.025539495050907135 0.059875011444091797
0.4014052152633667 0.039987802505493164 0.081401020288467407
0.45930388569831848 0.044877547770738602 0.027158340439200401
0.46762111783027649 0.010609852150082588 0.091422230005264282
0.54320526123046875 -0.037241309881210327 0.057794816792011261
0.46808981895446777 0.0046317996457219124 0.079671293497085571
0.42077898979187012 0.027900952845811844 0.049823161214590073
0.40261074900627136 0.056527372449636459 0.065369419753551483
0.51289528608322144 0.0090371156111359596 0.030678939074277878
0.39953708648681641 0.057604093104600906 0.073049366474151611
0.46596154570579529 0.046501524746417999 0.10512658208608627
0.51098477840423584 0.037818051874637604 0.079070314764976501
0.40308383107185364 0.054898243397474289 0.097666747868061066
0.45360532402992249 0.05213145911693573 0.027406182140111923
0.51355361938476562 -0.021921843290328979 0.096004299819469452
0.4980425238609314 0.025954123586416245 0.099431604146957397
0.48752579092979431 0.053499184548854828 0.046332892030477524
0.41615757346153259 0.043006081134080887 0.036577727645635605
0.50234651565551758 -0.031282488256692886 0.044606205075979233
0.49531710147857666 0.058803152292966843 0.067761175334453583
0.47351276874542236 0.069317899644374847 0.044448535889387131
0.53246587514877319 -0.014940381050109863 0.089023955166339874
0.42830070853233337 0.019073355942964554 0.086940750479698181
0.45854583382606506 0.020421573892235756 0.10135996341705322
0.39727991819381714 0.050609499216079712 0.053488317877054214
0.44569289684295654 0.10226510465145111 0.065468832850456238
0.46365731954574585 -0.013163634575903416 0.05385260283946991
0.43772190809249878 0.06154327467083931 0.10359200835227966
0.45150256156921387 0.036938268691301346 0.10334189981222153
0.50966322422027588 -0.036321364343166351 0.062797009944915771
0.44828835129737854 0.029621532186865807 0.029313609004020691
0.52122849225997925 -0.004537154920399189 0.045255836099386215
0.5146908164024353 0.021264329552650452 0.093982823193073273
0.46077656745910645 -0.00046985311200842261 0.063849397003650665
0.43293002247810364 0.026154134422540665 0.037107203155755997
0.4531523585319519 0.011705802753567696 0.084891870617866516
0.50304555892944336 -0.014870148152112961 0.10299897938966751
0.43119367957115173 0.088227465748786926 0.084536164999008179
0.49481877684593201 -0.021802783012390137 0.099310211837291718
0.52420896291732788 -0.044193174690008163 0.078607499599456787
0.44218465685844421 0.026624804362654686 0.035337626934051514
0.49490830302238464 0.039790820330381393 0.040073178708553314
0.46912088990211487 0.019557420164346695 0.10621826350688934
0.43332618474960327 0.063947409391403198 0.027568647637963295
0.52381229400634766 0.0023801256902515888 0.042818646878004074
0.53198647499084473 0.017314847558736801 0.071070626378059387
0.48353198170661926 -0.030855821445584297 0.085115894675254822
0.4953359067440033 0.014950455166399479 0.030556727200746536
0.51703047752380371 -0.0085324151441454887 0.043012473732233047
0.44529873132705688 0.040035054087638855 0.10300888121128082
0.53414011001586914 0.0066965064033865929 0.067314296960830688
0.41533827781677246 0.033855386078357697 0.043404333293437958
0.43431156873703003 0.030191848054528236 0.096419818699359894
0.5153501033782959 0.030751582235097885 0.049262851476669312
0.47845107316970825 0.054849583655595779 0.093335963785648346
0.5491868257522583 -0.026546476408839226 0.05674884095788002
0.52540695667266846 -0.0089041274040937424 0.095303088426589966
0.49587744474411011 0.05611063539981842 0.078105956315994263
0.47101289033889771 0.062285870313644409 0.092792294919490814
0.40831831097602844 0.034240271896123886 0.060857914388179779
0.55098634958267212 -0.023793678730726242 0.080182686448097229
0.53913086652755737 -0.005333565641194582 0.070368587970733643
0.42120489478111267 0.018768932670354843 0.059764523059129715
0.51693522930145264 -0.0052475915290415287 0.036626696586608887
0.49322965741157532 -0.033103819936513901 0.057691637426614761
0.53066557645797729 0.015357282944023609 0.054246101528406143
0.48870325088500977 -0.027296386659145355 0.093234315514564514
0.48734813928604126 -0.028848607093095779 0.048914048820734024
0.40962240099906921 0.061820659786462784 0.10048948228359222
0.54068088531494141 -0.036767218261957169 0.050686098635196686
0.44826245307922363 0.069642335176467896 0.033664096146821976
0.47890642285346985 0.0016973670572042465 0.029110485687851906
0.4283548891544342 0.064809642732143402 0.10374809801578522
0.4970821738243103 0.051235176622867584 0.056560374796390533
0.52426326274871826 0.031380347907543182 0.064479164779186249
0.403970867395401 0.058046750724315643 0.082310676574707031
0.55911839008331299 -0.02098441869020462 0.075400218367576599
0.49962973594665527 0.044547166675329208 0.084835194051265717
0.44061410427093506 0.0093532269820570946 0.068149372935295105
0.4272887110710144 0.088353678584098816 0.049750793725252151
0.52798151969909668 -0.056137166917324066 0.074286937713623047
0.41342324018478394 0.073016159236431122 0.099285684525966644
0.48436585068702698 -0.015476749278604984 0.0374419204890728
0.45550695061683655 0.085679836571216583 0.082915559411048889
0.47520899772644043 -0.020310534164309502 0.083700373768806458
0.52437394857406616 -0.0012701679952442646 0.096893809735774994
0.51741766929626465 0.001875051180832088 0.038077451288700104
0.48208284378051758 0.064588069915771484 0.077462494373321533
0.41452839970588684 0.030300630256533623 0.04793674498796463
0.46856921911239624 -0.0054297470487654209 0.070936597883701324
0.51377689838409424 0.040566485375165939 0.057113718241453171
0.50474250316619873 0.028572505339980125 0.095069393515586853
0.49359980225563049 0.044424895197153091 0.090776540338993073
0.5285264253616333 -0.0082400385290384293 0.084297917783260345
0.5099947452545166 -0.0053336853161454201 0.10487899929285049
0.47794446349143982 -0.013361768797039986 0.039747085422277451
0.52024805545806885 -0.0062917917966842651 0.029280286282300949
0.51674503087997437 -0.0015157344751060009 0.1022687628865242
0.4803088903427124 -0.01869109645485878 0.094635620713233948
0.45780828595161438 0.085431121289730072 0.053769603371620178
0.41231393814086914 0.030057812109589577 0.068417653441429138
0.50644928216934204 0.040515739470720291 0.081676043570041656
0.51980942487716675 -0.023718327283859253 0.045025013387203217
0.53841674327850342 -0.0099158547818660736 0.083478197455406189
0.45660066604614258 -0.005602644756436348 0.051785711199045181
0.46896699070930481 0.080232575535774231 0.074580468237400055
0.54370725154876709 -0.029439250007271767 0.047624330967664719
0.52551472187042236 -0.030123202130198479 0.086787298321723938
0.41808262467384338 0.078183360397815704 0.10193157196044922
0.53789651393890381 -0.038526907563209534 0.087282352149486542
0.54236441850662231 -0.030228493735194206 0.086915075778961182
0.47487607598304749 0.0066632446832954884 0.095709510147571564
0.47429382801055908 -0.011075057089328766 0.081021659076213837
0.46468383073806763 0.054034795612096786 0.10016463696956635
0.44226783514022827 0.020096251741051674 0.038866031914949417
0.49040773510932922 -0.023190710693597794 0.03990323469042778
0.44153252243995667 0.069008231163024902 0.10190622508525848
0.50159180164337158 -0.014784114435315132 0.031914990395307541
0.44367155432701111 0.0013682600110769272 0.061044570058584213
0.48032909631729126 0.01978461816906929 0.10377366095781326
0.5159456729888916 0.036154162138700485 0.067730061709880829
0.49437230825424194 -0.037427864968776703 0.062190424650907516
0.5415654182434082 -0.04354437068104744 0.048663660883903503
0.53784281015396118 -0.0040252641774713993 0.063138321042060852
0.53334647417068481 -0.048014290630817413 0.087629936635494232
0.51495164632797241 -0.012144864536821842 0.027850568294525146
0.5198250412940979 -0.036662198603153229 0.083107367157936096
0.54198527336120605 -0.043065492063760757 0.068333454430103302
0.50754249095916748 0.043672908097505569 0.051451228559017181
0.45309773087501526 0.075893640518188477 0.09457416832447052
0.43534794449806213 0.097296789288520813 0.062435675412416458
0.53801524639129639 0.0045338612981140614 0.076629482209682465
0.5215269923210144 0.023202046751976013 0.04178774356842041
0.4298645555973053 0.025454554706811905 0.090211287140846252
0.53944438695907593 -0.025045139715075493 0.046065326780080795
0.47617533802986145 -0.020637474954128265 0.042567901313304901
0.45868074893951416 0.053887296468019485 0.10183051228523254
0.46958595514297485 -0.01481184083968401 0.079144686460494995
0.45434564352035522 0.095577090978622437 0.066610105335712433
0.41944295167922974 0.070570886135101318 0.10368595272302628
0.48183020949363708 0.070699088275432587 0.062658749520778656
0.52380812168121338 -0.01552253495901823 0.086523436009883881
0.52688080072402954 0.014448489062488079 0.045903902500867844
0.48034784197807312 0.0098761767148971558 0.027303582057356834
0.47792616486549377 0.041201703250408173 0.0308518186211586
0.50815427303314209 -0.033170584589242935 0.046674221754074097
0.4287351667881012 0.070043101906776428 0.10561804473400116
0.44567838311195374 0.035297475755214691 0.028236372396349907
0.45487987995147705 8.9221903181169182e-05 0.061412166804075241
0.51377713680267334 0.025211211293935776 0.038996901363134384
0.40178844332695007 0.055601473897695541 0.044389955699443817
0.4274691641330719 0.012990057468414307 0.068076342344284058
0.44682073593139648 0.092398561537265778 0.043372001498937607
0.52911573648452759 -0.022045811638236046 0.091683395206928253
0.49028870463371277 0.057526152580976486 0.056980855762958527
0.4327639639377594 0.094426676630973816 0.054369814693927765
0.52686953544616699 0.0032547663431614637 0.09467644989490509
0.54650545120239258 -0.0084247365593910217 0.065308451652526855
0.46024394035339355 0.044280607253313065 0.10636524111032486
0.4209665060043335 0.081357277929782867 0.067953944206237793
0.49545803666114807 -0.010442377999424934 0.031590670347213745
0.51962721347808838 -0.04937608540058136 0.070897422730922699
0.51308006048202515 -0.0012789594475179911 0.028496729210019112
0.52761185169219971 0.022092219442129135 0.048267722129821777
0.47325307130813599 -0.024229863658547401 0.073127254843711853
0.4949144721031189 0.03105446882545948 0.0984639972448349
0.55043339729309082 -0.033711593598127365 0.05116654559969902
0.45781433582305908 0.031857002526521683 0.10340939462184906
0.53866362571716309 -0.016851769760251045 0.046074360609054565
0.53410613536834717 0.0023370562121272087 0.071037545800209045
0.49980700016021729 -0.038448389619588852 0.061416968703269958
0.46653485298156738 0.076470978558063507 0.081734314560890198
0.4230293333530426 0.027763057500123978 0.091444872319698334
0.50529450178146362 0.047745212912559509 0.055794376879930496
0.53272801637649536 -0.046491507440805435 0.082429587841033936
0.52784234285354614 -0.033176161348819733 0.047072380781173706
0.50371944904327393 -0.028680471703410149 0.049132537096738815
0.46237742900848389 -0.018044261261820793 0.062336266040802002
0.52956455945968628 0.025255566462874413 0.078650638461112976
0.41430339217185974 0.05229666456580162 0.10162923485040665
0.52604597806930542 0.029560746625065804 0.070614874362945557
0.52736884355545044 -0.042519163340330124 0.083170115947723389
0.45432385802268982 0.029533678665757179 0.027851492166519165
0.47091400623321533 -0.0074944817461073399 0.040073346346616745
0.44705891609191895 0.024637201800942421 0.030910002067685127
0.40782234072685242 0.059778660535812378 0.030979543924331665
0.43961620330810547 0.012220052070915699 0.075174786150455475
0.46520882844924927 0.073616161942481995 0.092265471816062927
0.53965514898300171 -0.019866552203893661 0.088464312255382538
0.52160388231277466 -0.017755484208464622 0.095166914165019989
0.48607724905014038 0.01927703432738781 0.027041139081120491
0.4403042197227478 0.038283485919237137 0.10388495773077011
0.42103061079978943 0.072137191891670227 0.029763564467430115
0.50132149457931519 0.0064750793389976025 0.10556799173355103
0.53574895858764648 -0.049978092312812805 0.069788046181201935
0.53182458877563477 -0.054256394505500793 0.079087451100349426
0.51214039325714111 -0.018510160967707634 0.045133583247661591
0.47572693228721619 -0.01424355898052454 0.088754169642925262
0.4474450945854187 0.012867938727140427 0.077126942574977875
0.41462245583534241 0.026093248277902603 0.056712280958890915
0.53009825944900513 -0.037249729037284851 0.04333534836769104
0.47660490870475769 0.043225329369306564 0.10349075496196747
0.52588874101638794 0.017259372398257256 0.093684710562229156
0.54759120941162109 -0.019785134121775627 0.081208691000938416
0.46298161149024963 0.036102067679166794 0.10374024510383606
0.54527324438095093 -0.039091888815164566 0.090026348829269409
0.46957138180732727 0.042319189757108688 0.10537493973970413
0.41655009984970093 0.02214023657143116 0.0673103928565979
0.52614700794219971 0.026574818417429924 0.082668699324131012
0.5116647481918335 -0.033269569277763367 0.053428307175636292
0.44944602251052856 0.044349309056997299 0.029810164123773575
0.50436687469482422 -0.016345547512173653 0.039927490055561066
0.51557242870330811 -0.040700539946556091 0.059026699513196945
0.49862474203109741 0.050546027719974518 0.084070459008216858
0.52694445848464966 -0.049019895493984222 0.055553097277879715
0.53123301267623901 0.017838845029473305 0.058930728584527969
0.43963846564292908 0.034981489181518555 0.030074704438447952
0.48312288522720337 0.058243896812200546 0.086326614022254944
0.43874511122703552 0.10106740146875381 0.069050818681716919
0.5238763689994812 -0.054005373269319534 0.063334822654724121
0.53534048795700073 -0.031851958483457565 0.087835855782032013
0.43655472993850708 0.019210642203688622 0.038987297564744949
0.53847974538803101 -0.0077056111767888069 0.075679518282413483
0.42798322439193726 0.089139260351657867 0.072703704237937927
0.45186552405357361 0.015703249722719193 0.094151966273784637
0.42438900470733643 0.038743000477552414 0.034801773726940155
0.492653489112854 0.023226117715239525 0.10185540467500687
0.5340501070022583 -0.044358033686876297 0.048788473010063171
0.41551065444946289 0.070826925337314606 0.063490286469459534
0.47702932357788086 0.072094649076461792 0.080398440361022949
0.45670914649963379 0.068545490503311157 0.096971333026885986
0.51478087902069092 -0.014883105643093586 0.093973107635974884
0.49538034200668335 0.030960178002715111 0.035267982631921768
0.5120888352394104 0.0056920489296317101 0.1018679216504097
0.45606425404548645 0.089978955686092377 0.070045948028564453
0.49399492144584656 0.039684880524873734 0.094138316810131073
0.43612048029899597 0.019218834117054939 0.094264119863510132
0.41594487428665161 0.032386261969804764 0.083896026015281677
0.53423118591308594 -0.025608746334910393 0.088404521346092224
0.50742429494857788 0.011056196875870228 0.10157254338264465
0.49264508485794067 -0.019963914528489113 0.032409738749265671
0.46800810098648071 -0.014279155060648918 0.045272920280694962
0.5400463342666626 -0.018465874716639519 0.054800096899271011
0.45368587970733643 0.0053257634863257408 0.069043360650539398
0.45536318421363831 0.041023261845111847 0.10376489907503128
0.43088889122009277 0.047488082200288773 0.031629350036382675
0.52705025672912598 -0.015520698390901089 0.04513753205537796
0.50579774379730225 -0.037032067775726318 0.0532674640417099
0.53638428449630737 0.010519819334149361 0.076045200228691101
0.42491176724433899 0.027348270639777184 0.045878425240516663
0.48582392930984497 0.065239310264587402 0.055603478103876114
0.47027212381362915 0.025212906301021576 0.029834914952516556
0.4012276828289032 0.049966849386692047 0.093661919236183167
0.51118659973144531 0.035259861499071121 0.089202798902988434
0.46843588352203369 -0.019566876813769341 0.069352015852928162
0.51805323362350464 -0.010353520512580872 0.031810823827981949
0.44814622402191162 0.0002185871999245137 0.05612100288271904
0.52096182107925415 -0.018600478768348694 0.046660814434289932
0.5355566143989563 -0.042655043303966522 0.09037172794342041
0.4320681095123291 0.009309220127761364 0.072817526757717133
0.5172608494758606 -0.042729340493679047 0.071209698915481567
0.42893579602241516 0.079688936471939087 0.028381548821926117
0.48032164573669434 0.0598624087870121 0.046181991696357727
0.4980161190032959 0.0072444537654519081 0.029976341873407364
0.40529385209083557 0.036637939512729645 0.08250591903924942
0.49066621065139771 0.058114126324653625 0.050112675875425339
0.49830234050750732 0.036541268229484558 0.036322068423032761
0.50543999671936035 0.047428958117961884 0.076732710003852844
0.45961636304855347 0.027854610234498978 0.027476375922560692
0.47717651724815369 0.01587827131152153 0.1065833792090416
0.42430031299591064 0.020600724965333939 0.075499005615711212
0.53271633386611938 -0.014246616512537003 0.053178414702415466
0.4552268385887146 0.093470856547355652 0.076171278953552246
0.51819700002670288 0.032411873340606689 0.057153936475515366
0.4946925938129425 0.023645073175430298 0.03233959898352623
0.45030060410499573 0.019594611600041389 0.098349586129188538
0.45670792460441589 0.014081242494285107 0.092124603688716888
0.42089790105819702 0.035825286060571671 0.041390087455511093
0.49694520235061646 0.052668791264295578 0.05047374963760376
0.47182440757751465 0.0012584800133481622 0.077465176582336426
0.49977809190750122 -0.033735565841197968 0.066927723586559296
0.41337808966636658 0.068488940596580505 0.10187613964080811
0.51678913831710815 -0.0084426840767264366 0.10054590553045273
0.51334601640701294 -0.016262538731098175 0.099078148603439331
0.51905083656311035 0.029445841908454895 0.081182830035686493
0.52586454153060913 0.0097846882417798042 0.043155595660209656
0.47554665803909302 0.047288715839385986 0.098986826837062836
0.52443158626556396 -0.010725632309913635 0.037544146180152893
0.47580739855766296 -0.001588357612490654 0.082253292202949524
0.4793732762336731 0.070506766438484192 0.054286815226078033
0.50382143259048462 -0.0084142237901687622 0.032230809330940247
0.4359360933303833 0.033028975129127502 0.10200884938240051
0.4083038866519928 0.037681739777326584 0.04565492644906044
0.53863418102264404 -0.040221434086561203 0.082328572869300842
0.52430474758148193 -0.027359073981642723 0.045301966369152069
0.54384326934814453 -0.0088523011654615402 0.055430769920349121
0.43649724125862122 0.010023743845522404 0.050187032669782639
0.52017635107040405 -0.02962101623415947 0.05194096639752388
0.52918648719787598 0.00022363223251886666 0.0482945516705513
0.48368215560913086 -0.032383795827627182 0.050758451223373413
0.46840110421180725 0.047894284129142761 0.032477419823408127
0.44809579849243164 0.070033513009548187 0.1031097024679184
0.51781827211380005 -0.029368888586759567 0.085896685719490051
0.43997207283973694 0.07958538830280304 0.031532537192106247
0.54937469959259033 -0.034875325858592987 0.065818630158901215
0.45759883522987366 0.07966197282075882 0.091716684401035309
0.40454649925231934 0.040140774101018906 0.053850021213293076
0.52502459287643433 -0.048914652317762375 0.063347943127155304
0.47445401549339294 0.010865635238587856 0.10159508883953094
0.43903520703315735 0.070030413568019867 0.029192617163062096
0.40053173899650574 0.058716811239719391 0.0878167524933815
0.42290180921554565 0.083489812910556793 0.048958417028188705
0.42502379417419434 0.077933147549629211 0.10305542498826981
0.45911943912506104 -0.0063593252561986446 0.045378372073173523
0.44199618697166443 0.087229356169700623 0.035840656608343124
0.44489374756813049 0.0050333891995251179 0.067527994513511658
0.50483667850494385 0.021498588845133781 0.034849707037210464
0.42388904094696045 0.084614358842372894 0.093136504292488098
0.47447776794433594 -0.025630412623286247 0.061910167336463928
0.4787462055683136 0.02904827892780304 0.10620328783988953
0.39778098464012146 0.041083518415689468 0.07759934663772583
0.4525102972984314 0.079598329961299896 0.041206490248441696
0.4931812584400177 -0.029921006411314011 0.08418254554271698
0.47382766008377075 0.00044351414544507861 0.087884537875652313
0.41141027212142944 0.04947257786989212 0.034132879227399826
0.49191457033157349 -0.02667791023850441 0.089258879423141479
0.54153990745544434 -0.0087345410138368607 0.06662440299987793
0.55321544408798218 -0.018460044637322426 0.054395090788602829
0.43115866184234619 0.039493557065725327 0.099459178745746613
0.51702141761779785 -0.034310072660446167 0.052590001374483109
0.45411887764930725 0.0038449263665825129 0.043103870004415512
0.50200587511062622 0.019330373033881187 0.10054045915603638
0.47447872161865234 0.0022376934066414833 0.098573729395866394
0.50066143274307251 0.043508395552635193 0.090500675141811371
0.5166657567024231 0.027446610853075981 0.086994610726833344
0.53181791305541992 0.025886321440339088 0.066092915832996368
0.50054830312728882 0.05369742214679718 0.061897773295640945
0.53579217195510864 -0.026886088773608208 0.049777291715145111
0.55628550052642822 -0.027205029502511024 0.078954800963401794
0.55088108777999878 -0.016759824007749557 0.063222937285900116
0.52902626991271973 0.018375769257545471 0.088568814098834991
0.42012861371040344 0.023778222501277924 0.06008400022983551
0.51981735229492188 0.029367506504058838 0.046626739203929901
0.47640737891197205 -0.025025507435202599 0.079000741243362427
0.47348767518997192 0.05634809285402298 0.097920253872871399
0.44095370173454285 0.051361575722694397 0.027549292892217636
0.40909409523010254 0.063693761825561523 0.034469965845346451
0.50545251369476318 0.028666524216532707 0.038984518498182297
0.43852615356445312 0.017212638631463051 0.089830771088600159
0.43140095472335815 0.092941612005233765 0.092474363744258881
0.47994077205657959 -0.023446522653102875 0.090856462717056274
0.42236998677253723 0.028067024424672127 0.085841827094554901
0.43900904059410095 0.082572683691978455 0.097928978502750397
0.51039254665374756 -0.036819208413362503 0.081902757287025452
0.41586971282958984 0.075710766017436981 0.073530256748199463
0.49510043859481812 -0.030247118324041367 0.043838474899530411
0.39731264114379883 0.055126380175352097 0.055900353938341141
0.44796612858772278 0.082926690578460693 0.096996903419494629
0.41947686672210693 0.050269141793251038 0.099542595446109772
0.48555603623390198 0.063473351299762726 0.069226071238517761
0.50061321258544922 -0.0026580686680972576 0.02686011977493763
0.41960898041725159 0.079864054918289185 0.085180200636386871
0.54732197523117065 -0.030305882915854454 0.043379750102758408
0.49252495169639587 0.042902678251266479 0.036812726408243179
0.5121656060218811 -0.0096694724634289742 0.10233671963214874
0.4272228479385376 0.065856084227561951 0.026891499757766724
0.4071727991104126 0.066076643764972687 0.084222845733165741
0.54196161031723022 -0.020591175183653831 0.04504668340086937
0.53142547607421875 0.0058133886195719242 0.052341554313898087
0.39595416188240051 0.05117599293589592 0.043703462928533554
0.47106450796127319 -0.020460134372115135 0.047643855214118958
0.46495556831359863 0.084825009107589722 0.075770370662212372
0.54860126972198486 -0.030335512012243271 0.084881588816642761
0.47915032505989075 -0.0040006861090660095 0.10218385607004166
0.41764062643051147 0.077665157616138458 0.060572616755962372
0.47711363434791565 -0.006998118944466114 0.091410040855407715
0.45902267098426819 0.088939271867275238 0.079085089266300201
0.42955243587493896 0.083950787782669067 0.032768219709396362
0.42794498801231384 0.029858071357011795 0.036983631551265717
0.4833393394947052 -0.023166857659816742 0.039152655750513077
0.50134354829788208 -0.0026984717696905136 0.10375735908746719
0.41381236910820007 0.07343553751707077 0.08164563775062561
0.41596686840057373 0.071348272264003754 0.086349107325077057
0.44428467750549316 0.096880964934825897 0.081150263547897339
0.49299043416976929 0.01277407631278038 0.10355096310377121
0.49412605166435242 0.0017008773284032941 0.02994898334145546
0.52326154708862305 -0.032658450305461884 0.044028818607330322
0.52617305517196655 -0.039843801409006119 0.088418900966644287
0.52160662412643433 0.017071342095732689 0.041098460555076599
0.46011653542518616 -0.0090827690437436104 0.057658351957798004
0.42078366875648499 0.04052899032831192 0.095325857400894165
0.47425192594528198 -0.02835427038371563 0.057245321571826935
0.49775734543800354 -0.037957474589347839 0.072572804987430573
0.40599164366722107 0.064776986837387085 0.098572701215744019
0.45676079392433167 0.064630568027496338 0.034724757075309753
0.46074181795120239 0.0050251544453203678 0.037894338369369507
0.44369184970855713 0.018468115478754044 0.098363347351551056
0.41143006086349487 0.042751409113407135 0.095205537974834442
0.46607637405395508 -0.0010391499381512403 0.071112044155597687
0.43026620149612427 0.047918900847434998 0.10402169078588486
0.39838126301765442 0.047570347785949707 0.087263815104961395
0.47206297516822815 0.0081446459516882896 0.085958920419216156
0.49049308896064758 0.035077929496765137 0.10081644356250763
0.43993780016899109 0.078863948583602905 0.10258310288190842
0.50533926486968994 0.045422777533531189 0.082137852907180786
0.47524344921112061 0.023418983444571495 0.029796957969665527
0.50753670930862427 -0.021628465503454208 0.092401348054409027
0.45811614394187927 0.05894744023680687 0.03303537517786026
0.4258686900138855 0.017780954018235207 0.066571563482284546
0.50445270538330078 0.015710256993770599 0.029370088130235672
0.45111319422721863 0.086313135921955109 0.090741977095603943
0.54779958724975586 -0.014382948167622089 0.067056030035018921
0.51938152313232422 0.032141871750354767 0.073878362774848938
0.52623587846755981 -0.048141777515411377 0.074926853179931641
0.53185993432998657 -0.010401478037238121 0.0786028653383255
0.46349796652793884 0.0054072928614914417 0.075614772737026215
0.44956699013710022 0.062178365886211395 0.10497040301561356
0.48692524433135986 -0.019212290644645691 0.095317669212818146
0.45261654257774353 0.024441234767436981 0.10097311437129974
0.4183010458946228 0.058794237673282623 0.10503558814525604
0.47802096605300903 0.067533344030380249 0.086344152688980103
0.54804211854934692 -0.031898856163024902 0.090526662766933441
0.42234650254249573 0.055192973464727402 0.10481569916009903
0.53472256660461426 -0.013698272407054901 0.083455130457878113
0.52790826559066772 -0.00047654390800744295 0.087273873388767242
0.46249520778656006 0.014791385270655155 0.032829534262418747
0.46618962287902832 0.068746380507946014 0.038068912923336029
0.43765491247177124 0.099851734936237335 0.058696560561656952
0.44046035408973694 0.096520453691482544 0.046957299113273621
0.45652297139167786 0.089075773954391479 0.060611043125391006
0.46028345823287964 0.036034759134054184 0.026780489832162857
0.51359385251998901 -0.012122621759772301 0.042461734265089035
0.44497764110565186 0.013290855102241039 0.093393035233020782
0.50935304164886475 -0.039768189191818237 0.059188809245824814
0.51812577247619629 0.010098331607878208 0.032755710184574127
0.41644307971000671 0.029315626248717308 0.079489372670650482
0.53128582239151001 -0.038285158574581146 0.087171062827110291
0.55543667078018188 -0.022024448961019516 0.064265787601470947
0.46624347567558289 0.039062261581420898 0.02818015031516552
0.49178770184516907 -0.035861123353242874 0.07673683762550354
0.53133386373519897 0.0028986723627895117 0.081284329295158386
0.48137849569320679 -0.034924823790788651 0.068217068910598755
0.52843809127807617 -0.051753725856542587 0.071182392537593842
0.51336753368377686 -0.028903914615511894 0.080456838011741638
0.4255344569683075 0.081923536956310272 0.040357254445552826
0.53730857372283936 0.0043190950527787209 0.054742809385061264
0.42435160279273987 0.080633491277694702 0.071559414267539978
0.46133333444595337 0.027343479916453362 0.10630711913108826
0.43091362714767456 0.06072528287768364 0.10671465843915939
0.47883331775665283 0.073314495384693146 0.071480520069599152
0.44240438938140869 0.014391257427632809 0.084413208067417145
0.52780503034591675 -0.044334821403026581 0.046905010938644409
0.52086108922958374 -0.047582361847162247 0.05504835769534111
0.40379485487937927 0.053296208381652832 0.039857864379882812
0.43694686889648438 0.094597041606903076 0.072167567908763885
0.52872180938720703 -0.011471549049019814 0.092617347836494446
0.50444704294204712 0.038908153772354126 0.041922736912965775
0.4653838574886322 0.081619434058666229 0.051279235631227493
0.43330270051956177 0.086926542222499847 0.09828978031873703
0.44946271181106567 0.014478497207164764 0.08722560852766037
0.55756717920303345 -0.021146398037672043 0.056964147835969925
0.43713167309761047 0.0823969766497612 0.034738294780254364
0.55445420742034912 -0.020102502778172493 0.069638639688491821
0.44896584749221802 0.053639575839042664 0.10644072294235229
0.47959220409393311 0.029665140435099602 0.030624518170952797
0.41682755947113037 0.076750703155994415 0.041349604725837708
0.44323226809501648 0.065482616424560547 0.031166931614279747
0.53972345590591431 -0.035364355891942978 0.04482804611325264
0.53454363346099854 -0.0072088530287146568 0.051963336765766144
0.50848883390426636 0.03599860891699791 0.048008017241954803
0.45348751544952393 0.067822843790054321 0.10136236995458603
0.47949174046516418 -0.025435874238610268 0.050417985767126083
0.5391121506690979 -0.046261448413133621 0.052553113549947739
0.45490807294845581 0.083594687283039093 0.047093611210584641
0.40813347697257996 0.062652610242366791 0.069405026733875275
0.43149802088737488 0.024553768336772919 0.042819149792194366
0.45817825198173523 0.010474581271409988 0.095442324876785278
0.53389346599578857 0.001817646436393261 0.060997769236564636
0.49734446406364441 0.035315040498971939 0.095022223889827728
0.4617016613483429 -0.0054928991012275219 0.064602948725223541
0.51734256744384766 -0.022071622312068939 0.086614154279232025
0.43753805756568909 0.099718242883682251 0.05289747565984726
0.52184998989105225 -0.029815744608640671 0.090180724859237671
0.51984584331512451 0.020429512485861778 0.091079249978065491
0.51304501295089722 0.036921888589859009 0.049904182553291321
0.5493813157081604 -0.018534282222390175 0.057501628994941711
0.53465777635574341 -0.0042345067486166954 0.068419374525547028
0.49454343318939209 -0.033997878432273865 0.067606188356876373
0.52342128753662109 -0.048755738884210587 0.080302245914936066
0.41575613617897034 0.071091614663600922 0.052578069269657135
0.44491115212440491 0.09864334762096405 0.048928823322057724
0.51540869474411011 -0.034661978483200073 0.086062237620353699
0.41203206777572632 0.06697767972946167 0.073931783437728882
0.52424013614654541 -0.050693832337856293 0.068349391222000122
0.4093305766582489 0.068446040153503418 0.050897493958473206
0.47902747988700867 -0.0056308489292860031 0.031476203352212906
0.48366782069206238 0.013746548444032669 0.10376387089490891
0.4063040018081665 0.032714065164327621 0.06838681548833847
0.4660736620426178 0.059939589351415634 0.10066428780555725
0.44934266805648804 0.077474825084209442 0.03782692551612854
0.48756375908851624 -0.0061393333598971367 0.10126650333404541
0.50867903232574463 -0.011161074973642826 0.038072790950536728
0.50701248645782471 -0.00068343000020831823 0.10361562669277191
0.5165981650352478 -0.017152274027466774 0.035461168736219406
0.49761694669723511 -0.021474592387676239 0.095293968915939331
0.46257215738296509 0.0078956428915262222 0.084126658737659454
0.46396544575691223 0.081763826310634613 0.058418188244104385
0.46884295344352722 0.0035284252371639013 0.034920644015073776
0.46410003304481506 0.015359112061560154 0.10088028758764267
0.42378643155097961 0.029851904138922691 0.039669424295425415
0.47016936540603638 0.081486783921718597 0.067763075232505798
0.45666402578353882 0.014145972207188606 0.035080689936876297
0.44482529163360596 0.016366554424166679 0.036390975117683411
0.50790309906005859 -0.031036106869578362 0.08944324404001236
0.49015024304389954 0.0099738109856843948 0.029806166887283325
0.47839587926864624 0.072958916425704956 0.05937393382191658
0.48811241984367371 -0.033253639936447144 0.064635798335075378
0.47744974493980408 0.035274222493171692 0.10536792129278183
0.53948187828063965 0.0046706921420991421 0.06635681539773941
0.52456742525100708 0.022277859970927238 0.084548987448215485
0.46384343504905701 -0.013413455337285995 0.048938259482383728
0.42683708667755127 0.087864100933074951 0.066047146916389465
0.54678481817245483 -0.020311811938881874 0.047382254153490067
0.47423937916755676 0.062985777854919434 0.043765414506196976
0.50766670703887939 -0.033288411796092987 0.068338997662067413
0.479442298412323 0.048897147178649902 0.096520870923995972
0.54631751775741577 -0.038254376500844955 0.08067706972360611
0.43994912505149841 0.097930103540420532 0.079170428216457367
0.53677475452423096 -0.044357415288686752 0.076418735086917877
0.55380356311798096 -0.0212236437946558 0.074462883174419403
0.53759914636611938 -0.047918405383825302 0.08236607164144516
0.53107112646102905 -0.055164605379104614 0.068872056901454926
0.54482972621917725 -0.014298174530267715 0.077466048300266266
0.48803296685218811 0.034175001084804535 0.033835086971521378
0.53780496120452881 -0.017808703705668449 0.079822450876235962
0.51337909698486328 0.034075319766998291 0.081999227404594421
0.5183597207069397 -0.025089699774980545 0.040585674345493317
0.48353868722915649 -0.034359823912382126 0.057372603565454483
0.39098247885704041 0.04620000347495079 0.065478600561618805
0.41314524412155151 0.026079550385475159 0.073925793170928955
0.4803328812122345 0.020990313962101936 0.026834197342395782
0.50043070316314697 -0.026824932545423508 0.088846273720264435
0.43402987718582153 0.091353535652160645 0.057916965335607529
0.53705328702926636 0.0088234106078743935 0.058153972029685974
0.40798294544219971 0.066981121897697449 0.093513555824756622
0.43663841485977173 0.07647252082824707 0.02921711839735508
0.53818339109420776 -0.033669382333755493 0.091417513787746429
0.52103060483932495 -0.038986071944236755 0.052843905985355377
0.46360868215560913 0.030221564695239067 0.029865112155675888
0.53015494346618652 -0.04767175018787384 0.063028044998645782
0.52870261669158936 0.018755484372377396 0.044615879654884338
0.44324466586112976 0.10347255319356918 0.077396191656589508
0.43535900115966797 0.012046012096107006 0.08356061577796936
0.4810822606086731 -0.0091989357024431229 0.035698425024747849
0.51311904191970825 0.0038659402634948492 0.032280925661325455
0.44298595190048218 0.052942521870136261 0.10375754535198212
0.47120657563209534 0.071943432092666626 0.088480338454246521
0.52001780271530151 -0.045730557292699814 0.067383863031864166
0.51410847902297974 -0.034241676330566406 0.072265923023223877
0.47663021087646484 -0.027915820479393005 0.069169789552688599
0.45631328225135803 0.012031816877424717 0.076187483966350555
0.52575480937957764 0.0099925510585308075 0.038332544267177582
0.42448633909225464 0.080787584185600281 0.078478418290615082
0.52597081661224365 0.0085062300786375999 0.095194339752197266
0.53367555141448975 0.0098442407324910164 0.061736010015010834
0.55099242925643921 -0.024492163211107254 0.061821859329938889
0.47594892978668213 0.075787805020809174 0.068258926272392273
0.48645505309104919 0.052250757813453674 0.093291513621807098
0.53731489181518555 -0.021152952685952187 0.047951590269804001
0.52667641639709473 -0.023654207587242126 0.087795935571193695
0.49527496099472046 -0.024257563054561615 0.041063744574785233
0.52413952350616455 0.0296949353069067 0.054177265614271164
0.50911796092987061 -0.040324613451957703 0.070952817797660828
0.42895606160163879 0.090199217200279236 0.04555099830031395
0.50260865688323975 0.04370461031794548 0.045181211084127426
0.41091015934944153 0.056420635432004929 0.10231171548366547
0.47088485956192017 0.023244285956025124 0.10367683321237564
0.43638622760772705 0.0059646242298185825 0.067382209002971649
0.53921025991439819 -0.043368887156248093 0.04282301664352417
0.43644964694976807 0.094025924801826477 0.042977515608072281
0.49666029214859009 -0.032493524253368378 0.077308893203735352
0.48015159368515015 0.060599237680435181 0.091852620244026184
0.54479742050170898 -0.03377939760684967 0.051286879926919937
0.50975388288497925 -0.0046995058655738831 0.027889695018529892
0.53216111660003662 -0.053961127996444702 0.061638481914997101
0.4955180287361145 -0.0088281659409403801 0.10238883644342422
0.39292168617248535 0.049378763884305954 0.05187523365020752
0.43248087167739868 0.018599413335323334 0.048127617686986923
0.52223461866378784 0.024450717493891716 0.088807933032512665
0.40461286902427673 0.033926472067832947 0.074520640075206757
0.41046574711799622 0.065219081938266754 0.0414000004529953
0.49889183044433594 -0.033925991505384445 0.084513887763023376
0.53975492715835571 -0.0040703816339373589 0.0785369873046875
0.52919507026672363 0.0054129413329064846 0.086200118064880371
0.53363078832626343 0.0087710544466972351 0.072537787258625031
0.53094536066055298 0.0036401269026100636 0.043541323393583298
0.42582717537879944 0.043505623936653137 0.099125750362873077
0.54583364725112915 -0.022515671327710152 0.087903231382369995
0.42267614603042603 0.083265520632266998 0.086923353374004364
0.42049553990364075 0.076347984373569489 0.055858742445707321
0.4242222011089325 0.020859746262431145 0.0845956951379776
0.48248803615570068 0.065938673913478851 0.062070094048976898
0.43738573789596558 0.0083236321806907654 0.059652909636497498
0.49412515759468079 0.0022099283523857594 0.10669791698455811
0.52649587392807007 -0.004975026473402977 0.088029243052005768
0.48434171080589294 0.0018269947031512856 0.10250358283519745
0.41687929630279541 0.069841518998146057 0.026990689337253571
0.42577892541885376 0.016599757596850395 0.057516932487487793
0.52180194854736328 -0.038318067789077759 0.087263800203800201
0.53976953029632568 -0.014576435089111328 0.075138159096240997
0.50920766592025757 0.04123556986451149 0.074204482138156891
0.42026412487030029 0.076116003096103668 0.091916203498840332
0.42526265978813171 0.081661738455295563 0.098322637379169464
0.40642732381820679 0.060746680945158005 0.048122365027666092
0.55134338140487671 -0.032696399837732315 0.06054186075925827
0.46836629509925842 0.052535362541675568 0.034059792757034302
0.42477446794509888 0.081075742840766907 0.03258340060710907
0.50433379411697388 -0.03958139568567276 0.062790349125862122
0.54528927803039551 -0.020645095035433769 0.076494060456752777
0.48652181029319763 0.064136728644371033 0.079086892306804657
0.47515231370925903 -0.022314585745334625 0.088143788278102875
0.49888530373573303 -0.032151270657777786 0.055791296064853668
0.4510214626789093 0.093177363276481628 0.082885079085826874
0.54862719774246216 -0.031216083094477654 0.078984737396240234
0.52340996265411377 -0.033960379660129547 0.080998316407203674
0.47862404584884644 -0.013642809353768826 0.09691503643989563
0.54591941833496094 -0.038700200617313385 0.074133813381195068
0.4364854097366333 0.094094067811965942 0.084790162742137909
0.46870815753936768 0.014675945043563843 0.10176327079534531
0.52623623609542847 -0.039453409612178802 0.079160220921039581
0.47399067878723145 -0.0041616195812821388 0.032783534377813339
0.51348412036895752 0.020577516406774521 0.098969638347625732
0.44413149356842041 0.044809702783823013 0.030075579881668091
0.50288623571395874 0.036616552621126175 0.094773605465888977
0.53089553117752075 -0.048165205866098404 0.053084596991539001
0.52300453186035156 -0.0049414420500397682 0.092221423983573914
0.52910041809082031 -0.027853284031152725 0.046094339340925217
0.51284211874008179 0.042842581868171692 0.066599860787391663
0.52998477220535278 -0.00037117418833076954 0.091719441115856171
0.46446198225021362 0.075617864727973938 0.04251360148191452
0.44716468453407288 0.044910319149494171 0.10368028283119202
0.51643216609954834 -0.046197026968002319 0.074312254786491394
0.49023672938346863 -0.034873258322477341 0.054495271295309067
0.40282431244850159 0.043667860329151154 0.044451482594013214
0.46879541873931885 0.030227700248360634 0.10376523435115814
0.53614026308059692 0.014132445678114891 0.062211468815803528
0.41718104481697083 0.036405991762876511 0.089764431118965149
0.48641303181648254 0.03536277636885643 0.1031704768538475
0.55032002925872803 -0.018290195614099503 0.075828775763511658
0.4940357506275177 0.055749185383319855 0.063668817281723022
0.40920963883399963 0.037532597780227661 0.051015429198741913
0.51005423069000244 0.015050110407173634 0.1020972728729248
0.46198746562004089 0.060845684260129929 0.098402269184589386
0.45439779758453369 0.0064041623845696449 0.037370182573795319
0.43458095192909241 0.047883566468954086 0.028730792924761772
0.54251039028167725 -0.0057144579477608204 0.074273847043514252
0.52103430032730103 -0.010493077337741852 0.0976882204413414
0.53656750917434692 -0.014634348452091217 0.049661509692668915
0.53599464893341064 -0.049713604152202606 0.05828707292675972
0.4983079731464386 0.052220948040485382 0.079683229327201843
0.47993487119674683 0.065687969326972961 0.054196637123823166
0.43728667497634888 0.034058317542076111 0.034042995423078537
0.49727550148963928 -0.019846946001052856 0.033290177583694458
0.4630100429058075 0.07067040354013443 0.041653040796518326
0.49187389016151428 -0.0065740379504859447 0.028306899592280388
0.48162662982940674 0.051414825022220612 0.039817683398723602
0.50086408853530884 0.052460066974163055 0.068726569414138794
0.54529023170471191 -0.011353547684848309 0.069692887365818024
0.52175319194793701 0.008368389680981636 0.099430330097675323
0.54037797451019287 -0.018860310316085815 0.083942539989948273
0.44972091913223267 0.038310468196868896 0.030229927971959114
0.4359762966632843 0.060274112969636917 0.029793953523039818
0.51672279834747314 -0.041980985552072525 0.063379339873790741
0.45721068978309631 0.050591930747032166 0.10588586330413818
0.39591595530509949 0.049108114093542099 0.069182060658931732
0.51451939344406128 0.011557715944945812 0.099248811602592468
0.51809269189834595 -0.04293949156999588 0.081404350697994232
0.49160787463188171 0.055826909840106964 0.084110192954540253
0.39307212829589844 0.045611727982759476 0.074364945292472839
0.44974470138549805 0.064373515546321869 0.029266590252518654
0.4474368691444397 0.005933582317084074 0.047134324908256531
0.50897204875946045 -0.035553969442844391 0.057213589549064636
0.53974217176437378 0.0028934413567185402 0.071259215474128723
0.42184317111968994 0.080542191863059998 0.10534566640853882
0.44826039671897888 0.096436522901058197 0.07327541708946228
0.54399293661117554 -0.036348506808280945 0.086477391421794891
0.45012235641479492 0.08351442962884903 0.042654041200876236
0.51709383726119995 -0.034457478672266006 0.07614966481924057
0.43867242336273193 0.067196011543273926 0.10524673014879227
0.40829429030418396 0.04645305871963501 0.041985247284173965
0.54202097654342651 -0.02815774641931057 0.043172597885131836
0.54089653491973877 -0.039796508848667145 0.064009808003902435
0.42601394653320312 0.082466937601566315 0.057695545256137848
0.53003066778182983 -0.0044595492072403431 0.050702489912509918
0.45313215255737305 0.094397589564323425 0.054774299263954163
0.54471093416213989 -0.017601575702428818 0.053102560341358185
0.40677481889724731 0.04289032518863678 0.046777132898569107
0.53053271770477295 -0.048804599791765213 0.079046972095966339
0.42148539423942566 0.081928625702857971 0.062251277267932892
0.51057159900665283 0.044785723090171814 0.070819497108459473
0.46066823601722717 0.00082887470489367843 0.040744129568338394
0.55090296268463135 -0.026396067813038826 0.051951337605714798
0.51231920719146729 0.043076019734144211 0.061882492154836655
0.53042310476303101 -0.030044980347156525 0.087063394486904144
0.40782696008682251 0.066786453127861023 0.061601147055625916
0.40080982446670532 0.058993443846702576 0.04137430340051651
0.51772522926330566 0.037676345556974411 0.059410210698843002
0.47459232807159424 -0.016422368586063385 0.041453290730714798
0.54468280076980591 -0.036992944777011871 0.04220324382185936
0.4129180908203125 0.067942023277282715 0.047676581889390945
0.39912256598472595 0.046360261738300323 0.045183580368757248
0.46149149537086487 0.02206968329846859 0.10453642904758453
0.40050587058067322 0.041000019758939743 0.071131139993667603
0.52601426839828491 -0.053957995027303696 0.057472649961709976
0.53440332412719727 -0.042704418301582336 0.080290399491786957
0.44219797849655151 0.060144878923892975 0.10335922986268997
0.5141339898109436 -0.041912980377674103 0.078321196138858795
0.40669572353363037 0.058146338909864426 0.1014745905995369
0.52405864000320435 -0.020411327481269836 0.039374358952045441
0.53278160095214844 -0.030439915135502815 0.041851826012134552
0.39809814095497131 0.051523603498935699 0.063794538378715515
0.46642419695854187 0.049836929887533188 0.10103069990873337
0.49900943040847778 0.024495165795087814 0.033923961222171783
0.48951578140258789 0.064027853310108185 0.066034205257892609
0.48310720920562744 0.028436042368412018 0.10261014848947525
0.48569828271865845 -0.029059594497084618 0.090172633528709412
0.39970794320106506 0.057785943150520325 0.061973139643669128
0.45260787010192871 -0.0028245425783097744 0.053617093712091446
0.49798142910003662 -0.014252803288400173 0.029082844033837318
0.39803105592727661 0.051460415124893188 0.08020985871553421
0.43761774897575378 0.052889920771121979 0.10571520775556564
0.44087740778923035 0.060900293290615082 0.03012394905090332
0.52026557922363281 -0.038166940212249756 0.047057047486305237
0.49722003936767578 -0.016367131844162941 0.10335955768823624
0.43291926383972168 0.011673753149807453 0.053748160600662231
0.39334487915039062 0.050743162631988525 0.078568592667579651
0.5598875880241394 -0.023221692070364952 0.064362585544586182
0.47962421178817749 -0.014617711305618286 0.035642150789499283
0.43431404232978821 0.092597551643848419 0.034926339983940125
0.49976465106010437 -0.015399367548525333 0.036100961267948151
0.48596006631851196 -0.033322088420391083 0.081369206309318542
0.40452462434768677 0.043900109827518463 0.090898729860782623
0.47177219390869141 -0.007013482041656971 0.077129371464252472
0.42903128266334534 0.085812583565711975 0.058646131306886673
0.55234342813491821 -0.013104706071317196 0.069064527750015259
0.39772361516952515 0.055605031549930573 0.089717768132686615
0.53296971321105957 -0.0097355833277106285 0.047593921422958374
0.51326650381088257 -0.036722663789987564 0.059203363955020905
0.53340959548950195 -0.039173629134893417 0.047169867902994156
0.46289670467376709 0.024087477475404739 0.030554672703146935
0.50790315866470337 0.023990890011191368 0.09610835462808609
0.53233051300048828 -0.052390407770872116 0.050822369754314423
0.54918777942657471 -0.012180367484688759 0.0597805455327034
0.50478297472000122 -0.027497073635458946 0.042073838412761688
0.40967759490013123 0.068817548453807831 0.031502719968557358
0.45581009984016418 0.03706088662147522 0.026863260194659233
0.5343514084815979 -0.0067244456149637699 0.061876740306615829
0.51970469951629639 -0.024355487897992134 0.083410285413265228
0.47887822985649109 0.068073131144046783 0.075873948633670807
0.44649574160575867 0.08042067289352417 0.035462010651826859
0.48848810791969299 -0.02299945056438446 0.097760990262031555
0.53867959976196289 -0.046734504401683807 0.061981026083230972
0.41817411780357361 0.025755766779184341 0.07430528849363327
0.51666635274887085 -0.0043031666427850723 0.031547889113426208
0.40943443775177002 0.051048319786787033 0.099270835518836975
0.53923302888870239 -0.0081797335296869278 0.060045879334211349
0.44218051433563232 0.088203012943267822 0.092841565608978271
0.41129431128501892 0.028214545920491219 0.062001872807741165
0.53274446725845337 0.010607220232486725 0.056698895990848541
0.42739298939704895 0.088502973318099976 0.099223971366882324
0.47517594695091248 0.068354249000549316 0.082280442118644714
0.5060083270072937 0.047988999634981155 0.063957758247852325
0.43204724788665771 0.053337663412094116 0.10568882524967194
0.44452467560768127 0.072266563773155212 0.033385470509529114
0.53847253322601318 -0.046960175037384033 0.06768982857465744
0.51944833993911743 0.02414606511592865 0.045749608427286148
0.55077540874481201 -0.033316995948553085 0.073836416006088257
0.45129799842834473 0.0016130321891978383 0.048156768083572388
0.50583475828170776 -0.012997811660170555 0.030991487205028534
0.53277790546417236 0.012572493404150009 0.049453321844339371
0.43484750390052795 0.025267483666539192 0.097657300531864166
0.53387731313705444 0.011121729388833046 0.068629808723926544
0.44568330049514771 0.0093909716233611107 0.068639114499092102
0.51833724975585938 -0.019260523840785027 0.041950620710849762
0.42564272880554199 0.03327932208776474 0.097473002970218658
0.55487173795700073 -0.028783975169062614 0.061841730028390884
0.50917351245880127 0.029455672949552536 0.095864817500114441
0.50547689199447632 -0.028183620423078537 0.084677480161190033
0.48029276728630066 0.0059234211221337318 0.030993307009339333
0.47279566526412964 0.052765626460313797 0.035927452147006989
0.43038910627365112 0.016551673412322998 0.079120062291622162
0.50907814502716064 0.012965080328285694 0.033063635230064392
0.54134804010391235 -0.043759223073720932 0.087017230689525604
0.52848559617996216 0.02473396435379982 0.069422304630279541
0.51699036359786987 -0.004775085486471653 0.097855478525161743
0.47011283040046692 0.0068531855940818787 0.092057988047599792
0.44210413098335266 0.0049695493653416634 0.056833364069461823
0.40181726217269897 0.060146402567625046 0.09436354786157608
0.41376742720603943 0.068906478583812714 0.08124174177646637
0.50462156534194946 0.035378895699977875 0.039062067866325378
0.45833617448806763 0.0052899569272994995 0.069163106381893158
0.42802643775939941 0.08470752090215683 0.071695461869239807
0.50771242380142212 -0.031832709908485413 0.076010502874851227
0.45629602670669556 0.058021355420351028 0.10129802674055099
0.53713035583496094 -0.0048024258576333523 0.08361855149269104
0.41931077837944031 0.075048558413982391 0.076420426368713379
0.41017851233482361 0.037119291722774506 0.089158505201339722
0.46180939674377441 0.084483705461025238 0.050656169652938843
0.40685749053955078 0.052816901355981827 0.095147967338562012
0.54413074254989624 -0.014051783829927444 0.0574837327003479
0.50407946109771729 -0.024656381458044052 0.090456955134868622
0.46879294514656067 0.038344375789165497 0.10309721529483795
0.47672206163406372 0.051524963229894638 0.033458758145570755
0.53472280502319336 -0.034215245395898819 0.084013417363166809
0.40289941430091858 0.056842975318431854 0.058895029127597809
0.52586394548416138 -0.011714497581124306 0.047293733805418015
0.47668284177780151 0.021021628752350807 0.10678252577781677
0.51121222972869873 0.029601534828543663 0.043756786733865738
0.54489004611968994 -0.035366810858249664 0.067691028118133545
0.46166315674781799 0.047458581626415253 0.10265302658081055
0.44035682082176208 0.09551268070936203 0.087780073285102844
0.45241063833236694 0.0032529563177376986 0.063514880836009979
0.40862467885017395 0.067674875259399414 0.067612431943416595
0.41799148917198181 0.061400428414344788 0.027994858101010323
0.45366629958152771 0.092165037989616394 0.063661195337772369
0.46673935651779175 -0.0069297566078603268 0.038193657994270325
0.46804934740066528 -0.014442604966461658 0.068898364901542664
0.52789014577865601 -0.014560173265635967 0.088226594030857086
0.41199600696563721 0.071392692625522614 0.038774773478507996
0.47882920503616333 -0.024448098614811897 0.044611271470785141
0.5167924165725708 -0.047729101032018661 0.064175620675086975
0.51693993806838989 0.00086670269956812263 0.033279784023761749
0.51348257064819336 -0.030534369871020317 0.085362546145915985
0.49435544013977051 0.04898964986205101 0.085251867771148682
0.53424006700515747 -0.024191338568925858 0.04650019109249115
0.46459391713142395 0.086278535425662994 0.062886610627174377
0.53108561038970947 -0.048932034522294998 0.06857096403837204
0.43076974153518677 0.020974241197109222 0.091630212962627411
0.49911278486251831 0.014957597479224205 0.028062660247087479
0.53318488597869873 0.0074785039760172367 0.047902196645736694
0.47917792201042175 -0.0034703277051448822 0.093753144145011902
0.50707858800888062 0.038848090916872025 0.088249377906322479
0.46181657910346985 -0.010461990721523762 0.045538198202848434
0.46163696050643921 0.052574794739484787 0.032063093036413193
0.46748921275138855 0.07566358894109726 0.051891040056943893
0.44702062010765076 0.0050407326780259609 0.063473060727119446
0.39488980174064636 0.04671081155538559 0.083641231060028076
0.50854134559631348 -0.040506388992071152 0.064569219946861267
0.50460433959960938 -0.0058410344645380974 0.02685270830988884
0.54194265604019165 -0.025260131806135178 0.090055510401725769
0.47509089112281799 0.062446057796478271 0.039377804845571518
0.43378487229347229 0.035903062671422958 0.031337250024080276
0.45918601751327515 -0.011538606137037277 0.052548982203006744
0.47770348191261292 -0.030231252312660217 0.078393615782260895
0.54915601015090942 -0.029822025448083878 0.049189411103725433
0.49314597249031067 0.04944966733455658 0.09132549911737442
0.53623300790786743 -0.022070087492465973 0.085852757096290588
0.50109356641769409 -0.031546693295240402 0.08855476975440979
0.51414269208908081 -0.026683920994400978 0.092725962400436401
0.47504839301109314 -0.029632421210408211 0.064094036817550659
0.42997428774833679 0.055395152419805527 0.030310774222016335
0.48471909761428833 0.021512385457754135 0.10341391712427139
0.54082673788070679 -0.001053808256983757 0.061396315693855286
0.48289799690246582 0.036399304866790771 0.10058362782001495
0.49161824584007263 0.061772141605615616 0.07155107706785202
0.52001333236694336 0.013582099229097366 0.095826730132102966
0.55432456731796265 -0.029383150860667229 0.072741501033306122
0.40390390157699585 0.062452033162117004 0.083147048950195312
0.47825554013252258 0.012874080799520016 0.030216295272111893
0.52421277761459351 -0.025272510945796967 0.083936393260955811
0.41908052563667297 0.053976334631443024 0.03279634565114975
0.40755024552345276 0.066475726664066315 0.05582660436630249
0.47522673010826111 0.075680330395698547 0.075376182794570923
0.44317895174026489 0.015733493492007256 0.090020544826984406
0.4519687294960022 0.07501896470785141 0.034428671002388
0.39981934428215027 0.040974199771881104 0.05209774523973465
0.42585057020187378 0.023327313363552094 0.044151034206151962
0.41808629035949707 0.078151419758796692 0.049092143774032593
0.49150305986404419 0.049207083880901337 0.045572806149721146
0.48671084642410278 0.04420553520321846 0.034331545233726501
0.54483389854431152 -0.039920952171087265 0.048664327710866928
0.51550430059432983 -0.045341100543737411 0.059246860444545746
0.47402381896972656 0.050850380212068558 0.10152017325162888
0.46212640404701233 0.067490130662918091 0.034926105290651321
0.46238186955451965 0.078854404389858246 0.045590423047542572
0.47569707036018372 0.056472942233085632 0.036170870065689087
0.4240436851978302 0.073529660701751709 0.1036076694726944
0.4906349778175354 0.040671486407518387 0.098312459886074066
0.4918612539768219 0.013997507281601429 0.027315111830830574
0.43211179971694946 0.093712091445922852 0.066694721579551697
0.50691568851470947 -0.022842954844236374 0.096862636506557465
0.50934737920761108 -0.0010437460150569677 0.031413670629262924
0.43392279744148254 0.095735698938369751 0.090077422559261322
0.43799495697021484 0.012642018496990204 0.043719824403524399
0.49347269535064697 -0.031531691551208496 0.052721813321113586
0.44835910201072693 0.022594917565584183 0.03465702012181282
0.47995680570602417 0.068380154669284821 0.070436909794807434
0.49252304434776306 -0.037139333784580231 0.07055925577878952
0.43019768595695496 0.014401516877114773 0.061409786343574524
0.45921650528907776 0.074201904237270355 0.038305375725030899
0.44582009315490723 0.030719149857759476 0.10101144760847092
0.53949177265167236 -0.041358344256877899 0.057395022362470627
0.53325754404067993 -0.052749525755643845 0.055900666862726212
0.50515002012252808 -0.025303864851593971 0.046081315726041794
0.46836128830909729 -0.024003028869628906 0.067169502377510071
0.42016783356666565 0.019812621176242828 0.068936929106712341
0.41392666101455688 0.073544867336750031 0.056182704865932465
0.51535934209823608 -0.023756781592965126 0.047502249479293823
0.48033156991004944 0.063213102519512177 0.083041049540042877
0.39368128776550293 0.04304002970457077 0.070787772536277771
0.43238943815231323 0.040637411177158356 0.033240757882595062
0.47413095831871033 0.03482745960354805 0.028209263458848
0.40157791972160339 0.040498040616512299 0.060128342360258102
0.46202608942985535 -0.013601669110357761 0.063668161630630493
0.42135214805603027 0.024036476388573647 0.077623762190341949
0.5137520432472229 0.03717360645532608 0.074060060083866119
0.52407944202423096 0.026322392746806145 0.078375868499279022
0.48306635022163391 -0.034856162965297699 0.073012188076972961
0.44539254903793335 0.013724431395530701 0.04141075536608696
0.44394871592521667 0.076181001961231232 0.10223173350095749
0.51195275783538818 -0.00098712497856467962 0.10167446732521057
0.46036592125892639 0.090262092649936676 0.06899995356798172
0.50199848413467407 0.00033868278842419386 0.029821304604411125
0.54636567831039429 -0.015722651034593582 0.082842528820037842
0.55013543367385864 -0.022073464468121529 0.05436314269900322
0.48828685283660889 0.058780882507562637 0.085662856698036194
0.45054167509078979 0.048641115427017212 0.029855163767933846
0.52455329895019531 -0.00059456925373524427 0.046014584600925446
0.41107121109962463 0.042049963027238846 0.039087217301130295
0.46174880862236023 0.084555633366107941 0.071951247751712799
0.52862918376922607 -0.037961568683385849 0.047719024121761322
0.52288460731506348 -0.033736422657966614 0.085434854030609131
0.4108893871307373 0.033329963684082031 0.077238902449607849
0.39470350742340088 0.052245277911424637 0.072597943246364594
0.5288769006729126 0.024157434701919556 0.062431704252958298
0.45557409524917603 0.021469110623002052 0.032683152705430984
0.45986500382423401 0.040815599262714386 0.10365724563598633
0.47099447250366211 0.0081382431089878082 0.10132325440645218
0.53933453559875488 -0.01184576004743576 0.063181683421134949
0.46927160024642944 0.061738304793834686 0.098218515515327454
0.50059729814529419 -0.024529537186026573 0.037815101444721222
0.4746529757976532 0.047550607472658157 0.032027803361415863
0.53787851333618164 -0.0036572858225554228 0.058747574687004089
0.51671683788299561 -0.032382924109697342 0.045706246048212051
0.43390673398971558 0.015205700881779194 0.044949345290660858
0.41735333204269409 0.062618687748908997 0.10253960639238358
0.47011604905128479 0.056583568453788757 0.033258803188800812
0.45924621820449829 0.062883719801902771 0.1020454466342926
0.46524044871330261 0.067479357123374939 0.096921071410179138
0.45474812388420105 0.055702559649944305 0.031302612274885178
0.48195433616638184 -0.0016530632274225354 0.032495904713869095
0.45629587769508362 0.017102582380175591 0.099554426968097687
0.53778892755508423 -0.023447329178452492 0.090205691754817963
0.44217038154602051 0.041453182697296143 0.027683617547154427
0.50305062532424927 -0.015931703150272369 0.098733797669410706
0.52878296375274658 -0.018528424203395844 0.042441625148057938
0.4412311315536499 0.1038217768073082 0.066697016358375549
0.42695915699005127 0.087983280420303345 0.042325008660554886
0.44281670451164246 0.090389706194400787 0.042905181646347046
0.40089663863182068 0.05000489205121994 0.040087532252073288
0.51523470878601074 0.017432881519198418 0.037521373480558395
0.52738893032073975 -0.040998600423336029 0.054874978959560394
0.48075222969055176 0.037343475967645645 0.032659579068422318
0.53287810087203979 0.016703253611922264 0.081309452652931213
0.44888219237327576 0.089327171444892883 0.086069092154502869
0.44307771325111389 0.047472506761550903 0.10360057651996613
0.42620906233787537 0.082705222070217133 0.089943505823612213
0.48046433925628662 0.007166269700974226 0.10284009575843811
0.50157403945922852 -0.036846321076154709 0.054414354264736176
0.47995907068252563 -0.023600509390234947 0.086213245987892151
0.45899051427841187 -0.0080195153132081032 0.062276013195514679
0.41392964124679565 0.073539853096008301 0.043987028300762177
0.45206525921821594 0.097620762884616852 0.070312529802322388
0.51947224140167236 0.03699149563908577 0.065287761390209198
0.53119772672653198 -0.013767904601991177 0.048547491431236267
0.46954676508903503 0.035308875143527985 0.030169574543833733
0.55080223083496094 -0.026679143309593201 0.08395666629076004
0.49099066853523254 -0.030744170770049095 0.045227397233247757
0.52305704355239868 -0.046555828303098679 0.07223144918680191
0.45165213942527771 0.047820042818784714 0.1036798283457756
0.40597638487815857 0.064722597599029541 0.043555453419685364
0.51409375667572021 0.024907104671001434 0.091656029224395752
0.50732702016830444 -0.032516308128833771 0.059892721474170685
0.49085322022438049 0.020898850634694099 0.027784943580627441
0.42555063962936401 0.018597032874822617 0.061387196183204651
0.48940357565879822 0.061796210706233978 0.056929513812065125
0.51160377264022827 -0.032619521021842957 0.082025043666362762
0.52262353897094727 -0.046111445873975754 0.051341280341148376
0.5000840425491333 -0.0078936023637652397 0.1054542064666748
0.50176149606704712 0.02789115346968174 0.10062016546726227
0.50706815719604492 0.033788196742534637 0.089398756623268127
0.52941292524337769 -0.051528219133615494 0.082829788327217102
0.43659159541130066 0.04757361114025116 0.10600277781486511
0.55527305603027344 -0.016031723469495773 0.062259867787361145
0.42400026321411133 0.071031294763088226 0.02677634172141552
0.41541898250579834 0.070729523897171021 0.069705300033092499
0.40547746419906616 0.059705950319766998 0.066167458891868591
0.54604846239089966 -0.038566112518310547 0.060921702533960342
0.48528856039047241 -0.03008575551211834 0.045285664498806
0.41490519046783447 0.070135317742824554 0.033572562038898468
0.46755015850067139 0.020260395482182503 0.028420262038707733
0.45057836174964905 0.097786113619804382 0.057866472750902176
0.46068954467773438 0.080855250358581543 0.083141639828681946
0.43003904819488525 0.03264579176902771 0.095619037747383118
0.55798172950744629 -0.022750331088900566 0.079202674329280853
0.51810693740844727 -0.038158606737852097 0.079155482351779938
0.51569199562072754 0.0085391225293278694 0.10242430865764618
0.43637475371360779 0.098424844443798065 0.047371573746204376
0.40335744619369507 0.058196235448122025 0.03338966891169548
0.53958535194396973 -0.017644701525568962 0.050485514104366302
0.48955762386322021 -0.0042283469811081886 0.105348140001297
0.49035096168518066 -0.033156774938106537 0.083590671420097351
0.49318814277648926 0.027823023498058319 0.033226784318685532
0.42684617638587952 0.017725907266139984 0.073483854532241821
0.45431181788444519 0.088100351393222809 0.052836418151855469
0.42268064618110657 0.083247669041156769 0.053418144583702087
0.47818726301193237 0.00028547068359330297 0.10352885723114014
0.5195317268371582 -0.028250603005290031 0.047808043658733368
0.45702657103538513 -0.0015508632641285658 0.041009742766618729
0.40096750855445862 0.05471327155828476 0.076545961201190948
0.47284165024757385 0.04244299978017807 0.10149598866701126
0.41598519682884216 0.075851708650588989 0.092495515942573547
0.553425133228302 -0.025912914425134659 0.055759664624929428
0.47265544533729553 0.010760828852653503 0.031423486769199371
0.50071799755096436 0.014976737089455128 0.10426172614097595
0.47853899002075195 0.068745695054531097 0.049614820629358292
0.52284824848175049 0.025531625375151634 0.051597662270069122
0.47249811887741089 0.072550483047962189 0.079009555280208588
0.52442216873168945 -0.014500699006021023 0.094768263399600983
0.41872233152389526 0.074388079345226288 0.064511202275753021
0.50867158174514771 0.04614601656794548 0.060705859214067459
0.4192313551902771 0.074931696057319641 0.034147266298532486
0.50438302755355835 0.04873194545507431 0.072759382426738739
0.46100851893424988 0.011001995764672756 0.077050000429153442
0.51250362396240234 0.032206449657678604 0.085785835981369019
0.54287421703338623 -0.0046862279996275902 0.065976180136203766
0.50851774215698242 -0.031024245545268059 0.05565255880355835
0.44897648692131042 0.093536481261253357 0.046927891671657562
0.43639549612998962 0.058304965496063232 0.10676202178001404
0.52930945158004761 -0.056844685226678848 0.065128445625305176
0.53742271661758423 -0.011289265938103199 0.053704094141721725
0.4487375020980835 0.074727572500705719 0.1010410264134407
0.50232994556427002 -0.026489311829209328 0.094333738088607788
0.41300091147422791 0.026647850871086121 0.065720953047275543
0.52056699991226196 -0.013829373754560947 0.045011598616838455
0.53137272596359253 -0.022588413208723068 0.087287105619907379
0.43076661229133606 0.013430935330688953 0.082116290926933289
0.50200766324996948 0.03244868665933609 0.094148822128772736
0.47950509190559387 0.048222009092569351 0.036697719246149063
0.47164970636367798 0.052472412586212158 0.098251037299633026
0.45809200406074524 0.08033376932144165 0.086896009743213654
0.53538054227828979 -0.044277925044298172 0.053934190422296524
0.43860074877738953 0.092448040843009949 0.037266775965690613
0.4479374885559082 -0.0023874007165431976 0.05270860344171524
0.49771976470947266 -0.033638391643762589 0.070750340819358826
0.49551475048065186 0.019009526818990707 0.1053726002573967
0.45034459233283997 0.055893309414386749 0.10295552015304565
0.46103143692016602 0.016863241791725159 0.029360296204686165
0.43398845195770264 0.04047013446688652 0.10396616160869598
0.55115532875061035 -0.013958834111690521 0.075728088617324829
0.46328583359718323 0.060650363564491272 0.03558807447552681
0.46348068118095398 -0.0065461685881018639 0.044951383024454117
0.4882853627204895 -0.029353754594922066 0.083917535841464996
0.41213631629943848 0.036964427679777145 0.042687993496656418
0.48752233386039734 0.015637192875146866 0.10369005054235458
0.42890423536300659 0.018075065687298775 0.054043449461460114
0.47000211477279663 -0.021416801959276199 0.0609874427318573
0.52160459756851196 -0.01200410071760416 0.09036225825548172
0.47756147384643555 -0.026396764442324638 0.055335897952318192
0.48245176672935486 0.050711195915937424 0.093715526163578033
0.44751113653182983 0.053067129105329514 0.027396807447075844
0.44624426960945129 0.028728647157549858 0.033053770661354065
0.51399099826812744 -0.015525076538324356 0.032194368541240692
0.50491178035736084 0.0092857042327523232 0.10561982542276382
0.39878597855567932 0.045868780463933945 0.052830018103122711
0.51751601696014404 0.03489304706454277 0.051854450255632401
0.4251631498336792 0.085987895727157593 0.035983361303806305
0.49970784783363342 0.0466720350086689 0.047460399568080902
0.47208312153816223 0.034615129232406616 0.1060183122754097
0.45350798964500427 -0.00039573261165060103 0.043973993510007858
0.41182982921600342 0.071233436465263367 0.075441718101501465
0.44324243068695068 0.058382179588079453 0.027136219665408134
0.4226745069026947 0.024772016331553459 0.052053123712539673
0.46899774670600891 -0.023240495473146439 0.077286481857299805
0.47112464904785156 -0.019068799912929535 0.082642622292041779
0.39706924557685852 0.046286948025226593 0.07838604599237442
0.52457135915756226 0.027184249833226204 0.058735627681016922
0.40685105323791504 0.06122593954205513 0.06208222359418869
0.52966088056564331 -0.037515949457883835 0.081984445452690125
0.48136216402053833 0.026828153058886528 0.027387773618102074
0.4505077600479126 0.060182608664035797 0.031439654529094696
0.50167280435562134 -0.030798157677054405 0.052840095013380051
0.44411209225654602 0.10085148364305496 0.069277890026569366
0.50030821561813354 0.050197485834360123 0.064834579825401306
0.45815402269363403 0.078277848660945892 0.039812788367271423
0.42446145415306091 0.036507327109575272 0.094893351197242737
0.53794717788696289 -0.038285911083221436 0.09155157208442688
0.49250572919845581 0.057053040713071823 0.070506304502487183
0.48494413495063782 -0.019213687628507614 0.039441090077161789
0.54742807149887085 -0.011086031794548035 0.076369665563106537
0.47926926612854004 -0.015293130651116371 0.091290250420570374
0.53291893005371094 -0.042656246572732925 0.084971882402896881
0.43128836154937744 0.066892042756080627 0.029897626489400864
0.49101242423057556 -0.012938729487359524 0.10333301872014999
0.4693433940410614 0.079693645238876343 0.078941546380519867
0.48225989937782288 -0.011080102063715458 0.097320519387722015
0.48344552516937256 0.0090811336413025856 0.030127150937914848
0.42171847820281982 0.048854943364858627 0.030569033697247505
0.45333993434906006 -0.0036261423956602812 0.059992238879203796
0.46492549777030945 -0.018547782674431801 0.053733162581920624
0.46756267547607422 -0.022315014153718948 0.057226672768592834
0.52619040012359619 -0.043901111930608749 0.074523121118545532
0.52421844005584717 -0.037844385951757431 0.049190524965524673
0.55797052383422852 -0.025343246757984161 0.069874390959739685
0.42636030912399292 0.087342657148838043 0.07645629346370697
0.417898029088974 0.073463708162307739 0.049040209501981735
0.51076507568359375 -0.012274185195565224 0.030895482748746872
0.48419395089149475 0.044560790061950684 0.10021538287401199
0.49201640486717224 0.054803088307380676 0.07933429628610611
0.52594351768493652 0.030068615451455116 0.074937619268894196
0.44525068998336792 0.066634267568588257 0.10166500508785248
0.48453778028488159 -0.035564322024583817 0.064598746597766876
0.42354661226272583 0.020352024585008621 0.051309835165739059
0.53306293487548828 -0.00025252360501326621 0.05726773664355278
0.42040356993675232 0.080737702548503876 0.074576906859874725
0.44753047823905945 0.08641333132982254 0.03867393359541893
0.55316954851150513 -0.025405034422874451 0.075630061328411102
0.40073823928833008 0.058923866599798203 0.055717024952173233
0.41154685616493225 0.066446810960769653 0.084256283938884735
0.48369115591049194 0.060093600302934647 0.050380229949951172
0.41024667024612427 0.069494388997554779 0.098955743014812469
0.48205485939979553 0.063426122069358826 0.086954392492771149
0.52850961685180664 0.018628615885972977 0.051060058176517487
0.54548847675323486 -0.023354670032858849 0.082874372601509094
0.39963170886039734 0.03754318505525589 0.063807420432567596
0.40375375747680664 0.033988531678915024 0.062466047704219818
0.44671934843063354 0.058327212929725647 0.030459655448794365
0.39479255676269531 0.047858238220214844 0.06260865181684494
0.47561541199684143 0.03110908530652523 0.03031674399971962
0.42691591382026672 0.087943807244300842 0.054772771894931793
0.42173254489898682 0.033223729580640793 0.095037505030632019
0.53601175546646118 -0.034184738993644714 0.046507280319929123
0.53624182939529419 -0.049446005374193192 0.048775888979434967
0.51738959550857544 -0.027881406247615814 0.081328369677066803
0.54923862218856812 -0.010199067182838917 0.068021379411220551
0.53964132070541382 -0.011234444566071033 0.077788844704627991
0.45191857218742371 0.015871772542595863 0.10084962099790573
0.44611445069313049 0.062177691608667374 0.10250955075025558
0.5411841869354248 -0.013302196748554707 0.049264557659626007
0.49632322788238525 0.025748897343873978 0.10340134054422379
0.49971270561218262 -0.026732813566923141 0.044319946318864822
0.4725976288318634 0.015937808901071548 0.10602903366088867
0.47588109970092773 -0.0019972214940935373 0.096442073583602905
0.53103446960449219 0.0088444603607058525 0.082453608512878418
0.53653222322463989 0.0017187305493280292 0.051489297300577164
0.55845755338668823 -0.018362071365118027 0.065860256552696228
0.45742461085319519 0.077135205268859863 0.095112442970275879
0.52031171321868896 -0.049712765961885452 0.061661195009946823
0.43058514595031738 0.092016398906707764 0.061946988105773926
0.41838118433952332 0.074034862220287323 0.10114547610282898
0.47074365615844727 0.062186401337385178 0.036410443484783173
0.45978376269340515 0.02016749419271946 0.031960640102624893
0.40093120932579041 0.054668538272380829 0.069951504468917847
0.43472310900688171 0.011202256195247173 0.058039780706167221
0.53302633762359619 0.019451234489679337 0.055168438702821732
0.40434610843658447 0.054235905408859253 0.035495243966579437
0.51791280508041382 -0.027403784915804863 0.089799851179122925
0.4762936532497406 0.0083228088915348053 0.10545819252729416
0.4981134831905365 -0.030971718952059746 0.081488512456417084
0.46555614471435547 0.084428064525127411 0.066563069820404053
0.52831119298934937 -0.030878687277436256 0.090802475810050964
0.53422486782073975 -0.04616609588265419 0.044888973236083984
0.40525016188621521 0.059470381587743759 0.09024135023355484
0.43938687443733215 0.021410340443253517 0.03574628010392189
0.48996752500534058 0.026660649105906487 0.10160205513238907
0.49554663896560669 0.0056869019754230976 0.026806419715285301
0.49285873770713806 -0.014556566253304482 0.030288238078355789
0.50966066122055054 -0.03947502002120018 0.07590242475271225
0.55586367845535278 -0.021566910669207573 0.053064335137605667
0.46335166692733765 -0.013750683516263962 0.059032078832387924
0.52069300413131714 -0.011485886760056019 0.034923482686281204
0.47538894414901733 -0.004284542053937912 0.086130097508430481
0.46185210347175598 0.0018657611217349768 0.035333454608917236
0.50997757911682129 -0.021894251927733421 0.043413706123828888
0.40336507558822632 0.06184769794344902 0.072893433272838593
0.46744021773338318 0.0084170456975698471 0.08219899982213974
0.41504380106925964 0.056515980511903763 0.10363944619894028
0.55002224445343018 -0.034146618098020554 0.081670023500919342
0.51673561334609985 -0.0088163446635007858 0.096350446343421936
0.4325224757194519 0.089668422937393188 0.037366356700658798
0.45560446381568909 0.093671351671218872 0.059197623282670975
0.44412210583686829 0.083437278866767883 0.09491981565952301
0.43628820776939392 0.067426815629005432 0.027351627126336098
0.4630311131477356 0.042642112821340561 0.027287011966109276
0.52794003486633301 -0.051436826586723328 0.061201214790344238
0.50413221120834351 0.043948128819465637 0.05440409854054451
0.46441137790679932 0.077242515981197357 0.089328721165657043
0.48323425650596619 0.040374130010604858 0.098983258008956909
0.47701236605644226 -0.032085340470075607 0.071158640086650848
0.46896946430206299 0.06797703355550766 0.043992046266794205
0.48488229513168335 0.013738831505179405 0.029802696779370308
0.48397034406661987 0.055924318730831146 0.04548412561416626
0.40346091985702515 0.037483729422092438 0.078724890947341919
0.41369232535362244 0.050748851150274277 0.09743797779083252
0.39679726958274841 0.045102778822183609 0.058993484824895859
0.46932923793792725 0.077899396419525146 0.070962220430374146
0.49799555540084839 -0.033564746379852295 0.048655152320861816
0.45815625786781311 0.0099558364599943161 0.084308609366416931
0.44349703192710876 0.077501818537712097 0.035116769373416901
0.40817996859550476 0.062715828418731689 0.086529560387134552
0.43219131231307983 0.030430290848016739 0.038089100271463394
0.52708107233047485 -0.045207332819700241 0.053266752511262894
0.53918331861495972 -0.024364160373806953 0.082467004656791687
0.51585513353347778 -0.036985822021961212 0.067516356706619263
0.42567753791809082 0.082311250269412994 0.10526161640882492
0.5161098837852478 -0.038387969136238098 0.055120743811130524
0.48325034976005554 0.0648384690284729 0.073440782725811005
0.4623522162437439 0.059675458818674088 0.031335916370153427
0.52676272392272949 -0.026419363915920258 0.041921243071556091
0.41834515333175659 0.032122373580932617 0.047180049121379852
0.47723597288131714 0.070840373635292053 0.063154116272926331
0.54700404405593872 -0.01421114057302475 0.062722876667976379
0.40063908696174622 0.058822505176067352 0.068266451358795166
0.4762910008430481 -0.013408527709543705 0.084688611328601837
0.51632225513458252 -0.023146811872720718 0.037332843989133835
0.53401941061019897 -0.00209063570946455 0.072670407593250275
0.43180200457572937 0.093352168798446655 0.04252968356013298
0.51334869861602783 0.040569242089986801 0.076988227665424347
0.46175867319107056 0.045192152261734009 0.030529234558343887
0.40966948866844177 0.064361050724983215 0.077639661729335785
0.4369184672832489 0.013356932438910007 0.07903376966714859
0.43684595823287964 0.073785632848739624 0.1017666831612587
0.5153038501739502 0.0020147005561739206 0.10021405667066574
0.47183644771575928 -0.00068984489189460874 0.035615455359220505
0.42934837937355042 0.090663567185401917 0.088687710464000702
0.47447323799133301 0.072562344372272491 0.049847058951854706
0.45667538046836853 0.0090759480372071266 0.069818928837776184
0.53456246852874756 0.00045169561053626239 0.085904113948345184
0.44807779788970947 0.0057989559136331081 0.041521422564983368
0.43853649497032166 0.087131872773170471 0.099112473428249359
0.53002995252609253 0.0081373490393161774 0.043295614421367645
0.54342460632324219 -0.023987226188182831 0.048768360167741776
0.46741372346878052 0.012295476160943508 0.097663961350917816
0.44614094495773315 0.076444633305072784 0.097793057560920715
0.50888544321060181 -0.036009982228279114 0.05065782368183136
0.41544884443283081 0.075247213244438171 0.077977567911148071
0.53083217144012451 -0.039709005504846573 0.052169762551784515
0.50912153720855713 -0.035610601305961609 0.077832907438278198
0.46761646866798401 0.029394783079624176 0.027503453195095062
0.52948564291000366 -0.051156699657440186 0.07577226310968399
0.55521607398986816 -0.027906177565455437 0.084051631391048431
0.40678253769874573 0.06528792530298233 0.031394872814416885
0.46636837720870972 0.072983860969543457 0.046773377805948257
0.40004917979240417 0.05116475373506546 0.0444306880235672
0.54243117570877075 -0.038082819432020187 0.082148164510726929
0.48284560441970825 -0.0056743565946817398 0.099939718842506409
0.49142810702323914 -0.015768963843584061 0.034483790397644043
0.50570130348205566 0.027459906414151192 0.099009297788143158
0.5450599193572998 -0.016699366271495819 0.069157324731349945
0.40106987953186035 0.054807588458061218 0.048407390713691711
0.42217975854873657 0.078217409551143646 0.059252940118312836
0.44153192639350891 0.099671982228755951 0.060369156301021576
0.50401854515075684 0.022692382335662842 0.10199116170406342
0.48530995845794678 -0.0087348176166415215 0.03159128874540329
0.46171879768371582 0.011074468493461609 0.099859446287155151
0.42180699110031128 0.07783198356628418 0.10010021179914474
0.51239877939224243 0.038899481296539307 0.082821875810623169
0.52429312467575073 -0.0071595455519855022 0.043819945305585861
0.52284187078475952 0.0016553229652345181 0.094379961490631104
0.50826972723007202 -0.0091894790530204773 0.10067759454250336
0.44430333375930786 0.0051622465252876282 0.052232608199119568
0.49896401166915894 0.02894950844347477 0.035837579518556595
0.45144525170326233 0.044906158000230789 0.10677113384008408
0.4964691698551178 0.0056244903244078159 0.10646407306194305
0.47948193550109863 0.055682569742202759 0.041558414697647095
0.48179134726524353 0.07084820419549942 0.067655652761459351
0.41510102152824402 0.056759238243103027 0.030750608071684837
0.51990032196044922 -0.0064163319766521454 0.040289629250764847
0.52596664428710938 -0.0047990046441555023 0.095372006297111511
0.41720601916313171 0.077167309820652008 0.037038430571556091
0.51840293407440186 0.0042680134065449238 0.098211012780666351
0.55392652750015259 -0.029828568920493126 0.066651791334152222
0.49635803699493408 -0.0075747929513454437 0.028285693377256393
0.45775324106216431 -0.0089277699589729309 0.048894289880990982
0.48868334293365479 0.060097448527812958 0.060753326863050461
0.54253482818603516 -0.020532246679067612 0.05086866021156311
0.466229647397995 -0.0028407098725438118 0.039771120995283127
0.51633328199386597 0.030069669708609581 0.043959148228168488
0.43249300122261047 0.089675024151802063 0.094991274178028107
0.39956974983215332 0.041577517986297607 0.064726412296295166
0.45810189843177795 0.079830355942249298 0.046087779104709625
0.48404112458229065 -0.022922545671463013 0.090685538947582245
0.5310329794883728 0.020818281918764114 0.06908910721540451
0.51735174655914307 -0.013349404558539391 0.041246339678764343
0.46671590209007263 0.020518409088253975 0.10299450904130936
0.48135441541671753 -0.030687130987644196 0.057576246559619904
0.46270766854286194 -0.00057911168551072478 0.067504212260246277
0.53839719295501709 -0.032834645360708237 0.041838228702545166
0.55252879858016968 -0.024936633184552193 0.066032230854034424
0.48839718103408813 0.0025740419514477253 0.02731502428650856
0.45264765620231628 0.031907953321933746 0.030790833756327629
0.53117823600769043 -0.046106647700071335 0.057784870266914368
0.46566256880760193 -0.0073917093686759472 0.065586872398853302
0.52959352731704712 0.026062993332743645 0.056637629866600037
0.53188920021057129 -0.035155728459358215 0.046411909162998199
0.46642202138900757 -0.017633112147450447 0.063851937651634216
0.53452563285827637 -0.0015660370700061321 0.04712720587849617
0.44353613257408142 0.035619672387838364 0.031751181930303574
0.42811799049377441 0.074309937655925751 0.027676895260810852
0.41126799583435059 0.070620924234390259 0.090605884790420532
0.43364527821540833 0.052806925028562546 0.027183419093489647
0.51189333200454712 -0.037233166396617889 0.070483312010765076
0.48686522245407104 -0.0028760412242263556 0.028481161221861839
0.438189297914505 0.094115510582923889 0.091002166271209717
0.53183126449584961 0.023331565782427788 0.075788520276546478
0.55416101217269897 -0.026286041364073753 0.048479031771421432
0.51506227254867554 0.021407827734947205 0.039940830320119858
0.46582719683647156 0.070098035037517548 0.090204298496246338
0.438690185546875 0.048405420035123825 0.03020796924829483
0.49485036730766296 0.057029232382774353 0.055440522730350494
0.42001873254776001 0.080321073532104492 0.089255742728710175
0.44222500920295715 0.02717907540500164 0.098482646048069
0.50157731771469116 0.040934879332780838 0.087118126451969147
0.48053422570228577 -0.028042301535606384 0.085377000272274017
0.50967085361480713 0.006094648502767086 0.031323317438364029
0.41277980804443359 0.029882783070206642 0.082506537437438965
0.42434665560722351 0.066169500350952148 0.029822656884789467
0.40766951441764832 0.062128171324729919 0.054569561034440994
0.5308571457862854 -0.012948612682521343 0.085799574851989746
0.40545842051506042 0.040740527212619781 0.082211054861545563
0.4403788149356842 0.098401390016078949 0.071727290749549866
0.54356330633163452 -0.023782515898346901 0.053330052644014359
0.53776013851165771 0.0099335405975580215 0.067972198128700256
0.53072750568389893 0.0071853641420602798 0.089579105377197266
0.4272129237651825 0.029402578249573708 0.091552309691905975
0.48226442933082581 -0.032042570412158966 0.065423034131526947
0.51077169179916382 -0.004303585272282362 0.034788604825735092
0.4324001669883728 0.090091422200202942 0.10074602067470551
0.47425743937492371 -0.018318425863981247 0.087837584316730499
0.54836195707321167 -0.027098564431071281 0.078353129327297211
0.4350191056728363 0.011972281150519848 0.073846794664859772
0.44835934042930603 0.017496844753623009 0.033465344458818436
0.53147083520889282 -0.016892021521925926 0.082263216376304626
0.50303512811660767 -0.021193590015172958 0.098770260810852051
0.46686479449272156 -0.012994819320738316 0.073557034134864807
0.51065546274185181 0.040760915726423264 0.069873057305812836
0.5378839373588562 -0.045820999890565872 0.089201413094997406
0.41389334201812744 0.073534548282623291 0.095247402787208557
0.47214844822883606 0.016957055777311325 0.027554746717214584
0.41590797901153564 0.045434925705194473 0.095636360347270966
0.47475528717041016 0.0038529429584741592 0.029547901824116707
0.49170631170272827 -0.020502641797065735 0.036972180008888245
0.54781025648117065 -0.034517876803874969 0.043131489306688309
0.50140458345413208 0.05162912979722023 0.058469157665967941
0.53037780523300171 -0.03147081658244133 0.049796577543020248
0.47063142061233521 -0.010783680714666843 0.079216927289962769
0.48277023434638977 0.045307952910661697 0.034237019717693329
0.5175400972366333 0.015974557027220726 0.098298124969005585
0.46805575489997864 -0.011723505333065987 0.041085612028837204
0.47276556491851807 0.058837033808231354 0.094123706221580505
0.5125851035118103 -0.012169325724244118 0.037399020045995712
0.53437721729278564 0.01806950755417347 0.074628911912441254
0.45260205864906311 0.016485007479786873 0.032168056815862656
0.40623590350151062 0.062912002205848694 0.10250446945428848
0.4938526451587677 -0.0051186215132474899 0.10281189531087875
0.47169670462608337 0.027545789256691933 0.026795836165547371
0.43053251504898071 0.024158041924238205 0.094181880354881287
0.48422646522521973 -0.031466022133827209 0.07580120861530304
0.41938182711601257 0.051964562386274338 0.10343893617391586
0.54209941625595093 -0.027323788031935692 0.051065757870674133
0.53462439775466919 -0.046748265624046326 0.066268235445022583
0.47024935483932495 -0.026198036968708038 0.064290039241313934
0.48633673787117004 -0.010009783320128918 0.10188601911067963
0.53739774227142334 -0.0040298490785062313 0.073893390595912933
0.50709319114685059 -0.0053224037401378155 0.03237011656165123
0.41258764266967773 0.064215347170829773 0.10194286704063416
0.54019391536712646 -0.03899572417140007 0.042563270777463913
0.53558480739593506 -0.010041981935501099 0.0740036740899086
0.53337079286575317 -0.024086672812700272 0.083764851093292236
0.42706161737442017 0.022043658420443535 0.050109274685382843
0.45094972848892212 0.068252637982368469 0.030696092173457146
0.44764670729637146 0.015449405647814274 0.090740986168384552
0.53921079635620117 -0.041660469025373459 0.071065433323383331
0.41887003183364868 0.074554704129695892 0.068746909499168396
0.4245598316192627 0.061478838324546814 0.027128333225846291
0.53979271650314331 -0.045504238456487656 0.056553952395915985
0.48986947536468506 0.0076490910723805428 0.10636992007493973
0.46901074051856995 0.075875617563724518 0.086054272949695587
0.41832953691482544 0.078432679176330566 0.066101700067520142
0.41180476546287537 0.071199655532836914 0.06663089245557785
0.50115281343460083 -0.03913271427154541 0.065290980041027069
0.54925256967544556 -0.030537368729710579 0.057545289397239685
0.49667724967002869 0.041764430701732635 0.090675331652164459
0.40419349074363708 0.062754996120929718 0.056648600846529007
0.42144155502319336 0.077414587140083313 0.082083292305469513
0.48789474368095398 -0.036259368062019348 0.069235026836395264
0.52393561601638794 0.012173411436378956 0.092429794371128082
0.41584327816963196 0.050258666276931763 0.035380661487579346
0.51172709465026855 0.039207413792610168 0.060352355241775513
0.47090029716491699 0.046423178166151047 0.029477685689926147
0.47340211272239685 0.07400774210691452 0.072151057422161102
0.52278459072113037 0.012935926206409931 0.039908155798912048
0.42818328738212585 0.084889188408851624 0.083135232329368591
0.48627722263336182 0.029625272378325462 0.10485812276601791
0.4459080696105957 0.10024160891771317 0.056471388787031174
0.4474557638168335 0.094502821564674377 0.080258987843990326
0.46135628223419189 0.03209894523024559 0.10669392347335815
0.47075870633125305 -0.019672108814120293 0.075846299529075623
0.42785787582397461 0.089014805853366852 0.09399963915348053
0.39982292056083679 0.057928051799535751 0.083473242819309235
0.5514863133430481 -0.01907043531537056 0.082107126712799072
0.53165799379348755 0.018560221418738365 0.063210189342498779
0.53650820255279541 -0.037392586469650269 0.049864742904901505
0.45250743627548218 -0.0066992468200623989 0.052408434450626373
0.44675233960151672 -0.0026311296969652176 0.058654244989156723
0.48445171117782593 -0.032044176012277603 0.060578342527151108
0.39126706123352051 0.048427432775497437 0.060562636703252792
0.55162471532821655 -0.032184392213821411 0.087602563202381134
0.50139981508255005 0.039831660687923431 0.04510023444890976
0.50202995538711548 -0.033149037510156631 0.061137266457080841
0.51307481527328491 -0.026741458103060722 0.044672690331935883
0.47431907057762146 -0.023497423157095909 0.055389449000358582
0.53041201829910278 -0.019217722117900848 0.050334732979536057
0.42225977778434753 0.056580238044261932 0.03131522610783577
0.52988296747207642 0.0042224596254527569 0.048944685608148575
0.43936717510223389 0.015509809367358685 0.093413494527339935
0.46188467741012573 0.011558439582586288 0.082528717815876007
0.47133943438529968 0.0062878066673874855 0.082011662423610687
0.50838416814804077 0.030345126986503601 0.091418057680130005
0.39937478303909302 0.047622386366128922 0.04922393336892128
0.53982001543045044 -0.029161097481846809 0.04651506245136261
0.50974869728088379 0.039624400436878204 0.056088808923959732
0.52365756034851074 -0.038869846612215042 0.055925894528627396
0.4276750385761261 0.050717718899250031 0.031545311212539673
0.53529751300811768 0.005536242388188839 0.050929509103298187
0.42923364043235779 0.058738704770803452 0.10350631177425385
0.40425550937652588 0.06283772736787796 0.07713695615530014
0.54563993215560913 -0.013304992578923702 0.052037272602319717
0.4273989200592041 0.03401816263794899 0.034700788557529449
0.44021454453468323 0.093201741576194763 0.094695679843425751
0.5446738600730896 -0.011756513267755508 0.080905221402645111
0.47455647587776184 0.039097454398870468 0.031605511903762817
0.50483757257461548 -0.020353563129901886 0.039673838764429092
0.4857686460018158 0.047943312674760818 0.093565754592418671
0.53390395641326904 -0.047550346702337265 0.061279777437448502
0.52146071195602417 -0.034268874675035477 0.053864948451519012
0.53312855958938599 -0.017687775194644928 0.043666273355484009
0.50144225358963013 -0.036390963941812515 0.080243885517120361
0.46595674753189087 0.028298677876591682 0.10604482144117355
0.52209454774856567 -0.025615526363253593 0.042285390198230743
0.54452610015869141 -0.027014005929231644 0.085556603968143463
0.52207636833190918 0.016697149723768234 0.092471912503242493
0.53309273719787598 -0.018910769373178482 0.086186893284320831
0.40879160165786743 0.040564455091953278 0.091395311057567596
0.44326746463775635 0.075210213661193848 0.030921269208192825
0.48696577548980713 0.06006539985537529 0.077766083180904388
0.39698490500450134 0.043452464044094086 0.081260710954666138
0.43285316228866577 0.081079736351966858 0.1033027321100235
0.49684146046638489 0.051852617412805557 0.075939573347568512
0.48088565468788147 0.057248696684837341 0.089536651968955994
0.53190529346466064 -0.034298501908779144 0.087097413837909698
0.52242255210876465 -0.044666502624750137 0.058658983558416367
0.41376873850822449 0.036885183304548264 0.092148877680301666
0.46092450618743896 0.082863315939903259 0.054242584854364395
0.52760434150695801 -0.035016786307096481 0.08639226108789444
0.48328354954719543 0.032496232539415359 0.031929217278957367
0.54557955265045166 -0.034610498696565628 0.05577487125992775
0.40739083290100098 0.061831973493099213 0.073312945663928986
0.43875995278358459 0.0055201700888574123 0.054649192839860916
0.54798406362533569 -0.031936418265104294 0.068202860653400421
0.53964781761169434 -0.041172333061695099 0.076475478708744049
0.53943556547164917 -0.026979319751262665 0.087183564901351929
0.51556903123855591 0.037334378808736801 0.080414034426212311
0.48643118143081665 0.05649794265627861 0.048792872577905655
0.40682098269462585 0.061176177114248276 0.038009904325008392
0.40920254588127136 0.068295381963253021 0.038071304559707642
0.46798047423362732 0.044157102704048157 0.10216359049081802
0.46699035167694092 0.0099560730159282684 0.033082995563745499
0.41775757074356079 0.021234424784779549 0.063420876860618591
0.48963636159896851 -0.030571963638067245 0.051924295723438263
0.43940266966819763 0.04589727520942688 0.10308095067739487
0.46175745129585266 0.007126078475266695 0.033790163695812225
0.44685310125350952 0.096908807754516602 0.084537342190742493
0.50992119312286377 0.036282595247030258 0.044257763773202896
0.50169754028320312 -0.0050039086490869522 0.029945077374577522
0.49537950754165649 0.049079060554504395 0.044499702751636505
0.43391168117523193 0.091235250234603882 0.076587989926338196
0.44532811641693115 0.093672402203083038 0.088544949889183044
0.47635751962661743 0.073165677487850189 0.054142478853464127
0.48019540309906006 0.062465477734804153 0.049246825277805328
0.4333626925945282 0.090606443583965302 0.046978224068880081
0.51576906442642212 0.031084965914487839 0.088454164564609528
0.46487793326377869 0.080812722444534302 0.075515948235988617
0.52916997671127319 0.011231137439608574 0.090731777250766754
0.48080039024353027 0.034485958516597748 0.029172435402870178
0.51226282119750977 0.014783855527639389 0.03141673281788826
0.43640723824501038 0.040743652731180191 0.028899999335408211
0.52730602025985718 0.0052416669204831123 0.044126100838184357
0.44576460123062134 0.017312204465270042 0.094559527933597565
0.5062713623046875 -0.015673080459237099 0.035837087780237198
0.42245796322822571 0.02264370396733284 0.056946218013763428
0.41956380009651184 0.079792030155658722 0.052975766360759735
0.53084546327590942 -0.018094230443239212 0.090905465185642242
0.55061799287796021 -0.022046225145459175 0.070533700287342072
0.45542401075363159 0.07210172712802887 0.095629394054412842
0.46949043869972229 0.040180530399084091 0.03086451068520546
0.45610710978507996 0.071292892098426819 0.037782143801450729
0.44873657822608948 0.089592345058917999 0.047607552260160446
0.48916968703269958 0.044739853590726852 0.093659654259681702
0.52096527814865112 0.0066982442513108253 0.033986032009124756
0.50237411260604858 -0.011175713501870632 0.10527684539556503
0.54353624582290649 -0.041338242590427399 0.079832665622234344
0.46948522329330444 -0.00097746343817561865 0.073211938142776489
0.49365884065628052 -0.026026759296655655 0.095057129859924316
0.52730250358581543 0.018927613273262978 0.084997273981571198
0.43330645561218262 0.095025420188903809 0.05045001208782196
0.39696589112281799 0.05473925918340683 0.051932740956544876
0.44653549790382385 0.045233201235532761 0.026867352426052094
0.52132970094680786 -0.041474837809801102 0.063362561166286469
0.55030089616775513 -0.015724986791610718 0.054498061537742615
0.43397927284240723 0.03380286693572998 0.098102718591690063
0.45796236395835876 0.014371989294886589 0.096305646002292633
0.50352436304092407 0.0088933501392602921 0.028680065646767616
0.44370204210281372 0.10357435047626495 0.05650678277015686
0.53824424743652344 -0.04273885115981102 0.061011709272861481
0.41973549127578735 0.066593557596206665 0.10342637449502945
0.52135425806045532 -0.040631767362356186 0.081476695835590363
0.52014213800430298 -0.016422329470515251 0.037736658006906509
0.41341665387153625 0.030047373846173286 0.074302762746810913
0.52040117979049683 0.00040698674274608493 0.042165562510490417
0.44442763924598694 0.057359002530574799 0.10647211223840714
0.45748960971832275 -0.0032369410619139671 0.063274338841438293
0.45981431007385254 0.089510060846805573 0.05839204415678978
0.49739968776702881 0.020326089113950729 0.032087419182062149
0.43090569972991943 0.087887868285179138 0.054695554077625275
0.55293154716491699 -0.020501138642430305 0.06150459498167038
0.53709262609481812 -0.048486117273569107 0.073269933462142944
0.48263159394264221 -0.0058691115118563175 0.033698923885822296
0.43559780716896057 0.09310729056596756 0.080726683139801025
0.42232513427734375 0.03336353600025177 0.038004234433174133
0.53096705675125122 -0.055287342518568039 0.058072913438081741
0.47996002435684204 -0.019566059112548828 0.0432107113301754
0.42227789759635925 0.021108025684952736 0.080162063241004944
0.48721620440483093 0.028095146641135216 0.03171762079000473
0.53798294067382812 -0.012991331517696381 0.080956906080245972
0.42519921064376831 0.081555098295211792 0.045072354376316071
0.52590537071228027 -0.012354218401014805 0.043010611087083817
0.50447732210159302 0.0023601243738085032 0.027025463059544563
0.44344881176948547 0.011035834439098835 0.077294275164604187
0.53380978107452393 -0.0091838333755731583 0.082244515419006348
0.42456299066543579 0.05785578116774559 0.1028519794344902
0.41415396332740784 0.073800303041934967 0.061218474060297012
0.4401167631149292 0.040943339467048645 0.031226620078086853
0.46026414632797241 0.050904951989650726 0.028261182829737663
0.48558723926544189 0.010164232924580574 0.10670632869005203
0.49552077054977417 0.054495487362146378 0.069066740572452545
0.44454145431518555 0.10086897015571594 0.080569222569465637
0.4060245156288147 0.064808160066604614 0.090820007026195526
0.43132418394088745 0.035602837800979614 0.035707138478755951
0.49118384718894958 -0.010913727805018425 0.02954300120472908
0.4350559413433075 0.023561544716358185 0.041003916412591934
0.41150128841400146 0.055978178977966309 0.032242197543382645
0.52762848138809204 0.022174300625920296 0.080327197909355164
0.48613849282264709 0.058698058128356934 0.08189750462770462
0.40313896536827087 0.061574216932058334 0.039450764656066895
0.46622857451438904 -0.012928449548780918 0.065209604799747467
0.41329321265220642 0.035749580711126328 0.085201501846313477
0.51604932546615601 0.040112700313329697 0.067429207265377045
0.47396808862686157 0.066447235643863678 0.047159012407064438
0.47284397482872009 -0.026480577886104584 0.078025080263614655
0.53581345081329346 0.015913181006908417 0.068313069641590118
0.52665889263153076 -0.019650304690003395 0.046197626739740372
0.53030693531036377 -0.045719292014837265 0.050014935433864594
0.49593070149421692 -0.018094101920723915 0.098439529538154602
0.45460465550422668 0.064338929951190948 0.03048078715801239
0.40844368934631348 0.05294988676905632 0.037429124116897583
0.46295076608657837 0.035674832761287689 0.029801255092024803
0.45220485329627991 0.086547575891017914 0.047710135579109192
0.50382888317108154 0.01732642762362957 0.032936803996562958
0.50146156549453735 0.047348704189062119 0.056729178875684738
0.40238282084465027 0.06074485182762146 0.052492775022983551
0.43404731154441833 0.091394320130348206 0.089389167726039886
0.44192928075790405 0.081882357597351074 0.10051834583282471
0.54434472322463989 -0.017590047791600227 0.079989895224571228
0.51224595308303833 -0.043710209429264069 0.070014476776123047
0.50059038400650024 -0.038926087319850922 0.069687865674495697
0.41696885228157043 0.036965034902095795 0.040303006768226624
0.47378110885620117 0.028251990675926208 0.10571904480457306
0.44862809777259827 0.082891695201396942 0.092471331357955933
0.53083014488220215 0.015158782713115215 0.086677558720111847
0.48973774909973145 0.05427352711558342 0.049840390682220459
0.44838821887969971 0.09994051605463028 0.075183786451816559
0.47671768069267273 0.044349789619445801 0.033817056566476822
0.46628659963607788 0.00073205359512940049 0.033773396164178848
0.4877256453037262 -0.011614393442869186 0.034147359430789948
0.51671350002288818 -0.0025182573590427637 0.039484933018684387
0.43535846471786499 0.068128995597362518 0.10312851518392563
0.42046284675598145 0.080779820680618286 0.039924923330545425
0.49263215065002441 -0.033901914954185486 0.062630981206893921
0.42813840508460999 0.017843931913375854 0.083184145390987396
0.50136464834213257 0.051025182008743286 0.077127031981945038
0.44756326079368591 0.032801773399114609 0.03155117854475975
0.40032345056533813 0.03886784240603447 0.055705461651086807
0.44796377420425415 0.041468355804681778 0.027541855350136757
0.48733147978782654 -0.015674516558647156 0.097484469413757324
0.51022195816040039 0.018973927944898605 0.035935696214437485
0.4751628041267395 0.060348961502313614 0.091368086636066437
0.45885178446769714 0.083592459559440613 0.047358319163322449
0.41788747906684875 0.059619449079036713 0.031521353870630264
0.54332476854324341 -0.017989108338952065 0.058230999857187271
0.5514257550239563 -0.030214335769414902 0.053756467998027802
0.44857442378997803 0.094970323145389557 0.050586223602294922
0.48700973391532898 -0.026071371510624886 0.04408743605017662
0.46987780928611755 0.08121015876531601 0.063834436237812042
0.39955621957778931 0.055201802402734756 0.095919646322727203
0.40829011797904968 0.058562625199556351 0.034706465899944305
0.4871707558631897 0.020472940057516098 0.10632747411727905
0.5450020432472229 -0.035237029194831848 0.075876869261264801
0.53080296516418457 -0.025591084733605385 0.091288246214389801
0.54187172651290894 -0.015188506804406643 0.085210658609867096
0.54654437303543091 -0.014178925193846226 0.07214365154504776
0.52508163452148438 -0.019039694219827652 0.088246509432792664
0.43018779158592224 0.013918067328631878 0.065376535058021545
0.53220033645629883 -0.0042137550190091133 0.078600011765956879
0.52120155096054077 -0.0027567853685468435 0.095087043941020966
0.49245747923851013 -0.027564680203795433 0.040433961898088455
0.4432232677936554 0.036486949771642685 0.1019384041428566
0.43610656261444092 0.080443575978279114 0.099913917481899261
0.41161537170410156 0.066506460309028625 0.060328569263219833
0.44510596990585327 0.083337187767028809 0.039104748517274857
0.45178639888763428 0.027482755482196808 0.10479576140642166
0.45324969291687012 0.090853556990623474 0.04854147881269455
0.41519814729690552 0.074937082827091217 0.030702479183673859
0.39738890528678894 0.050733946263790131 0.058794677257537842
0.54174500703811646 -0.038862794637680054 0.053842827677726746
0.53373509645462036 -0.052212979644536972 0.066416934132575989
0.53267979621887207 0.0099150137975811958 0.077223427593708038
0.50901603698730469 -0.036622203886508942 0.066665790975093842
0.48766663670539856 0.048263590782880783 0.038119234144687653
0.5358307957649231 0.007043386809527874 0.080642260611057281
0.45743799209594727 0.068241462111473083 0.033320844173431396
0.474225252866745 -0.0059338193386793137 0.037215095013380051
0.4936235249042511 0.0073435474187135696 0.029808422550559044
0.5256085991859436 -0.031066987663507462 0.082972235977649689
0.39661458134651184 0.040457092225551605 0.071235448122024536
0.44262346625328064 0.0089469710364937782 0.044890765100717545
0.42308938503265381 0.032700549811124802 0.042324632406234741
0.52357584238052368 0.029471736401319504 0.081666551530361176
0.43640425801277161 0.027975341305136681 0.037307042628526688
0.42340147495269775 0.053159944713115692 0.1016252413392067
0.47952845692634583 0.056087102741003036 0.03765227273106575
0.53353416919708252 -0.046521987766027451 0.076896347105503082
0.47036930918693542 -0.023706439882516861 0.054283548146486282
0.49664062261581421 0.053131632506847382 0.061857838183641434
0.43235236406326294 0.02021101675927639 0.087200090289115906
0.52416586875915527 -0.016893226653337479 0.048152953386306763
0.49773633480072021 -0.019624302163720131 0.037354763597249985
0.53024160861968994 -0.013141145929694176 0.044735312461853027
0.45746573805809021 0.027784658595919609 0.030754834413528442
0.49904948472976685 -0.015219755470752716 0.10008628666400909
0.51059556007385254 -0.032351914793252945 0.073301360011100769
0.54699724912643433 -0.037507705390453339 0.07055819034576416
0.48375692963600159 0.067297264933586121 0.058619033545255661
0.40531909465789795 0.058250632137060165 0.097406692802906036
0.422324538230896 0.081429608166217804 0.028623824939131737
0.48216679692268372 0.019282132387161255 0.029845805838704109
0.4008718729019165 0.043479308485984802 0.079706460237503052
0.52073943614959717 -0.045528702437877655 0.080127216875553131
0.52895373106002808 0.012166914530098438 0.042813658714294434
0.50778061151504517 -0.0001331539242528379 0.027829598635435104
0.47247672080993652 0.0041203675791621208 0.085585013031959534
0.45235025882720947 0.096057876944541931 0.063123181462287903
0.47420781850814819 -0.020459122955799103 0.050103191286325455
0.47979387640953064 0.0029456575866788626 0.10093443095684052
0.53060805797576904 -0.006466899998486042 0.081497460603713989
0.54196649789810181 -0.0089175580069422722 0.070750661194324493
0.4557359516620636 0.089444458484649658 0.074264287948608398
0.52471435070037842 0.027934469282627106 0.062572181224822998
0.41744661331176758 0.039711203426122665 0.092726573348045349
0.47518971562385559 -0.0094417575746774673 0.038782697170972824
0.47829580307006836 0.074061751365661621 0.065180391073226929
0.42071697115898132 0.035094715654850006 0.091411635279655457
0.46165603399276733 0.072072491049766541 0.091734364628791809
0.40892866253852844 0.031154891476035118 0.055587079375982285
0.52417635917663574 -0.040852583944797516 0.076147608458995819
0.42538577318191528 0.081773757934570312 0.062432814389467239
0.47637170553207397 -0.028114613145589828 0.081396080553531647
0.4717775285243988 0.075214385986328125 0.06021493673324585
0.46260303258895874 0.011098729446530342 0.087545841932296753
0.46917542815208435 0.065572649240493774 0.095359347760677338
0.5176694393157959 0.033875036984682083 0.080769360065460205
0.51321429014205933 -0.033935286104679108 0.062661118805408478
0.54100221395492554 -0.039690315723419189 0.047946766018867493
0.49524271488189697 0.038881070911884308 0.035679936408996582
0.46968889236450195 0.073802262544631958 0.081440366804599762
0.54214829206466675 -0.014301739633083344 0.070166856050491333
0.519500732421875 -0.033496726304292679 0.079069502651691437
0.53824245929718018 -0.0030980999581515789 0.067005351185798645
0.48597130179405212 0.05686940997838974 0.088722974061965942
0.53247463703155518 0.0032514019403606653 0.055394403636455536
0.51763421297073364 -0.020436946302652359 0.045776128768920898
0.49478155374526978 0.04524574801325798 0.039841022342443466
0.5267067551612854 -0.046655192971229553 0.080420292913913727
0.54250633716583252 -0.030331643298268318 0.090811498463153839
0.45134535431861877 0.061023395508527756 0.10169690102338791
0.5469403862953186 -0.019755329936742783 0.073075555264949799
0.42785671353340149 0.04400910809636116 0.030187696218490601
0.42668294906616211 0.046976540237665176 0.10067903995513916
0.48708313703536987 0.055059414356946945 0.042789343744516373
0.47039389610290527 0.070925839245319366 0.084808073937892914
0.41787827014923096 0.040913689881563187 0.039648812264204025
0.43764239549636841 0.095363162457942963 0.064920522272586823
0.53442460298538208 -0.039785843342542648 0.043459445238113403
0.50807297229766846 0.021403372287750244 0.032685644924640656
0.5375821590423584 -0.015510660596191883 0.055391617119312286
0.48613223433494568 0.026250110939145088 0.028465524315834045
0.47625166177749634 0.039307281374931335 0.1015152633190155
0.53177756071090698 -0.010939756408333778 0.090266920626163483
0.46926876902580261 0.078973859548568726 0.052897948771715164
0.52919185161590576 -0.023069795221090317 0.044901177287101746
0.51566511392593384 -0.018026450648903847 0.091024406254291534
0.49880966544151306 -0.037271264940500259 0.057114463299512863
0.5099036693572998 -0.013567816466093063 0.098082832992076874
0.47065761685371399 -0.02520068921148777 0.070400774478912354
0.42815199494361877 0.02277008444070816 0.085747279226779938
0.48614749312400818 0.02257709763944149 0.030458396300673485
0.4357278048992157 0.020125905051827431 0.090179190039634705
0.50597286224365234 0.04000462219119072 0.050409156829118729
0.49068388342857361 -0.0042248335666954517 0.031163832172751427
0.42486613988876343 0.042137499898672104 0.032439589500427246
0.52455586194992065 -0.041259825229644775 0.047370489686727524
0.51355189085006714 0.035944167524576187 0.085638076066970825
0.45183014869689941 0.012848446145653725 0.038020387291908264
0.47863557934761047 -0.028603279963135719 0.074921511113643646
0.53499418497085571 -0.017280323430895805 0.047260265797376633
0.49906948208808899 0.016671588644385338 0.031541828066110611
0.40702354907989502 0.034823175519704819 0.065212316811084747
0.53761810064315796 -0.043442133814096451 0.047579165548086166
0.54887616634368896 -0.021462703123688698 0.06064905971288681
0.48961707949638367 -0.023784300312399864 0.036071836948394775
0.43439018726348877 0.010537938214838505 0.061843607574701309
0.43525472283363342 0.01225515641272068 0.047068987041711807
0.50927430391311646 0.032814063131809235 0.041857082396745682
0.54040247201919556 -0.044809974730014801 0.083329759538173676
0.42389237880706787 0.084601938724517822 0.069483257830142975
0.46742761135101318 0.015586774796247482 0.10530401766300201
0.42701700329780579 0.083592481911182404 0.077623896300792694
0.51226091384887695 -0.039292097091674805 0.062174703925848007
0.44438990950584412 0.070799835026264191 0.10392864793539047
0.48205402493476868 0.0024977985303848982 0.031383823603391647
0.47422850131988525 0.073669150471687317 0.064090237021446228
0.4477347731590271 0.037725135684013367 0.10507919639348984
0.42008203268051147 0.075872011482715607 0.030124859884381294
0.42935565114021301 0.013718114234507084 0.05332912877202034
0.51791733503341675 0.0054747913964092731 0.036749187856912613
0.40898320078849792 0.06361301988363266 0.096413187682628632
0.51553666591644287 -0.032916340976953506 0.057324785739183426
0.55167853832244873 -0.017893074080348015 0.067496918141841888
0.46019640564918518 0.011764923110604286 0.03211342915892601
0.43114137649536133 0.070976100862026215 0.030254922807216644
0.44427773356437683 0.021977527067065239 0.096854411065578461
0.39662748575210571 0.054381739348173141 0.077779985964298248
0.51846104860305786 -0.037771880626678467 0.060548223555088043
0.41296562552452087 0.029154814779758453 0.054879970848560333
0.42462190985679626 0.085429996252059937 0.097775898873806
0.42379060387611389 0.064152203500270844 0.106561079621315
0.45763841271400452 0.0055729043669998646 0.035444010049104691
0.5221831202507019 0.0041363202035427094 0.098979704082012177
0.44914388656616211 0.024923322722315788 0.1025867685675621
0.51389223337173462 0.0057066087611019611 0.028978452086448669
0.50442624092102051 0.030089570209383965 0.0353863425552845
0.45239248871803284 0.0089394459500908852 0.068648852407932281
0.44601142406463623 0.10257040709257126 0.060213971883058548
0.49396869540214539 0.054723799228668213 0.075055025517940521
0.40931129455566406 0.063945546746253967 0.050616838037967682
0.5243690013885498 -0.047936715185642242 0.059283401817083359
0.53100305795669556 -0.042004715651273727 0.048566684126853943
0.50539124011993408 0.045681159943342209 0.066984698176383972
0.46056327223777771 0.025662558153271675 0.10292326658964157
0.51121383905410767 -0.030932975932955742 0.045650448650121689
0.52841818332672119 -0.022374141961336136 0.084111467003822327
0.54100441932678223 -0.0091832112520933151 0.052844677120447159
0.53444081544876099 -0.022017147392034531 0.050561588257551193
0.42065900564193726 0.042326886206865311 0.09988432377576828
0.39654219150543213 0.044448189437389374 0.063335716724395752
0.4448416531085968 0.09668634831905365 0.05291474238038063
0.54989820718765259 -0.02290436252951622 0.048022326081991196
0.39980977773666382 0.050980929285287857 0.088681332767009735
0.40421375632286072 0.04640980064868927 0.040571164339780807
0.44983848929405212 0.010049602948129177 0.076059818267822266
0.39837098121643066 0.05183134600520134 0.071508236229419708
0.53255742788314819 0.014745131134986877 0.060797229409217834
0.47375026345252991 -0.0096371974796056747 0.085139185190200806
0.42263400554656982 0.078711554408073425 0.04542691633105278
0.41234833002090454 0.061366919428110123 0.029183384031057358
0.41237115859985352 0.067349836230278015 0.068413048982620239
0.53514015674591064 -0.024638371542096138 0.042329870164394379
0.43868669867515564 0.096517980098724365 0.060698524117469788
0.44107756018638611 0.0052831494249403477 0.067151471972465515
0.52957487106323242 -0.0048594707623124123 0.045287959277629852
0.51597821712493896 -0.010416499339044094 0.038951538503170013
0.44845345616340637 0.096940740942955017 0.069197945296764374
0.50011813640594482 0.010709417052567005 0.02750692330300808
0.54159379005432129 -0.029229981824755669 0.083288267254829407
0.41828987002372742 0.050712540745735168 0.030846159905195236
0.41722270846366882 0.027525708079338074 0.048425722867250443
0.51687628030776978 -0.026923451572656631 0.04517756775021553
0.42249208688735962 0.039042733609676361 0.038167629390954971
0.53422212600708008 -0.011049149557948112 0.051600486040115356
0.50564193725585938 -0.019423894584178925 0.09567674994468689
0.42879927158355713 0.090020418167114258 0.038219552487134933
0.54677647352218628 -0.027057938277721405 0.048002775758504868
0.54166191816329956 -0.038764063268899918 0.088780038058757782
0.40896323323249817 0.037176467478275299 0.081534862518310547
0.46336886286735535 -0.017479991540312767 0.058083061128854752
0.55596238374710083 -0.018493464216589928 0.059216093271970749
0.43552058935165405 0.016995567828416824 0.086800441145896912
0.46007782220840454 0.069591626524925232 0.098466336727142334
0.50451844930648804 0.045225366950035095 0.058572929352521896
0.55203694105148315 -0.027435587719082832 0.079631857573986053
0.40288963913917542 0.03477029874920845 0.06836199015378952
0.51665681600570679 -0.019694948568940163 0.09627232700586319
0.45052370429039001 0.033298823982477188 0.10266844928264618
0.4967014491558075 -0.00099136598873883486 0.027571629732847214
0.54040747880935669 -0.010533547028899193 0.056977938860654831
0.44905996322631836 -0.0014899546513333917 0.04916035383939743
0.47528916597366333 0.012015481479465961 0.10536056011915207
0.55690151453018188 -0.021814705803990364 0.07203298807144165
0.42030245065689087 0.076155208051204681 0.087094582617282867
0.39993938803672791 0.057776086032390594 0.037620577961206436
0.51553750038146973 -0.02653723768889904 0.050718281418085098
0.48266392946243286 -0.028705261647701263 0.05103013664484024
0.51311367750167847 0.028172606602311134 0.09389851987361908
0.47771686315536499 0.001858991920016706 0.096429541707038879
0.49567228555679321 0.034723803400993347 0.034126739948987961
0.43438667058944702 0.096239589154720306 0.074880108237266541
0.43610319495201111 0.077897042036056519 0.032724574208259583
0.4052797257900238 0.033407710492610931 0.058693412691354752
0.49341511726379395 -0.028868634253740311 0.047510433942079544
0.45594307780265808 -0.0031556475441902876 0.048925332725048065
0.48795917630195618 -0.00019614903430920094 0.10273928195238113
0.48464697599411011 0.05172860249876976 0.042134914547204971
0.52387356758117676 -0.032490000128746033 0.04791642352938652
0.48661887645721436 -0.023399762809276581 0.041386295109987259
0.44914314150810242 0.078830339014530182 0.094970837235450745
0.4261380136013031 0.052965179085731506 0.028216645121574402
0.47282025218009949 -0.017280194908380508 0.079725593328475952
0.40488478541374207 0.059062335640192032 0.085876502096652985
0.49314305186271667 0.0095774410292506218 0.10674105584621429
0.5371813178062439 -0.016803381964564323 0.083593845367431641
0.52370661497116089 -0.05128275603055954 0.07720668613910675
0.52196753025054932 0.033404659479856491 0.062200997024774551
0.44024041295051575 0.10237880796194077 0.052484333515167236
0.48946696519851685 -0.032477255910634995 0.057730279862880707
0.49246349930763245 0.019028171896934509 0.030803311616182327
0.42917636036872864 0.087571434676647186 0.031630087643861771
0.41066598892211914 0.040883481502532959 0.045129980891942978
0.41257935762405396 0.025879960507154465 0.069869771599769592
0.40154808759689331 0.037489492446184158 0.072998091578483582
0.52334481477737427 -0.02490675076842308 0.091271370649337769
0.54697895050048828 -0.032263129949569702 0.047233495861291885
0.44027942419052124 0.054564949125051498 0.029775327071547508
0.41604986786842346 0.07592763751745224 0.098696224391460419
0.44072467088699341 0.10051683336496353 0.085364416241645813
0.42392447590827942 0.084634251892566681 0.064689591526985168
0.5128360390663147 -0.037202619016170502 0.051260951906442642
0.39417576789855957 0.051130987703800201 0.048025041818618774
0.45720747113227844 0.012920976616442204 0.082121804356575012
0.52452665567398071 0.032442834228277206 0.068122364580631256
0.52426683902740479 0.0071000196039676666 0.040848482400178909
0.42765897512435913 0.088786184787750244 0.082078255712985992
0.50934487581253052 0.017015263438224792 0.098918899893760681
0.45608621835708618 0.01156982034444809 0.089268811047077179
0.46995818614959717 0.076109983026981354 0.049033530056476593
0.43319150805473328 0.094903789460659027 0.058984562754631042
0.43811628222465515 0.056396938860416412 0.10375423729419708
0.53520911931991577 0.01757577620446682 0.064130648970603943
0.53524953126907349 -0.012675921432673931 0.087754711508750916
0.52712291479110718 -0.034152459353208542 0.043165620416402817
0.46339511871337891 0.077803127467632294 0.049481943249702454
0.41931861639022827 0.024426242336630821 0.050281263887882233
0.47602534294128418 -0.025830859318375587 0.048920631408691406
0.48665535449981689 0.0070554804988205433 0.030039846897125244
0.50022917985916138 -0.011254726909101009 0.032229878008365631
0.5129019021987915 -0.031344011425971985 0.050399668514728546
0.43829852342605591 0.097613617777824402 0.09247104823589325
0.42020145058631897 0.040912535041570663 0.03447481244802475
0.54606342315673828 -0.031978394836187363 0.087289735674858093
0.55376225709915161 -0.030003359541296959 0.077375106513500214
0.49687129259109497 0.034029863774776459 0.099771514534950256
0.49123436212539673 0.032168615609407425 0.034177195280790329
0.52133578062057495 -0.044208340346813202 0.075110793113708496
0.48251169919967651 -0.01563362218439579 0.095066085457801819
0.43975362181663513 0.0075804553925991058 0.047903604805469513
0.46425822377204895 0.075590603053569794 0.085919372737407684
0.47079393267631531 -0.012089667841792107 0.043926656246185303
0.49797087907791138 0.02429431676864624 0.030284279957413673
0.53020483255386353 -0.036507353186607361 0.09033743292093277
0.50444525480270386 -0.010703451931476593 0.028202952817082405
0.55623501539230347 -0.022075975313782692 0.060416780412197113
0.39883926510810852 0.056825384497642517 0.065554611384868622
0.43157914280891418 0.01463409885764122 0.048349898308515549
0.43166461586952209 0.062970705330371857 0.10375052690505981
0.53920918703079224 -0.003882489399984479 0.054007988423109055
0.44662570953369141 0.088745266199111938 0.044581625610589981
0.47705581784248352 0.0029906961135566235 0.032427653670310974
0.47579172253608704 -0.01286966260522604 0.036672729998826981
0.55051279067993164 -0.029130702838301659 0.071611829102039337
0.52272224426269531 -0.025048848241567612 0.049865920096635818
0.51991194486618042 -0.040084633976221085 0.070668749511241913
0.48267212510108948 0.054375205188989639 0.095048338174819946
0.44255992770195007 0.047194834798574448 0.027596965432167053
0.55217194557189941 -0.027299651876091957 0.05952245369553566
0.44934320449829102 0.093152575194835663 0.053929425776004791
0.52176326513290405 -0.029580006375908852 0.086407467722892761
0.48997417092323303 0.038166958838701248 0.032796531915664673
0.4946553111076355 -0.02858431451022625 0.091990344226360321
0.43922775983810425 0.0024746053386479616 0.062215652316808701
0.52256679534912109 0.029678568243980408 0.072078607976436615
0.53144502639770508 0.011024110019207001 0.053086832165718079
0.49094662070274353 -0.036046713590621948 0.058312475681304932
0.45536178350448608 0.033327814191579819 0.027184369042515755
0.53178924322128296 -0.021063996478915215 0.04234941303730011
0.50780320167541504 -0.0085348328575491905 0.035331554710865021
0.4159209132194519 0.071269996464252472 0.046249076724052429
0.45449838042259216 0.091964446008205414 0.052236001938581467
0.46102422475814819 0.085712723433971405 0.081884659826755524
0.5363500714302063 -0.049300864338874817 0.085746362805366516
0.42448768019676208 0.085244938731193542 0.044607836753129959
0.45426902174949646 0.084370560944080353 0.09144052118062973
0.41253548860549927 0.053406652063131332 0.035303343087434769
0.50062298774719238 0.0069459588266909122 0.027263583615422249
0.41497781872749329 0.070259205996990204 0.097237221896648407
0.51343882083892822 -0.017725549638271332 0.041669521480798721
0.51831728219985962 0.012907315045595169 0.036566037684679031
0.40907019376754761 0.045480769127607346 0.037878174334764481
0.42171686887741089 0.077687598764896393 0.034805860370397568
0.46164503693580627 0.018147610127925873 0.10151217132806778
0.51902782917022705 0.035561010241508484 0.077246181666851044
0.47590148448944092 0.0019933665171265602 0.085147775709629059
0.53305560350418091 -0.039846897125244141 0.090146370232105255
0.51286029815673828 -0.041576016694307327 0.0565636046230793
0.47757634520530701 -0.031548868864774704 0.058394830673933029
0.45143890380859375 0.0050758360885083675 0.039984818547964096
0.51865476369857788 0.028318315744400024 0.050051290541887283
0.46599245071411133 0.016839304938912392 0.028636757284402847
0.53948330879211426 -0.032825108617544174 0.087986692786216736
0.50543957948684692 0.037123780697584152 0.046108715236186981
0.41325601935386658 0.068311795592308044 0.040532521903514862
0.43426802754402161 0.0084810042753815651 0.069423690438270569
0.46267205476760864 0.057177092880010605 0.099673010408878326
0.43362605571746826 0.083465777337551117 0.033886849880218506
0.48721373081207275 0.032502416521310806 0.030195411294698715
0.45763066411018372 0.066234484314918518 0.10125565528869629
0.54665654897689819 -0.0098494933918118477 0.058015018701553345
0.41355407238006592 0.073154203593730927 0.089025005698204041
0.49068838357925415 0.059629637748003006 0.05355408787727356
0.46723654866218567 0.05219537764787674 0.030314074829220772
0.51482468843460083 -0.039128042757511139 0.074065513908863068
0.52849262952804565 -0.051611725240945816 0.051547899842262268
0.49229300022125244 -0.020025754347443581 0.097048908472061157
0.40724626183509827 0.043189272284507751 0.087544903159141541
0.48796713352203369 -0.022996941581368446 0.093442857265472412
0.42586871981620789 0.082291364669799805 0.036322832107543945
0.5411115288734436 -0.044037442654371262 0.063538700342178345
0.45659232139587402 0.093354664742946625 0.071608342230319977
0.4321247935295105 0.028284536674618721 0.094033390283584595
0.42925065755844116 0.010934495367109776 0.070666581392288208
0.51807200908660889 0.0084289498627185822 0.098690912127494812
0.4237099289894104 0.020068071782588959 0.071137458086013794
0.47789442539215088 0.062797844409942627 0.041848931461572647
0.5053521990776062 0.042923007160425186 0.079013250768184662
0.48249852657318115 0.045774567872285843 0.096727617084980011
0.4508574903011322 0.093035809695720673 0.076709866523742676
0.4670538604259491 0.082250513136386871 0.055801201611757278
0.52347558736801147 -0.023772059008479118 0.046169478446245193
0.47960427403450012 0.013747305609285831 0.10356926918029785
0.41902843117713928 0.079192765057086945 0.044520776718854904
0.5271608829498291 -0.044804509729146957 0.086345024406909943
0.39567700028419495 0.053316950798034668 0.061566546559333801
0.50753968954086304 0.0031232009641826153 0.10616976022720337
0.39162054657936096 0.048782031983137131 0.075881771743297577
0.46740207076072693 0.07934705913066864 0.060997642576694489
0.53462398052215576 -0.015749702230095863 0.0803256556391716
0.514923095703125 0.014713909476995468 0.10122004151344299
0.40285605192184448 0.044456478208303452 0.084249503910541534
0.46471977233886719 0.004273862112313509 0.072219140827655792
0.44351533055305481 0.094897717237472534 0.085154913365840912
0.48071965575218201 0.017161112278699875 0.10678216069936752
0.46092775464057922 0.088988669216632843 0.063440471887588501
0.44166180491447449 0.016814056783914566 0.041631270200014114
0.51714712381362915 -0.043230358511209488 0.06687917560338974
0.47338876128196716 -0.024132786318659782 0.081542976200580597
0.48166540265083313 0.058887150138616562 0.041485428810119629
0.51587677001953125 0.028838898986577988 0.091439925134181976
0.46496474742889404 -0.0077777495607733727 0.041548490524291992
0.55386430025100708 -0.022579288110136986 0.078103430569171906
0.43159228563308716 0.067416518926620483 0.10356467962265015
0.43811249732971191 0.026239313185214996 0.096127972006797791
0.45645016431808472 0.054179385304450989 0.10481071472167969
0.41906052827835083 0.073117814958095551 0.10638922452926636
0.41496902704238892 0.046284526586532593 0.035244904458522797
0.54720103740692139 -0.035909950733184814 0.090322315692901611
0.48357892036437988 -0.019952157512307167 0.096795298159122467
0.4730033278465271 0.0047142878174781799 0.09313606470823288
0.51908117532730103 -0.047785688191652298 0.0583219975233078
0.42328715324401855 0.027075149118900299 0.04253004863858223
0.53855937719345093 5.1080500270472839e-05 0.078707635402679443
0.55016607046127319 -0.025419525802135468 0.087410479784011841
0.48739778995513916 0.061772007495164871 0.06395045667886734
0.48677375912666321 0.015069965273141861 0.02687598392367363
0.49084487557411194 0.05872257798910141 0.064649470150470734
0.47186946868896484 0.0061344960704445839 0.098301418125629425
0.43249928951263428 0.044373255223035812 0.10453175753355026
0.53184610605239868 -0.0066808983683586121 0.054502446204423904
0.51308882236480713 0.039746329188346863 0.053542666137218475
0.46758875250816345 0.08319343626499176 0.060687005519866943
0.51694035530090332 0.019577588886022568 0.097307212650775909
0.50799369812011719 -0.016211545094847679 0.042088977992534637
0.49368745088577271 -0.0019802639726549387 0.030336109921336174
0.4366111159324646 0.091158300638198853 0.09754837304353714
0.54772675037384033 -0.0093416450545191765 0.061808522790670395
0.51116394996643066 -0.019788064062595367 0.097905673086643219
0.44851869344711304 0.011602508835494518 0.072705216705799103
0.44002813100814819 0.030478071421384811 0.034500058740377426
0.52732169628143311 -0.047329895198345184 0.066286094486713409
0.49960488080978394 -0.035332068800926208 0.051639623939990997
0.42283084988594055 0.083432748913764954 0.080692201852798462
0.408336341381073 0.029599610716104507 0.068569041788578033
0.41199767589569092 0.069934189319610596 0.10501749813556671
0.45162203907966614 -0.0013811136595904827 0.057569600641727448
0.53564268350601196 -0.030858861282467842 0.091516867280006409
0.52447032928466797 -0.0013645162107422948 0.042375087738037109
0.51816463470458984 0.021292541176080704 0.041991785168647766
0.4424976110458374 0.031515125185251236 0.10358140617609024
0.48676955699920654 -0.027598204091191292 0.08689986914396286
0.41457074880599976 0.069791674613952637 0.073381595313549042
0.50554978847503662 0.012525102123618126 0.03197188675403595
0.51661765575408936 -0.031247952952980995 0.050279472023248672
0.45815408229827881 0.036153040826320648 0.029827086254954338
0.41354659199714661 0.033180564641952515 0.051754668354988098
0.48625972867012024 -0.014877783134579659 0.10097292065620422
0.52945762872695923 0.01196788065135479 0.084186971187591553
0.45334962010383606 0.09376198798418045 0.079737737774848938
0.41721919178962708 0.025584505870938301 0.066084928810596466
0.53532767295837402 0.01444195955991745 0.075436718761920929
0.49692723155021667 0.049801230430603027 0.053135447204113007
0.47660478949546814 -0.01276142243295908 0.092526189982891083
0.53110986948013306 0.012154610827565193 0.0461607426404953
0.46015098690986633 0.012688908725976944 0.092165276408195496
0.45008388161659241 0.058507911860942841 0.10562904924154282
0.4280698299407959 0.084750674664974213 0.064441472291946411
0.52990162372589111 0.003697011386975646 0.091331057250499725
0.46769383549690247 0.023157330229878426 0.10577306896448135
0.47204500436782837 -0.0031756756361573935 0.079780034720897675
0.45358309149742126 0.081928662955760956 0.044053025543689728
0.51448464393615723 0.028374312445521355 0.040803767740726471
0.50331300497055054 0.0036878003738820553 0.10353408008813858
0.47392651438713074 0.0086502861231565475 0.028528338298201561
0.51356291770935059 -0.023562226444482803 0.087248407304286957
0.48867973685264587 0.064514324069023132 0.070933938026428223
0.53296762704849243 -0.030796770006418228 0.084167361259460449
0.43787661194801331 0.061665039509534836 0.026929628103971481
0.5116962194442749 -0.029469797387719154 0.053499124944210052
0.42298141121864319 0.079125270247459412 0.087375745177268982
0.45744207501411438 0.083336710929870605 0.089605413377285004
0.52960145473480225 -0.026254858821630478 0.087844826281070709
0.52864760160446167 -0.040587980300188065 0.045103453099727631
0.5361788272857666 -0.0059727807529270649 0.0483810193836689
0.50975209474563599 0.026751883327960968 0.093253761529922485
0.49002382159233093 0.053120944648981094 0.090481571853160858
0.45600494742393494 0.041984062641859055 0.026831440627574921
0.52417397499084473 -0.01381896436214447 0.039620488882064819
0.52221900224685669 0.0097960131242871284 0.094693794846534729
0.45196223258972168 0.041516691446304321 0.027038188651204109
0.39874333143234253 0.044014550745487213 0.04867277666926384
0.4288237988948822 0.036673273891210556 0.097230248153209686
0.45668917894363403 -0.0060949870385229588 0.055794078856706619
0.52178817987442017 0.01082566287368536 0.034243941307067871
0.44500869512557983 0.024231651797890663 0.035268452018499374
0.43494525551795959 0.062426958233118057 0.10587576776742935
0.50486409664154053 -0.0084282048046588898 0.10578862577676773
0.45575332641601562 0.061627965420484543 0.10283376276493073
0.41819211840629578 0.073782347142696381 0.038163613528013229
0.54196596145629883 -0.033055204898118973 0.046653181314468384
0.43647858500480652 0.072794735431671143 0.031421449035406113
0.51100766658782959 -0.027371319010853767 0.049854103475809097
0.42798575758934021 0.055634304881095886 0.10600096732378006
0.39518347382545471 0.052787642925977707 0.08768308162689209
0.52825230360031128 -0.011950056999921799 0.050139956176280975
0.44945141673088074 0.099608525633811951 0.060882195830345154
0.4731871485710144 -0.028546923771500587 0.071710638701915741
0.42854750156402588 0.012682389467954636 0.058298591524362564
0.40859076380729675 0.06762348860502243 0.04736887663602829
0.47606083750724792 0.0024971205275505781 0.089998476207256317
0.52710527181625366 -0.032866325229406357 0.050804581493139267
0.42237818241119385 0.018860261887311935 0.056016057729721069
0.519295334815979 -0.040680736303329468 0.056099623441696167
0.51561033725738525 -0.0061160065233707428 0.040382623672485352
0.49701455235481262 0.054433424025774002 0.053942266851663589
0.45637080073356628 0.0089933797717094421 0.034119565039873123
0.51114630699157715 0.026618378236889839 0.041174814105033875
0.4592481255531311 0.0014928551390767097 0.067163228988647461
0.4041023850440979 0.058170609176158905 0.050153862684965134
0.4540601372718811 0.091982461512088776 0.06740444153547287
0.4123290479183197 0.059309523552656174 0.10046829283237457
0.44794780015945435 0.015887236222624779 0.038301520049571991
0.51916611194610596 -0.03253525123000145 0.084561087191104889
0.52569162845611572 -0.012161512859165668 0.086310364305973053
0.5411408543586731 -0.03952312096953392 0.067733228206634521
0.51592230796813965 0.016364892944693565 0.033797938376665115
0.41949886083602905 0.0442676842212677 0.033089879900217056
0.47523835301399231 0.065098941326141357 0.086629398167133331
0.47160598635673523 0.064866594970226288 0.090224586427211761
0.51871311664581299 0.026300350204110146 0.0421772301197052
0.42670896649360657 0.025142591446638107 0.092094756662845612
0.43885236978530884 0.096707098186016083 0.068677544593811035
0.54415184259414673 -0.036188170313835144 0.063265614211559296
0.52912342548370361 0.01301240548491478 0.049260217696428299
0.39850449562072754 0.051964741200208664 0.050057977437973022
0.5336761474609375 -0.047440201044082642 0.050772327929735184
0.55321085453033447 -0.029565507546067238 0.047094404697418213
0.54461055994033813 -0.040163684636354446 0.055758405476808548
0.44517078995704651 0.052792485803365707 0.10671987384557724
0.47196614742279053 0.078342624008655548 0.075579673051834106
0.53118002414703369 -0.033874347805976868 0.042337998747825623
0.4899345338344574 -0.036571502685546875 0.062802821397781372
0.49300798773765564 0.015980130061507225 0.10536090284585953
0.49729746580123901 -0.029654145240783691 0.084827892482280731
0.45094326138496399 0.07208087295293808 0.032196413725614548
0.43591311573982239 0.044606834650039673 0.031251177191734314
0.51375657320022583 -0.018707580864429474 0.030155738815665245
0.45331031084060669 0.030466275289654732 0.10261432826519012
0.43779727816581726 0.0076506026089191437 0.063926644623279572
0.46922591328620911 0.076340168714523315 0.056484095752239227
0.52141255140304565 -0.0086906421929597855 0.045608844608068466
0.44460552930831909 0.090943306684494019 0.093207195401191711
0.45442688465118408 0.010337970219552517 0.080758146941661835
0.50851017236709595 0.027191927656531334 0.037111449986696243
0.42398405075073242 0.08021477609872818 0.055038049817085266
0.45411092042922974 0.091212406754493713 0.082545958459377289
0.49955201148986816 -0.022305941209197044 0.098384492099285126
0.45163074135780334 0.08862721174955368 0.083730213344097137
0.48235413432121277 -0.0014900413807481527 0.10116779804229736
0.51268744468688965 0.039098627865314484 0.066342517733573914
0.47431468963623047 -0.021708598360419273 0.04555121436715126
0.536307692527771 -0.017397427931427956 0.08933565765619278
0.45245730876922607 0.078983716666698456 0.036594454199075699
0.43880167603492737 0.020072471350431442 0.096624031662940979
0.50993078947067261 -0.026859598234295845 0.084936618804931641
0.4176536500453949 0.073220975697040558 0.090386062860488892
0.41920575499534607 0.027319964021444321 0.053088787943124771
0.53405189514160156 0.0060543115250766277 0.063701421022415161
0.42015206813812256 0.028154721483588219 0.089200198650360107
0.45889842510223389 -0.01206363458186388 0.059959340840578079
0.48554104566574097 0.04085986316204071 0.033194877207279205
0.49128237366676331 -0.03390086442232132 0.069362014532089233
0.51940405368804932 -0.040006391704082489 0.084555037319660187
0.44772207736968994 0.0021437127143144608 0.047535356134176254
0.51000332832336426 0.0066144885495305061 0.10474035143852234
0.43113863468170166 0.01462174579501152 0.076089926064014435
0.45233163237571716 0.06873195618391037 0.034766137599945068
0.46659755706787109 0.0097482353448867798 0.094978161156177521
0.52293491363525391 -0.047963164746761322 0.066279813647270203
0.42830148339271545 0.085031718015670776 0.099976912140846252
0.48608165979385376 0.052448410540819168 0.089651182293891907
0.45421868562698364 0.012290618382394314 0.094855383038520813
0.44162732362747192 0.095541447401046753 0.043319407850503922
0.42525753378868103 0.075092680752277374 0.030125105753540993
0.40718579292297363 0.032192736864089966 0.076468974351882935
0.46307367086410522 0.021034158766269684 0.027967426925897598
0.46281671524047852 0.0665726438164711 0.038606844842433929
0.52797150611877441 0.0095107145607471466 0.087588518857955933
0.4096142053604126 0.031493127346038818 0.080137677490711212
0.49050053954124451 -0.034637097269296646 0.079937361180782318
0.51820164918899536 -0.0096188299357891083 0.028228901326656342
0.55601650476455688 -0.023031944409012794 0.067735619843006134
0.43992173671722412 0.090244874358177185 0.040672190487384796
0.43739527463912964 0.010235590860247612 0.054429393261671066
0.44099077582359314 0.077357396483421326 0.099420763552188873
0.4530414342880249 0.039657823741436005 0.10623954981565475
0.41838744282722473 0.078516505658626556 0.094933681190013885
0.44128841161727905 0.066582225263118744 0.028271172195672989
0.54805201292037964 -0.036352749913930893 0.049550242722034454
0.4159223735332489 0.07577650249004364 0.084333546459674835
0.50423562526702881 -0.03278040885925293 0.087151780724525452
0.53694158792495728 -0.012295954860746861 0.046877522021532059
0.41935333609580994 0.043791737407445908 0.096470557153224945
0.54294455051422119 -0.01531375665217638 0.062513723969459534
0.53091335296630859 0.018378172069787979 0.084890380501747131
0.48300641775131226 -0.027100071310997009 0.042866557836532593
0.54697680473327637 -0.037521090358495712 0.084195166826248169
0.49878785014152527 0.041143376380205154 0.040835078805685043
0.47883054614067078 0.022735049948096275 0.029859172180294991
0.55552959442138672 -0.02804945781826973 0.069564230740070343
0.49930059909820557 0.03440634161233902 0.039108894765377045
0.4889761209487915 -0.00099627231247723103 0.030837364494800568
0.43635335564613342 0.024685533717274666 0.035423342138528824
0.50019598007202148 -0.024080250412225723 0.092615097761154175
0.454048752784729 0.00016231651534326375 0.064963787794113159
0.44117391109466553 0.071347162127494812 0.032141353935003281
0.54161083698272705 -0.0090270489454269409 0.062764167785644531
0.54749983549118042 -0.0324680395424366 0.075750596821308136
0.55788993835449219 -0.018534915521740913 0.069663219153881073
0.47040256857872009 -0.016454361379146576 0.049273490905761719
0.41732445359230042 0.076693303883075714 0.10517106205224991
0.43719273805618286 0.094852067530155182 0.046449482440948486
0.49739459156990051 0.056799076497554779 0.0646180659532547
0.48516428470611572 0.061656545847654343 0.055716291069984436
0.47181683778762817 0.065723039209842682 0.044301826506853104
0.43892967700958252 0.096797265112400055 0.075258679687976837
0.42818558216094971 0.084898099303245544 0.092485368251800537
0.48720043897628784 0.035804562270641327 0.099395751953125
0.44698992371559143 0.064154528081417084 0.031636659055948257
0.54700511693954468 -0.016021121293306351 0.056365124881267548
0.41989061236381531 0.075674735009670258 0.052035175263881683
0.40001517534255981 0.058119200170040131 0.051208090037107468
0.4679795503616333 -0.016669481992721558 0.053108889609575272
0.41490602493286133 0.066915184259414673 0.027878107503056526
0.47162160277366638 0.072546660900115967 0.052963372319936752
0.46378111839294434 0.078842617571353912 0.0819210484623909
0.42526218295097351 0.067458383738994598 0.10374615341424942
0.49191725254058838 -0.0095057589933276176 0.10143087804317474
0.45534971356391907 0.07083342969417572 0.099722333252429962
0.53651118278503418 -0.030351301655173302 0.045591685920953751
0.53490811586380005 -0.050903216004371643 0.080168820917606354
0.40433919429779053 0.051627743989229202 0.092787615954875946
0.42829981446266174 0.089487679302692413 0.068966157734394073
0.52947068214416504 0.020368048921227455 0.055082600563764572
0.53229570388793945 -0.028075089678168297 0.049428224563598633
0.41746452450752258 0.03326382115483284 0.091566078364849091
0.51898288726806641 0.031336687505245209 0.077398277819156647
0.45734721422195435 0.044164884835481644 0.10358186811208725
0.51506888866424561 -0.036380160599946976 0.080199882388114929
0.43107333779335022 0.027501095086336136 0.040744245052337646
0.54827231168746948 -0.031619597226381302 0.064159125089645386
0.45639336109161377 0.023329963907599449 0.10162790864706039
0.49527132511138916 -0.024616993963718414 0.092129386961460114
0.47534140944480896 0.066373519599437714 0.043082904070615768
0.53823214769363403 0.0049850535579025745 0.05818614736199379
0.51178377866744995 -0.0099239842966198921 0.02781827375292778
0.43261429667472839 0.05173414945602417 0.030489532276988029
0.40927049517631531 0.030709682032465935 0.06032320111989975
0.42670673131942749 0.030079495161771774 0.041804593056440353
0.51834237575531006 -0.042365632951259613 0.051446821540594101
0.39888483285903931 0.040029324591159821 0.074224129319190979
0.45425531268119812 0.036215480417013168 0.030026203021407127
0.51975345611572266 -0.0019180603558197618 0.10023736208677292
0.46634083986282349 0.033905178308486938 0.10371395200490952
0.53834611177444458 -0.00695425970479846 0.051798503845930099
0.5062674880027771 -0.022295067086815834 0.042377330362796783
0.49340397119522095 -0.031970102339982986 0.079772107303142548
0.47409549355506897 0.027848748490214348 0.029894134029746056
0.46627381443977356 0.0659671351313591 0.09322955459356308
0.43579551577568054 0.0096889883279800415 0.076546840369701385
0.48108047246932983 0.057410154491662979 0.093882456421852112
0.50034105777740479 -0.020139405503869057 0.040013302117586136
0.51481950283050537 0.0010713781230151653 0.10398542135953903
0.4551331102848053 0.036507643759250641 0.10360171645879745
0.46573364734649658 0.052640773355960846 0.1036076620221138
0.43952959775924683 0.084839433431625366 0.036981057375669479
0.45920282602310181 0.039486568421125412 0.027228310704231262
0.52181380987167358 0.029038602486252785 0.056868936866521835
0.51854944229125977 -0.042850326746702194 0.058896217495203018
0.42953571677207947 0.090863645076751709 0.077551104128360748
0.45020034909248352 0.0055452045053243637 0.044833790510892868
0.41362294554710388 0.054991308599710464 0.099315710365772247
0.46799993515014648 -0.0062169390730559826 0.075409360229969025
0.42688459157943726 0.083426773548126221 0.049856565892696381
0.44468572735786438 0.084720276296138763 0.035792015492916107
0.53400671482086182 0.020397577434778214 0.06116807833313942
0.4416860044002533 0.098041355609893799 0.050442572683095932
0.40436133742332458 0.062967769801616669 0.095820248126983643
0.51379525661468506 -0.0067565529607236385 0.034609220921993256
0.46900373697280884 0.0096106398850679398 0.088240057229995728
0.51898610591888428 -0.0036620197352021933 0.042564786970615387
0.48064380884170532 0.052122164517641068 0.036416687071323395
0.52446156740188599 0.020501412451267242 0.091998599469661713
0.48083791136741638 0.043723955750465393 0.031634267419576645
0.42453590035438538 0.059402942657470703 0.030431786552071571
0.52293920516967773 0.022183725610375404 0.04708418995141983
0.46223047375679016 0.079999126493930817 0.088522270321846008
0.52555644512176514 0.023425232619047165 0.087851531803607941
0.42369124293327332 0.07989770919084549 0.066097572445869446
0.44373726844787598 0.10046398639678955 0.073480084538459778
0.41135263442993164 0.040613003075122833 0.088732123374938965
0.50523489713668823 0.04882889986038208 0.059395615011453629
0.46562862396240234 -0.021785508841276169 0.068935245275497437
0.54010540246963501 -0.045147761702537537 0.070952169597148895
0.50584298372268677 0.038931544870138168 0.084853611886501312
0.4262121319770813 0.055443830788135529 0.030828908085823059
0.41914442181587219 0.025566404685378075 0.057116713374853134
0.47506630420684814 0.052642222493886948 0.096631400287151337
0.46001178026199341 0.075749903917312622 0.092988207936286926
0.54717838764190674 -0.020463630557060242 0.0530875064432621
0.39855384826660156 0.056493647396564484 0.043084863573312759
0.43309932947158813 0.077542148530483246 0.10483995825052261
0.42760339379310608 0.040163904428482056 0.1018509641289711
0.47435152530670166 0.015289693139493465 0.030348032712936401
0.48948457837104797 -0.032732702791690826 0.074799336493015289
0.44458657503128052 0.041558671742677689 0.10618875175714493
0.50323486328125 0.040213167667388916 0.090227872133255005
0.43318629264831543 0.0071402103640139103 0.066017702221870422
0.536934494972229 -0.031386427581310272 0.084199674427509308
0.44000521302223206 0.083539023995399475 0.032903909683227539
0.42302331328392029 0.079177342355251312 0.095609985291957855
0.4470275342464447 0.0025302763096988201 0.060493834316730499
0.51703178882598877 -0.037074495106935501 0.048181116580963135
0.4166538417339325 0.029778536409139633 0.086840070784091949
0.43245440721511841 0.036808833479881287 0.10146444290876389
0.44919312000274658 0.068702146410942078 0.099898718297481537
0.43945768475532532 0.097388692200183868 0.084133148193359375
0.44330903887748718 0.0072556803934276104 0.070469953119754791
0.52937787771224976 0.027009027078747749 0.072055265307426453
0.48411473631858826 -0.019871912896633148 0.093179836869239807
0.4958873987197876 -0.026522053405642509 0.043783266097307205
0.41883054375648499 0.021715095266699791 0.076555810868740082
0.46051877737045288 0.066865548491477966 0.096005596220493317
0.49854356050491333 0.047514509409666061 0.081894621253013611
0.52305901050567627 -0.033075854182243347 0.089229054749011993
0.46923825144767761 0.012130596674978733 0.028675904497504234
0.41066449880599976 0.027928801253437996 0.07210974395275116
0.43991023302078247 0.10236117243766785 0.072186671197414398
0.50240856409072876 0.043425627052783966 0.082864545285701752
0.53027307987213135 0.017238492146134377 0.078903555870056152
0.50959807634353638 0.044990397989749908 0.074264600872993469
0.51788997650146484 -0.045804653316736221 0.07757289707660675
0.50695854425430298 -0.032782521098852158 0.072636455297470093
0.43111437559127808 0.092594265937805176 0.048988845199346542
0.47148424386978149 0.011320894584059715 0.099639639258384705
0.49494358897209167 0.020474154502153397 0.1020275354385376
0.47130084037780762 -0.0074658580124378204 0.035819653421640396
0.43230441212654114 0.059792425483465195 0.029800321906805038
0.53691953420639038 -0.009682774543762207 0.080082699656486511
0.47474479675292969 0.03514513373374939 0.10275059938430786
0.52445638179779053 -0.026728475466370583 0.087230168282985687
0.54444760084152222 -0.040335420519113541 0.068849086761474609
0.48819282650947571 -0.016153575852513313 0.035973083227872849
0.44084665179252625 0.041895877569913864 0.10263942182064056
0.47760358452796936 0.038216296583414078 0.028899185359477997
0.43043437600135803 0.079982630908489227 0.031849723309278488
0.48752370476722717 -0.0070066819898784161 0.029369069263339043
0.51056033372879028 0.020020583644509315 0.096978016197681427
0.50353151559829712 0.05106402188539505 0.062262952327728271
0.50892984867095947 0.041980542242527008 0.061520367860794067
0.50150221586227417 0.049049623310565948 0.069608986377716064
0.43353617191314697 0.095302380621433258 0.083159886300563812
0.48007625341415405 -0.0077318553812801838 0.094043806195259094
0.44716766476631165 0.051999632269144058 0.10366787016391754
0.42129072546958923 0.081739887595176697 0.10199043899774551
0.51247280836105347 0.02380688302218914 0.035975057631731033
0.4851061999797821 0.063965298235416412 0.065710760653018951
0.496095210313797 -0.0010476524475961924 0.10568954795598984
0.43605819344520569 0.055430673062801361 0.027490021660923958
0.49169892072677612 0.036534346640110016 0.097220979630947113
0.48595699667930603 0.062553271651268005 0.051650803536176682
0.50122994184494019 0.052983202040195465 0.072244122624397278
0.47097724676132202 -0.013665179722011089 0.076057985424995422
0.51448500156402588 0.036296829581260681 0.058773446828126907
0.53060364723205566 -0.049095649272203445 0.085609689354896545
0.52001404762268066 0.027467109262943268 0.088243305683135986
0.45018178224563599 0.058503434062004089 0.028302678838372231
0.49094054102897644 0.031124360859394073 0.10217214375734329
0.43267905712127686 0.042985543608665466 0.10112244635820389
0.42213389277458191 0.018407728523015976 0.065753981471061707
0.54515594244003296 -0.011810776777565479 0.064612269401550293
0.44521448016166687 0.00021194848523009568 0.051780577749013901
0.48960390686988831 0.048876937478780746 0.094286821782588959
0.42958545684814453 0.011354116722941399 0.074363552033901215
0.44747453927993774 0.098168760538101196 0.078685253858566284
0.50330227613449097 -0.033547747880220413 0.067453630268573761
0.53665870428085327 -0.035377286374568939 0.088539391756057739
0.47335165739059448 0.078437060117721558 0.063361197710037231
0.43822330236434937 0.021998180076479912 0.093504093587398529
0.52213412523269653 -0.020971653982996941 0.043713748455047607
0.49387526512145996 -0.018245412036776543 0.10134968906641006
0.4024798572063446 0.056396283209323883 0.085936188697814941
0.43165573477745056 0.072568602859973907 0.10297397524118423
0.48096290230751038 -0.032106343656778336 0.08167855441570282
0.43386536836624146 0.091180168092250824 0.071121074259281158
0.49649530649185181 0.044594559818506241 0.088117785751819611
0.42293485999107361 0.032023746520280838 0.090491995215415955
0.53285032510757446 0.015613156370818615 0.051446780562400818
0.44741463661193848 0.019660405814647675 0.036437422037124634
0.52699166536331177 0.026522073894739151 0.052183963358402252
0.4028904139995575 0.038526106625795364 0.067883007228374481
0.4661598801612854 -0.00347130186855793 0.036212503910064697
0.49297860264778137 0.056106157600879669 0.060289308428764343
0.40852797031402588 0.06757015734910965 0.07125033438205719
0.51253855228424072 -0.043671257793903351 0.06629268079996109
0.44448375701904297 0.0027274070307612419 0.06440328061580658
0.525440514087677 -0.045940324664115906 0.056541789323091507
0.55233770608901978 -0.014364264905452728 0.072390623390674591
0.5242379903793335 -0.041542507708072662 0.085967227816581726
0.50822407007217407 0.043061647564172745 0.068675868213176727
0.52898621559143066 -0.039653535932302475 0.084831081330776215
0.53447234630584717 0.01992376521229744 0.069148674607276917
0.42290446162223816 0.04982757568359375 0.10049372166395187
0.43363487720489502 0.095403611660003662 0.071163170039653778
0.45617499947547913 0.011288310401141644 0.072553433477878571
0.54356175661087036 -0.041312657296657562 0.075904078781604767
0.49169355630874634 0.052062686532735825 0.084354303777217865
0.48384535312652588 0.061920695006847382 0.079817399382591248
0.41116979718208313 0.07049337774515152 0.063176654279232025
0.51990365982055664 -0.045243043452501297 0.071264274418354034
0.41773724555969238 0.077786892652511597 0.082001045346260071
0.42228057980537415 0.046935174614191055 0.0343046635389328
0.42255416512489319 0.083111144602298737 0.058847472071647644
0.50611984729766846 -0.012560112401843071 0.099847346544265747
0.48263224959373474 0.062909737229347229 0.053535040467977524
0.46255072951316833 0.055179707705974579 0.029835853725671768
0.41177508234977722 0.027636855840682983 0.05838640034198761
0.50098532438278198 -0.012465742416679859 0.10140088200569153
0.46794083714485168 0.059936929494142532 0.037404861301183701
0.419411301612854 0.023772738873958588 0.081260047852993011
0.53455758094787598 -0.0026693688705563545 0.064844042062759399
0.40929928421974182 0.063941225409507751 0.063818499445915222
0.55035591125488281 -0.029307719320058823 0.067139685153961182
0.46681556105613708 -0.0094734057784080505 0.073143810033798218
0.45729938149452209 0.047954287379980087 0.10319510102272034
0.50697708129882812 -0.028197566047310829 0.092380404472351074
0.40309509634971619 0.057070292532444 0.07415144145488739
0.44401898980140686 0.026731906458735466 0.031149312853813171
0.51841878890991211 0.016257764771580696 0.038542035967111588
0.51580381393432617 -0.012541588395833969 0.09966684877872467
0.48915603756904602 0.00016917892207857221 0.10605373978614807
0.41040465235710144 0.069658279418945312 0.082438528537750244
0.43619030714035034 0.09375549852848053 0.068063005805015564
0.48746958374977112 0.04684225469827652 0.096469767391681671
0.40690982341766357 0.047168146818876266 0.091092027723789215
0.4984530508518219 -0.0052475146949291229 0.10338793694972992
0.44025543332099915 0.011594157665967941 0.08469584584236145
0.47005683183670044 -0.021984770894050598 0.064479254186153412
0.42774704098701477 0.039868254214525223 0.098303087055683136
0.52590405941009521 0.0012575197033584118 0.04019542783498764
0.50911635160446167 0.040047645568847656 0.085598818957805634
0.52373379468917847 -0.04945160448551178 0.054132804274559021
0.42828530073165894 0.059768944978713989 0.026981322094798088
0.53877162933349609 -0.0065293288789689541 0.081005200743675232
0.48099848628044128 -0.014970359392464161 0.038978666067123413
0.45307865738868713 0.064474202692508698 0.10242132842540741
0.39997595548629761 0.053607184439897537 0.066476650536060333
0.47626006603240967 0.070362895727157593 0.05745084211230278
0.41919896006584167 0.027441062033176422 0.080666601657867432
0.49788874387741089 0.052076041698455811 0.071332871913909912
0.42392638325691223 0.017786106094717979 0.077603094279766083
0.54668122529983521 -0.037866987287998199 0.057467162609100342
0.54695808887481689 -0.017463540658354759 0.076533064246177673
0.53665256500244141 0.013353012502193451 0.065618544816970825
0.49435752630233765 0.030497213825583458 0.031237902119755745
0.48745951056480408 -0.032814100384712219 0.05027887225151062
0.54140210151672363 -0.039229225367307663 0.073978953063488007
0.47284808754920959 0.0051541444845497608 0.032928846776485443
0.39571529626846313 0.042666677385568619 0.056677520275115967
0.53479999303817749 0.012674669735133648 0.054428998380899429
0.43606492877006531 0.098087102174758911 0.055781930685043335
0.41922464966773987 0.046653918921947479 0.1008886992931366
0.44403049349784851 0.053223360329866409 0.026796260848641396
0.44850623607635498 0.012057961896061897 0.04054558277130127
0.49447029829025269 -0.011615796945989132 0.10427870601415634
0.50029128789901733 -0.0066406535916030407 0.027155391871929169
0.39725247025489807 0.055077590048313141 0.082205690443515778
0.5059666633605957 0.043825067579746246 0.075302712619304657
0.44559520483016968 0.026734855026006699 0.09956793487071991
0.48278495669364929 0.027331318706274033 0.030722038820385933
0.53709375858306885 -0.010958515107631683 0.060407742857933044
0.48335447907447815 0.032472915947437286 0.10391866415739059
0.51030701398849487 -0.029156720265746117 0.091208413243293762
0.45510667562484741 0.045093491673469543 0.029890535399317741
0.4987773597240448 -0.023966070264577866 0.040809337049722672
0.40660753846168518 0.065446913242340088 0.079700455069541931
0.54046368598937988 -0.017340926453471184 0.077558718621730804
0.41594836115837097 0.070391461253166199 0.10552524775266647
0.43283587694168091 0.075347341597080231 0.028138572350144386
0.47282612323760986 0.059870846569538116 0.0401778444647789
0.41155263781547546 0.070939958095550537 0.095682695508003235
0.52647846937179565 0.018980083987116814 0.041895199567079544
0.40233415365219116 0.060699373483657837 0.064930148422718048
0.39769059419631958 0.048833739012479782 0.083856508135795593
0.46063172817230225 0.035669963806867599 0.10677418112754822
0.41660392284393311 0.076513729989528656 0.057411573827266693
0.40332233905792236 0.047622483223676682 0.092044733464717865
0.46206244826316833 -0.0014752247370779514 0.038479842245578766
0.45851916074752808 0.064526394009590149 0.098146557807922363
0.42187723517417908 0.059540204703807831 0.10525283217430115
0.47617211937904358 -0.017110707238316536 0.08514462411403656
0.42746761441230774 0.037918873131275177 0.036290984600782394
0.47579768300056458 0.046843193471431732 0.10246722400188446
0.49129593372344971 0.061218172311782837 0.075273551046848297
0.45220047235488892 0.05093017965555191 0.1064218133687973
0.43928629159927368 0.050472971051931381 0.10356923192739487
0.41400140523910522 0.043666251003742218 0.040166657418012619
0.5445825457572937 -0.0061633405275642872 0.063268750905990601
0.41228032112121582 0.071716703474521637 0.05171213299036026
0.51115220785140991 -0.014856603927910328 0.042826846241950989
0.49748861789703369 0.030654467642307281 0.10082397609949112
0.53932583332061768 -0.046009447425603867 0.074653171002864838
0.39521580934524536 0.04833507165312767 0.073781691491603851
0.50754332542419434 -0.010499466210603714 0.10385672003030777
0.53928935527801514 -0.006262829527258873 0.065429478883743286
0.50049006938934326 0.0028013808187097311 0.10579690337181091
0.50798565149307251 0.0067700729705393314 0.028032451868057251
0.50972253084182739 0.0084044821560382843 0.10172268003225327
0.53512662649154663 -0.027134370058774948 0.091658845543861389
0.52530509233474731 -0.044951237738132477 0.049291525036096573
0.54326426982879639 -0.020640058442950249 0.082967899739742279
0.41520160436630249 0.070480108261108398 0.057323828339576721
0.46307626366615295 0.081280924379825592 0.078491687774658203
0.46116232872009277 0.063860788941383362 0.036225099116563797
0.53857183456420898 -0.04684259369969368 0.07873024046421051
0.49696788191795349 -0.030854884535074234 0.051440548151731491
0.50555908679962158 -0.0052759703248739243 0.10339643806219101
0.43645089864730835 0.098526850342750549 0.073200277984142303
0.50629609823226929 -0.025654667988419533 0.094724975526332855
0.49238467216491699 0.042340684682130814 0.040273673832416534
0.52791780233383179 -0.017075246199965477 0.08333093672990799
0.4679286777973175 0.056118909269571304 0.10051129758358002
0.45898720622062683 0.016258388757705688 0.033395692706108093
0.51977986097335815 -0.018702041357755661 0.087727189064025879
0.52653312683105469 -0.051175277680158615 0.065681703388690948
0.49497398734092712 -0.037026938050985336 0.074490971863269806
0.424520343542099 0.085278250277042389 0.040343079715967178
0.49174925684928894 0.0058923359028995037 0.026833591982722282
0.49522143602371216 0.055171642452478409 0.081417277455329895
0.4534568190574646 0.025829650461673737 0.028794258832931519
0.54765522480010986 -0.022598600015044212 0.057373601943254471
0.45049437880516052 0.00087704992620274425 0.059998113662004471
0.5267643928527832 -0.024169381707906723 0.049431294202804565
0.50690937042236328 0.0030098657589405775 0.030353968963027
0.54662168025970459 -0.0091163283213973045 0.072984702885150909
0.52578938007354736 -0.0082227606326341629 0.047537028789520264
0.45245528221130371 0.08578965812921524 0.086447857320308685
0.52760583162307739 0.021756662055850029 0.052465647459030151
0.52396607398986816 0.012576973997056484 0.036632589995861053
0.500343918800354 0.018630506470799446 0.1035403311252594
0.46684595942497253 0.080450288951396942 0.066126890480518341
0.44059565663337708 0.070657238364219666 0.10485958307981491
0.46301990747451782 -0.0096482634544372559 0.066001251339912415
0.4510330855846405 0.094712980091571808 0.067333966493606567
0.46504506468772888 -0.020545624196529388 0.058891911059617996
0.49512261152267456 -0.034150809049606323 0.050564009696245193
0.41235253214836121 0.067344792187213898 0.091302752494812012
0.43782004714012146 0.031015122309327126 0.098416663706302643
0.49373623728752136 0.011563857086002827 0.030005538836121559
0.51121258735656738 0.012303582392632961 0.10010486841201782
0.4358084499835968 0.097040638327598572 0.040889441967010498
0.50505512952804565 0.043715588748455048 0.04870155081152916
0.49946177005767822 0.042776152491569519 0.046387117356061935
0.47520402073860168 0.0077638411894440651 0.099011041224002838
0.48528498411178589 -0.03431716188788414 0.077821612358093262
0.40328562259674072 0.061740607023239136 0.045041464269161224
0.46729114651679993 -0.013944406993687153 0.049690894782543182
0.40869432687759399 0.035406794399023056 0.048293333500623703
0.44631615281105042 0.098899036645889282 0.064779825508594513
0.52208304405212402 -0.035628121346235275 0.045437570661306381
0.41475468873977661 0.063833460211753845 0.10541971772909164
0.54068279266357422 -0.040018845349550247 0.085433103144168854
0.46245688199996948 0.087860509753227234 0.07043139636516571
0.45499300956726074 0.060446243733167648 0.032601434737443924
0.47706541419029236 -0.004457221832126379 0.035185284912586212
0.4469982385635376 0.08622424304485321 0.095338009297847748
0.45637679100036621 -0.0077472631819546223 0.059980485588312149
0.47704032063484192 -0.023740233853459358 0.082407101988792419
0.44333586096763611 0.090858228504657745 0.039233218878507614
0.50526720285415649 0.01965632475912571 0.09934544563293457
0.44146618247032166 0.088888145983219147 0.096186071634292603
0.52141177654266357 0.033347852528095245 0.056178458034992218
0.49319586157798767 0.05450565367937088 0.050223980098962784
0.4120728075504303 0.032646100968122482 0.055364649742841721
0.49254295229911804 0.022080659866333008 0.10514602810144424
0.49424353241920471 0.05878937616944313 0.072978772222995758
0.44689080119132996 0.086079306900501251 0.042352374643087387
0.47268858551979065 0.07627560943365097 0.057022981345653534
0.46962904930114746 -0.017362218350172043 0.045372068881988525
0.48343655467033386 0.067759662866592407 0.07696552574634552
0.39821732044219971 0.042731773108243942 0.067720621824264526
0.506694495677948 0.023546552285552025 0.099431373178958893
0.50556415319442749 0.012601391412317753 0.10478192567825317
0.50901305675506592 -0.033113017678260803 0.06398019939661026
0.46610841155052185 0.06006428599357605 0.09697839617729187
0.53193265199661255 -0.0038560694083571434 0.089952990412712097
0.53917819261550903 -0.011232124641537666 0.067885324358940125
0.55615627765655518 -0.018990537151694298 0.076046355068683624
0.45538827776908875 0.0096801640465855598 0.037997424602508545
0.40165141224861145 0.05995313823223114 0.080554090440273285
0.42466050386428833 0.085463359951972961 0.083973310887813568
0.50885230302810669 -0.012588582932949066 0.034906100481748581
0.54719686508178711 -0.01978749968111515 0.084909714758396149
0.54992026090621948 -0.020828438922762871 0.078172124922275543
0.41689983010292053 0.072373725473880768 0.073419176042079926
0.55975174903869629 -0.022626485675573349 0.060675926506519318
0.41751107573509216 0.068420901894569397 0.03010086715221405
0.46565690636634827 -0.017590651288628578 0.070030160248279572
0.55188804864883423 -0.032089568674564362 0.064975522458553314
0.51673245429992676 0.038203705102205276 0.075519882142543793
0.50467020273208618 0.020459609106183052 0.030967988073825836
0.51318281888961792 -0.035156253725290298 0.05609738826751709
0.50320512056350708 0.032399378716945648 0.040147040039300919
0.54768705368041992 -0.018991155549883842 0.065004862844944
0.46200606226921082 0.072146974503993988 0.038075871765613556
0.44771444797515869 0.087311938405036926 0.089376702904701233
0.4294678270816803 0.020543873310089111 0.043495312333106995
0.5379987359046936 -0.021216200664639473 0.08160824328660965
0.4774756133556366 0.070275060832500458 0.0724620521068573
0.51960515975952148 -0.01853356696665287 0.034415122121572495
0.40545809268951416 0.037234365940093994 0.052187032997608185
0.54876035451889038 -0.035560294985771179 0.060022775083780289
0.40595889091491699 0.03675512969493866 0.059304703027009964
0.45093920826911926 0.042563807219266891 0.10371928662061691
0.42502680420875549 0.085847318172454834 0.051506582647562027
0.42633849382400513 0.024640826508402824 0.047509338706731796
0.48799186944961548 0.061090271919965744 0.070776261389255524
0.4415353536605835 0.038377895951271057 0.029153287410736084
0.45893344283103943 0.04289700835943222 0.0299797672778368
0.50136226415634155 0.045693591237068176 0.05293424054980278
0.48649713397026062 -0.0035021286457777023 0.031870871782302856
0.40890660881996155 0.048207398504018784 0.097357086837291718
0.47772172093391418 0.01450036745518446 0.027202697470784187
0.53850716352462769 -0.041898105293512344 0.087804839015007019
0.46127298474311829 0.030891723930835724 0.027279002591967583
0.43242561817169189 0.089591152966022491 0.081540964543819427
0.51974964141845703 0.0022340873256325722 0.10078294575214386
0.52399671077728271 0.028881220147013664 0.067905224859714508
0.42605745792388916 0.082534141838550568 0.085555732250213623
0.39115908741950989 0.045731611549854279 0.068906739354133606
0.46096095442771912 0.048533882945775986 0.030975198373198509
0.45661112666130066 0.083007879555225372 0.085265696048736572
0.42973050475120544 0.091062597930431366 0.052617199718952179
0.50761741399765015 0.047658197581768036 0.06875523179769516
0.45876333117485046 0.056906867772340775 0.1035245805978775
0.47568339109420776 -0.018121682107448578 0.045556936413049698
0.47576889395713806 -0.007098010741174221 0.082616768777370453
0.50774800777435303 -0.017390592023730278 0.038454852998256683
0.5495268702507019 -0.03470337763428688 0.070540450513362885
0.43218544125556946 0.021942025050520897 0.039947520941495895
0.48268571496009827 0.017157156020402908 0.10378193110227585
0.42820298671722412 0.082970127463340759 0.029202103614807129
0.49657344818115234 0.0085700340569019318 0.10362040251493454
0.45064863562583923 0.029049446806311607 0.031794279813766479
0.44831320643424988 0.066004246473312378 0.10428750514984131
0.55587291717529297 -0.024652687832713127 0.05100124329328537
0.51247406005859375 -0.033747892826795578 0.078874483704566956
0.46584296226501465 0.038756657391786575 0.1054496169090271
0.4915374219417572 0.047793596982955933 0.04002094641327858
0.42372184991836548 0.045358758419752121 0.10143264383077621
0.44257619976997375 0.023755593225359917 0.10059141367673874
0.43267664313316345 0.030935404822230339 0.099528498947620392
0.41311526298522949 0.03244413435459137 0.079731382429599762
0.52627712488174438 -0.053557906299829483 0.075833991169929504
0.51573503017425537 0.036245621740818024 0.064281396567821503
0.40186271071434021 0.06015704944729805 0.036015909165143967
0.52179992198944092 -0.023236464709043503 0.039796587079763412
0.50032210350036621 -0.028462851420044899 0.092330649495124817
0.39568528532981873 0.048859965056180954 0.080272108316421509
0.54592955112457275 -0.024459533393383026 0.079359844326972961
0.45959958434104919 0.07017885148525238 0.094476737082004547
0.40783071517944336 0.044268839061260223 0.093695320188999176
0.53431540727615356 -0.039799220860004425 0.086501285433769226
0.51786422729492188 -0.0015682477969676256 0.035545814782381058
0.53260070085525513 -0.032938655465841293 0.091377027332782745
0.53595662117004395 -0.0056404354982078075 0.054836876690387726
0.51821106672286987 -0.048635739833116531 0.067836292088031769
0.54800820350646973 -0.031918857246637344 0.05463770404458046
0.4156322181224823 0.065970428287982941 0.10285679996013641
0.53581428527832031 -0.043162215501070023 0.043396752327680588
0.54138875007629395 -0.010945706628262997 0.082060746848583221
0.49504125118255615 0.013369204476475716 0.10633207857608795
0.46120777726173401 -0.0035167173482477665 0.043992716819047928
0.43796426057815552 0.035058397799730301 0.10009674727916718
0.51475721597671509 -0.0014394279569387436 0.031752310693264008
0.45666074752807617 0.052659749984741211 0.028913237154483795
0.52277171611785889 0.028650453314185143 0.075361981987953186
0.42236277461051941 0.078432492911815643 0.077129349112510681
0.46973252296447754 0.042735308408737183 0.028490375727415085
0.52896028757095337 -0.045707367360591888 0.075485818088054657
0.4918876588344574 0.051037047058343887 0.042681857943534851
0.47075510025024414 0.018369065597653389 0.030368667095899582
0.44904547929763794 0.0087546296417713165 0.038774523884057999
0.55112451314926147 -0.032927598804235458 0.0773468017578125
0.50271201133728027 -0.017000289633870125 0.03486931324005127
0.47458210587501526 0.014564087614417076 0.10315825045108795
0.47748023271560669 0.025366783142089844 0.10665605962276459
0.43669188022613525 0.02073371596634388 0.042085908353328705
0.41177281737327576 0.030587963759899139 0.064446739852428436
0.53262817859649658 0.014142950065433979 0.083593808114528656
0.53356695175170898 -0.049889370799064636 0.075452670454978943
0.39199617505073547 0.046710941940546036 0.055981602519750595
0.48286581039428711 -0.030317652970552444 0.054508652538061142
0.49288669228553772 0.057900357991456985 0.076966769993305206
0.4622039794921875 0.040290400385856628 0.10612260550260544
0.51760226488113403 0.018401956185698509 0.094144523143768311
0.51785910129547119 0.034046497195959091 0.071425758302211761
0.51639610528945923 0.033979587256908417 0.048709318041801453
0.48147591948509216 -0.025163596495985985 0.047624237835407257
0.4832126796245575 -0.019246581941843033 0.036472097039222717
0.41617688536643982 0.071591965854167938 0.10231312364339828
0.48479357361793518 -0.030284129083156586 0.080264471471309662
0.42678293585777283 0.027046060189604759 0.089088290929794312
0.52702569961547852 0.0021633016876876354 0.089288584887981415
0.52974218130111694 0.0229836106300354 0.07308390736579895
0.46425539255142212 0.012560985051095486 0.10286670178174973
0.4821697473526001 -0.00022751554206479341 0.10435701906681061
0.50037997961044312 0.036279242485761642 0.092450603842735291
0.43999630212783813 0.10244604200124741 0.056687258183956146
0.50705897808074951 0.037058651447296143 0.091179825365543365
0.52310121059417725 -0.053517140448093414 0.069937363266944885
0.41180709004402161 0.066461332142353058 0.10441979765892029
0.49477434158325195 0.053636457771062851 0.057393062859773636
0.42067766189575195 0.027159247547388077 0.046473100781440735
0.46685406565666199 0.024972282350063324 0.030023690313100815
0.51380020380020142 0.004179295152425766 0.10502343624830246
0.44532561302185059 0.044886019080877304 0.10658486932516098
0.42617326974868774 0.020867908373475075 0.046521440148353577
0.49495163559913635 -0.018669126555323601 0.035521622747182846
0.42935279011726379 0.086189731955528259 0.089054793119430542
0.52895039319992065 0.023034984245896339 0.058113697916269302
0.48054057359695435 0.021535295993089676 0.10671483725309372
0.50713843107223511 0.041381672024726868 0.054726343601942062
0.42967227101325989 0.068424046039581299 0.027290357276797295
0.53323489427566528 -0.0068208556622266769 0.088830769062042236
0.50733268260955811 -0.016780795529484749 0.09714064747095108
0.47465085983276367 0.068385452032089233 0.088992364704608917
0.4278588593006134 0.088993586599826813 0.061280637979507446
0.45326057076454163 0.014178737066686153 0.087259113788604736
0.54148334264755249 -0.006288464181125164 0.057561133056879044
0.49562078714370728 -0.035918384790420532 0.078896708786487579
0.54962527751922607 -0.029349908232688904 0.088656246662139893
0.43599012494087219 0.083719760179519653 0.031423524022102356
0.43512606620788574 0.068447574973106384 0.030405685305595398
0.43051320314407349 0.087466202676296234 0.074420519173145294
0.43180632591247559 0.086715973913669586 0.034534484148025513
0.47703167796134949 0.056283257901668549 0.096100308001041412
0.52143013477325439 0.035247288644313812 0.067803636193275452
0.51445174217224121 -0.010558852925896645 0.030840976163744926
0.47869345545768738 0.071872100234031677 0.077417343854904175
0.49718299508094788 -0.026537118479609489 0.089882366359233856
0.55296784639358521 -0.014344136230647564 0.064472176134586334
0.45186510682106018 0.052605431526899338 0.030312441289424896
0.4434686005115509 0.080725319683551788 0.033360671252012253
0.50085657835006714 0.028076160699129105 0.097327068448066711
0.52660322189331055 -0.052254967391490936 0.054497949779033661
0.45618784427642822 0.086508177220821381 0.086162425577640533
0.52016150951385498 -0.035741861909627914 0.051037274301052094
0.49824416637420654 0.047304291278123856 0.050893530249595642
0.44083920121192932 0.099907375872135162 0.045719485729932785
0.43150466680526733 0.04384613037109375 0.032466016709804535
0.5204395055770874 -0.038575578480958939 0.074732758104801178
0.52704739570617676 0.018715862184762955 0.047974333167076111
0.41160151362419128 0.070951990783214569 0.033864762634038925
0.49379056692123413 0.033664833754301071 0.1012004017829895
0.45578649640083313 0.017293529585003853 0.034086655825376511
0.4435352087020874 0.0074333185330033302 0.049750544130802155
0.54245102405548096 -0.037258494645357132 0.046035949140787125
0.46760350465774536 0.056707195937633514 0.035568270832300186
0.50060051679611206 0.047916963696479797 0.084990307688713074
0.5517953634262085 -0.019110267981886864 0.07266564667224884
0.47576186060905457 0.043813444674015045 0.030462499707937241
0.41804599761962891 0.078121200203895569 0.070320054888725281
0.41111302375793457 0.065975949168205261 0.099028527736663818
0.50886225700378418 0.002631030511111021 0.10306202620267868
0.53583461046218872 -0.028480453416705132 0.087492570281028748
0.45311802625656128 0.016354436054825783 0.097278296947479248
0.5242958664894104 0.0068245702423155308 0.092742957174777985
0.52797478437423706 0.015452026389539242 0.091291904449462891
0.46929323673248291 0.032394580543041229 0.10648377239704132
0.55613958835601807 -0.027381550520658493 0.057358548045158386
0.4723227322101593 0.020672472193837166 0.106590636074543
0.48688057065010071 0.040599130094051361 0.097361326217651367
0.42490896582603455 0.014613072387874126 0.065749801695346832
0.51707977056503296 0.022373409941792488 0.091527551412582397
0.53382390737533569 -0.023710988461971283 0.091208614408969879
0.45211109519004822 0.055511046200990677 0.027706475928425789
0.5186808705329895 -0.014472086913883686 0.035139922052621841
0.48967763781547546 0.051007062196731567 0.087829127907752991
0.48615959286689758 -0.032375846058130264 0.073144569993019104
0.45310220122337341 0.035425338894128799 0.10637415945529938
0.51446038484573364 0.037223637104034424 0.070726186037063599
0.52082282304763794 0.0033112179953604937 0.040431976318359375
0.4274480938911438 0.077626883983612061 0.030755063518881798
0.51469135284423828 -0.040068607777357101 0.070593371987342834
0.45840215682983398 0.023740863427519798 0.10530239343643188
0.41819557547569275 0.046182714402675629 0.036336347460746765
0.42582842707633972 0.016614044085144997 0.053936772048473358
0.44593283534049988 0.0025669648312032223 0.054363824427127838
0.50756478309631348 -0.035618424415588379 0.083374440670013428
0.54871678352355957 -0.035613123327493668 0.053457934409379959
0.45907437801361084 0.035006273537874222 0.10371667891740799
0.41552075743675232 0.027937047183513641 0.060072235763072968
0.45618441700935364 0.078908376395702362 0.043429400771856308
0.45701685547828674 0.074967831373214722 0.040788669139146805
0.51385819911956787 0.0018813967471942306 0.029495907947421074
0.48476418852806091 0.026629624888300896 0.10575554519891739
0.48908042907714844 0.016666462644934654 0.10653620958328247
0.47449290752410889 0.00068482162896543741 0.033990837633609772
0.4540589451789856 0.086434789001941681 0.043969690799713135
0.46699115633964539 0.063833765685558319 0.035349439829587936
0.45024377107620239 0.013506853953003883 0.082142077386379242
0.43746516108512878 0.036499541252851486 0.10330235958099365
0.50994217395782471 -0.041443817317485809 0.067551031708717346
0.54196476936340332 -0.038614541292190552 0.060650419443845749
0.46350166201591492 0.074484445154666901 0.045574989169836044
0.45957884192466736 0.0856657475233078 0.075282588601112366
0.43327954411506653 0.094388775527477264 0.096053503453731537
0.42345309257507324 0.084090366959571838 0.033434819430112839
0.5493161678314209 -0.015565551817417145 0.060062874108552933
0.52074712514877319 -0.013594811782240868 0.0318649522960186
0.4188559353351593 0.034763555973768234 0.04388943687081337
0.43222194910049438 0.084450840950012207 0.10306672006845474
0.51129311323165894 0.015604873187839985 0.034824546426534653
0.47796338796615601 0.06577649712562561 0.051160708069801331
0.53401070833206177 -0.047425221651792526 0.071201518177986145
0.46447479724884033 -0.019267229363322258 0.066104605793952942
0.43502652645111084 0.096952155232429504 0.079581454396247864
0.5137556791305542 -0.035854045301675797 0.083345904946327209
0.5311206579208374 0.012987950816750526 0.079945601522922516
0.54109251499176025 -0.037036001682281494 0.091821461915969849
0.42416152358055115 0.084891125559806824 0.055993467569351196
0.53723990917205811 -0.043847370892763138 0.068252973258495331
0.47311249375343323 0.077733367681503296 0.068351715803146362
0.43003037571907043 0.01114948932081461 0.063419975340366364
0.44182655215263367 0.011066758073866367 0.071901582181453705
0.46432632207870483 0.01090727373957634 0.090666703879833221
0.44231927394866943 0.0043548475950956345 0.060170240700244904
0.50461924076080322 0.04691290482878685 0.052575800567865372
0.52329635620117188 0.028580917045474052 0.049972124397754669
0.44096121191978455 0.060858160257339478 0.10643582046031952
0.47055524587631226 0.038024153560400009 0.10597694665193558
0.47787952423095703 -0.033014509826898575 0.06360703706741333
0.44533365964889526 0.10008982568979263 0.051965489983558655
0.43644547462463379 0.098523356020450592 0.076906077563762665
0.44943723082542419 0.034848608076572418 0.10585296154022217
0.43912923336029053 0.025460083037614822 0.033639483153820038
0.46919530630111694 0.067511714994907379 0.039178624749183655
0.5223802924156189 -0.046839315444231033 0.062430329620838165
0.40586265921592712 0.049213416874408722 0.041522718966007233
0.43745976686477661 0.014703186228871346 0.083662353456020355
0.53104150295257568 0.018973801285028458 0.073870271444320679
0.54172348976135254 -0.0036108670756220818 0.071736693382263184
0.47631236910820007 0.05957852303981781 0.038048792630434036
0.52654331922531128 0.02199212834239006 0.045054309070110321
0.48916184902191162 0.0097209839150309563 0.10378539562225342
0.45623570680618286 0.019707353785634041 0.029791124165058136
0.48726624250411987 -0.034790702164173126 0.056120559573173523
0.48462909460067749 -0.033652562648057938 0.05392046645283699
0.42552438378334045 0.071114085614681244 0.10572405904531479
0.52176809310913086 -0.022062789648771286 0.088655613362789154
0.45604029297828674 0.0051447302103042603 0.040636949241161346
0.51321035623550415 -0.0051118475385010242 0.037510596215724945
0.43151399493217468 0.016965487971901894 0.086722433567047119
0.52674686908721924 -0.017663154751062393 0.039878550916910172
0.51674574613571167 -0.037564568221569061 0.084943972527980804
0.51171886920928955 -0.037357259541749954 0.073861241340637207
0.51479798555374146 -0.045259583741426468 0.06300518661737442
0.40105655789375305 0.054815188050270081 0.081222034990787506
0.52598220109939575 -0.056324396282434464 0.065443120896816254
0.41436147689819336 0.038055785000324249 0.088888511061668396
0.47751089930534363 0.061415161937475204 0.045120783150196075
0.4171450138092041 0.049893882125616074 0.10196315497159958
0.41143539547920227 0.070782259106636047 0.054993681609630585
0.42563116550445557 0.052790295332670212 0.10479135066270828
0.4407355785369873 0.0014707577647641301 0.05855226144194603
0.4443306028842926 0.0033739586360752583 0.049214668571949005
0.45518860220909119 0.075900092720985413 0.097327500581741333
0.53092390298843384 -0.046194706112146378 0.046371445059776306
0.42994096875190735 0.086826682090759277 0.066893741488456726
0.47853341698646545 0.030613157898187637 0.027557583525776863
0.47731390595436096 0.0059997402131557465 0.029028095304965973
0.55285340547561646 -0.02257809229195118 0.083194680511951447
0.49901187419891357 -0.018928812816739082 0.097331561148166656
0.53763002157211304 -0.043406195938587189 0.081006832420825958
0.42272275686264038 0.030011089518666267 0.045134399086236954
0.48478686809539795 0.044842120260000229 0.037471286952495575
0.50374823808670044 -0.03074614517390728 0.08020453155040741
0.4629758894443512 0.043999087065458298 0.10303716361522675
0.48639541864395142 -0.025325927883386612 0.090389072895050049
0.40929153561592102 0.068419478833675385 0.075391963124275208
0.51633447408676147 -0.047254186123609543 0.070753365755081177
0.52547448873519897 0.0064555136486887932 0.03769955039024353
0.49267417192459106 -0.025405619293451309 0.037846464663743973
0.51493310928344727 0.0081628346815705299 0.03322572261095047
0.5392690896987915 -0.046089697629213333 0.049184449017047882
0.42074435949325562 0.081097371876239777 0.047946933656930923
0.50072121620178223 0.02353174053132534 0.10173841565847397
0.47587573528289795 -0.010172851383686066 0.090485066175460815
0.39879921078681946 0.052733931690454483 0.093745000660419464
0.49166658520698547 -0.015084857121109962 0.099497601389884949
0.40036410093307495 0.039024278521537781 0.078291215002536774
0.45018807053565979 0.012881893664598465 0.094937652349472046
0.395396888256073 0.045348972082138062 0.068913735449314117
0.45430108904838562 0.079585254192352295 0.091009467840194702
0.40870675444602966 0.034300848841667175 0.074319206178188324
0.48151889443397522 -0.029835797846317291 0.078558258712291718
0.41626808047294617 0.076134391129016876 0.04709232971072197
0.46288770437240601 0.088067077100276947 0.066214464604854584
0.46438696980476379 0.0050506321713328362 0.036093685775995255
0.42024913430213928 0.07672099769115448 0.026866445317864418
0.50138002634048462 0.050022915005683899 0.080350324511528015
0.46190103888511658 0.010001469403505325 0.094880640506744385
0.41015809774398804 0.050145611166954041 0.03817455843091011
0.44939780235290527 0.073398947715759277 0.097844652831554413
0.42879951000213623 0.040768768638372421 0.031025100499391556
0.43557149171829224 0.022205935791134834 0.037797920405864716
0.51231813430786133 0.020728982985019684 0.037904988974332809
0.45879650115966797 0.083047956228256226 0.051118053495883942
0.41343572735786438 0.06853649765253067 0.077909417450428009
0.4396720826625824 0.10209007561206818 0.061799205839633942
0.49167811870574951 0.010347750037908554 0.026828603819012642
0.50883030891418457 -0.01389709860086441 0.028133515268564224
0.45945048332214355 0.088360637426376343 0.054008089005947113
0.51830816268920898 -0.011908129788935184 0.093243323266506195
0.51113200187683105 0.033968187868595123 0.048479214310646057
0.47820690274238586 -0.028190799057483673 0.051863368600606918
0.48289978504180908 -0.012761346064507961 0.10042896866798401
0.50721627473831177 -0.027777725830674171 0.048936586827039719
0.54161655902862549 -0.024527907371520996 0.043548151850700378
0.444517582654953 0.089072719216346741 0.090411804616451263
0.46489322185516357 0.046191401779651642 0.031232401728630066
0.43517136573791504 0.097094371914863586 0.052694350481033325
0.42735621333122253 0.016669467091560364 0.070331461727619171
0.52449250221252441 0.016462264582514763 0.042910084128379822
0.43802452087402344 0.100266233086586 0.065679393708705902
0.43525195121765137 0.053908880800008774 0.10355270653963089
0.55500757694244385 -0.028638653457164764 0.054164476692676544
0.53017032146453857 -0.044330935925245285 0.083593681454658508
0.53189367055892944 0.023598775267601013 0.055605009198188782
0.39790499210357666 0.044934190809726715 0.08507305383682251
0.44359031319618225 0.015622371807694435 0.096489168703556061
0.44980740547180176 0.013624906539916992 0.035131979733705521
0.53379368782043457 0.0054166018962860107 0.072379641234874725
0.45403170585632324 0.048274695873260498 0.030052971094846725
0.43554642796516418 0.092620357871055603 0.039546690881252289
0.47003710269927979 0.068441703915596008 0.088121719658374786
0.40446341037750244 0.058568034321069717 0.045989751815795898
0.49845534563064575 -0.030439646914601326 0.04378993809223175
0.40749317407608032 0.066398710012435913 0.035658430308103561
0.40087655186653137 0.045338299125432968 0.087549395859241486
0.53082317113876343 -0.055434633046388626 0.075936481356620789
0.43821033835411072 0.01304616779088974 0.048640787601470947
0.40368163585662842 0.062211241573095322 0.09138575941324234
0.429963618516922 0.091343075037002563 0.084954261779785156
0.51931244134902954 0.021919203922152519 0.094692938029766083
0.40798550844192505 0.034213263541460037 0.070887818932533264
0.4758676290512085 0.056160472333431244 0.039509866386651993
0.41980764269828796 0.030229471623897552 0.085660994052886963
0.53258520364761353 -0.0073299184441566467 0.077411256730556488
0.47496470808982849 -0.025270666927099228 0.058608323335647583
0.45727694034576416 0.0011854242766276002 0.042937938123941422
0.51668494939804077 0.0077805113978683949 0.030331952497363091
0.52640074491500854 -0.030168192461133003 0.046697463840246201
0.49452245235443115 -0.032993998378515244 0.085172288119792938
0.49022975564002991 -0.029245959594845772 0.090609386563301086
0.52985495328903198 -0.02782866545021534 0.041852101683616638
0.42803278565406799 0.072458699345588684 0.10339836776256561
0.44850584864616394 0.096239231526851654 0.060334466397762299
0.39228993654251099 0.049566488713026047 0.068078316748142242
0.52716434001922607 0.029677389189600945 0.06495840847492218
0.50857526063919067 -0.038693923503160477 0.056104958057403564
0.39488697052001953 0.042693939059972763 0.074487417936325073
0.46480473875999451 -0.011874041520059109 0.044971030205488205
0.49274912476539612 -0.012320614419877529 0.032784715294837952
0.4660203754901886 0.078854434192180634 0.077986277639865875
0.5241050124168396 -0.036197241395711899 0.08846341073513031
0.54388797283172607 -0.040953319519758224 0.072533696889877319
0.42600491642951965 0.086805067956447601 0.10205152630805969
0.48474013805389404 0.0042586689814925194 0.1060665175318718
0.46825018525123596 -0.011603225953876972 0.07670428603887558
0.43590685725212097 0.093435987830162048 0.060288801789283752
0.45710784196853638 0.087348021566867828 0.076843373477458954
0.5207478404045105 0.031004969030618668 0.060101110488176346
0.54065996408462524 -0.0026229559443891048 0.064351342618465424
0.44764307141304016 0.07277148962020874 0.034684844315052032
0.55296474695205688 -0.023680781945586205 0.053305909037590027
0.54639101028442383 -0.033695299178361893 0.078723840415477753
0.46784088015556335 -0.020085671916604042 0.054324992001056671
0.46000909805297852 0.0091370018199086189 0.088343903422355652
0.46830618381500244 0.000469984021037817 0.036625035107135773
0.51731568574905396 -0.020098632201552391 0.038387726992368698
0.48543030023574829 -0.0065422737970948219 0.10381506383419037
0.44478738307952881 0.062218829989433289 0.10581006109714508
0.41621705889701843 0.028182664886116982 0.076347783207893372
0.53077739477157593 0.021592278033494949 0.064406737685203552
0.53147596120834351 -0.040874462574720383 0.08118949830532074
0.4603399932384491 -0.0038042599335312843 0.061615336686372757
0.43002161383628845 0.086905300617218018 0.051028124988079071
0.49947729706764221 0.050525419414043427 0.061609875410795212
0.52968788146972656 -0.049232788383960724 0.04952196404337883
0.45836308598518372 0.018073532730340958 0.10373586416244507
0.52274066209793091 -0.029184548184275627 0.047659594565629959
0.50739896297454834 -0.037718769162893295 0.069380857050418854
0.53403192758560181 -0.027615753933787346 0.045779842883348465
0.43727529048919678 0.0094708418473601341 0.067985802888870239
0.43952378630638123 0.071783863008022308 0.10166554898023605
0.41669762134552002 0.023776711896061897 0.072049401700496674
0.41383546590805054 0.063266746699810028 0.03152088075876236
0.50820755958557129 -0.0099545903503894806 0.032000552862882614
0.39834251999855042 0.056270178407430649 0.058931376785039902
0.51450437307357788 -0.040765825659036636 0.053407292813062668
0.48441135883331299 -0.015434845350682735 0.033691477030515671
0.54729151725769043 -0.025965789332985878 0.083915926516056061
0.47044709324836731 -0.020648997277021408 0.056985959410667419
0.47730034589767456 0.065360963344573975 0.083912402391433716
0.46801117062568665 0.031865019351243973 0.029830630868673325
0.48976892232894897 -0.028014378622174263 0.046771906316280365
0.44066420197486877 0.017484355717897415 0.03754318505525589
0.47535166144371033 0.072609752416610718 0.069830052554607391
0.43134978413581848 0.01693384163081646 0.052079379558563232
0.48204958438873291 0.0081257065758109093 0.10561612248420715
0.46683546900749207 0.080062016844749451 0.071453079581260681
0.4536382257938385 0.055753231048583984 0.10243780910968781
0.51061356067657471 -0.030693612992763519 0.078038983047008514
0.44811540842056274 0.030401913449168205 0.1036856546998024
0.5339391827583313 -0.051991339772939682 0.059595122933387756
0.45003512501716614 0.086822934448719025 0.040837913751602173
0.50342732667922974 0.00030126183992251754 0.1037418320775032
0.49405869841575623 -0.037650380283594131 0.066203564405441284
0.4758571982383728 -0.0034960000775754452 0.093446247279644012
0.40374639630317688 0.042238134890794754 0.051384381949901581
0.49658721685409546 -0.037453241646289825 0.059593502432107925
0.49966281652450562 0.0043470039963722229 0.029886031523346901
0.47336152195930481 0.020669892430305481 0.029919637367129326
0.48817318677902222 0.0058860168792307377 0.027007676661014557
0.47273758053779602 -0.013729710131883621 0.079241171479225159
0.53509098291397095 -0.0078885098919272423 0.069968976080417633
0.52117836475372314 0.03142823651432991 0.065741166472434998
0.43131864070892334 0.010629377327859402 0.056478187441825867
0.41426563262939453 0.069113761186599731 0.030399082228541374
0.51328742504119873 -0.006302208174020052 0.031003490090370178
0.49887394905090332 -0.016692280769348145 0.032180540263652802
0.46545636653900146 0.001880614785477519 0.069632820785045624
0.4518255889415741 0.095960870385169983 0.073534756898880005
0.48766148090362549 -0.010840411297976971 0.030526963993906975
0.43652379512786865 0.015973588451743126 0.04689382016658783
0.52461206912994385 -0.040423881262540817 0.082139335572719574
0.49859818816184998 -0.0083789341151714325 0.030615871772170067
0.41220274567604065 0.034652922302484512 0.04508507251739502
0.55976635217666626 -0.023231182247400284 0.072969488799571991
0.51538527011871338 0.003164410125464201 0.03512122854590416
0.42508658766746521 0.08591131865978241 0.048178769648075104
0.45587849617004395 0.033810935914516449 0.10549786686897278
0.45146241784095764 0.014951837249100208 0.090195707976818085
0.51727408170700073 0.027260692790150642 0.047040771692991257
0.4457584023475647 0.089469954371452332 0.041044816374778748
0.55322045087814331 -0.016690853983163834 0.076155707240104675
0.44002166390419006 0.089440047740936279 0.037366315722465515
0.47996139526367188 0.047498308122158051 0.09949512779712677
0.4216010570526123 0.082077689468860626 0.092812202870845795
0.43304365873336792 0.094752535223960876 0.077536128461360931
0.47752192616462708 0.017911765724420547 0.026856409385800362
0.42801946401596069 0.016689030453562737 0.059974640607833862
0.53389698266983032 -0.0032060656230896711 0.060221455991268158
0.40588954091072083 0.060157954692840576 0.059083007276058197
0.51197874546051025 0.0361221544444561 0.052951086312532425
0.52387547492980957 -0.041759129613637924 0.051369789987802505
0.47505843639373779 -0.012921987101435661 0.041338436305522919
0.49518540501594543 0.014052667655050755 0.027357552200555801
0.46729671955108643 0.0068162539973855019 0.034132905304431915
0.51997637748718262 -0.032461807131767273 0.044501271098852158
0.43933257460594177 0.021338576450943947 0.0398116335272789
0.43945729732513428 0.097367890179157257 0.05425584688782692
0.4220043420791626 0.024807639420032501 0.08530021458864212
0.47639447450637817 -0.022889686748385429 0.050782278180122375
0.47787162661552429 0.017548363655805588 0.10371081531047821
0.42923441529273987 0.062977947294712067 0.026800988242030144
0.47750189900398254 0.0036991960369050503 0.10463795810937881
0.45517739653587341 0.014722377993166447 0.10158461332321167
0.42041563987731934 0.058899726718664169 0.1023390144109726
0.54232972860336304 -0.026221092790365219 0.082089073956012726
0.47193136811256409 0.048835445195436478 0.033877316862344742
0.51989781856536865 -0.022179899737238884 0.048637878149747849
0.49092781543731689 0.040261711925268173 0.038036994636058807
0.47917088866233826 0.010468365624547005 0.10316714644432068
0.46314281225204468 0.086286574602127075 0.059838563203811646
0.54089200496673584 -0.021684933453798294 0.047992657870054245
0.47200000286102295 0.0091599561274051666 0.094037152826786041
0.43216195702552795 0.057488206773996353 0.10662592947483063
0.52364844083786011 -0.053465306758880615 0.066599942743778229
0.49761456251144409 -0.038302633911371231 0.064071871340274811
0.46885624527931213 0.062389325350522995 0.039440963417291641
0.45846065878868103 0.060544554144144058 0.099829860031604767
0.50997000932693481 0.040603537112474442 0.049966719001531601
0.53697413206100464 -0.018760938197374344 0.08626227080821991
0.47134390473365784 -0.026129139587283134 0.075061529874801636
0.52857047319412231 -0.056670181453227997 0.070945732295513153
0.55450701713562012 -0.01564691960811615 0.070001348853111267
0.51698338985443115 -0.031933426856994629 0.087825186550617218
0.43118426203727722 0.092685997486114502 0.0698813796043396
0.43986457586288452 0.090726904571056366 0.092517673969268799
0.52946430444717407 -0.016362879425287247 0.047247909009456635
0.44888311624526978 0.0098174046725034714 0.069392353296279907
0.47068238258361816 0.0031162265222519636 0.081306919455528259
0.50608235597610474 -0.038835879415273666 0.07583211362361908
0.51673364639282227 0.032027147710323334 0.053324505686759949
0.40934568643569946 0.059508409351110458 0.10292591154575348
0.47937488555908203 0.0097672492265701294 0.030489230528473854
0.49141556024551392 -0.021453745663166046 0.099907033145427704
0.51384496688842773 0.033218596130609512 0.050882577896118164
0.5061417818069458 0.006921709980815649 0.030852712690830231
0.44909098744392395 0.011930389329791069 0.089308492839336395
0.49767589569091797 0.031549833714962006 0.032954595983028412
0.43406975269317627 0.046240769326686859 0.10227496176958084
0.4654259979724884 0.067898795008659363 0.041177451610565186
0.52123147249221802 0.028758296743035316 0.078669652342796326
0.48711416125297546 0.042899880558252335 0.099729649722576141
0.49770230054855347 0.012807131744921207 0.10304003953933716
0.51135480403900146 -0.038766674697399139 0.06533920019865036
0.48289072513580322 0.061868958175182343 0.045611891895532608
0.48586493730545044 0.013458633795380592 0.106564000248909
0.48937371373176575 0.0027301611844450235 0.10336025804281235
0.49569836258888245 0.043018847703933716 0.093576595187187195
0.42608112096786499 0.082566633820533752 0.094736292958259583
0.42341545224189758 0.079575091600418091 0.041327252984046936
0.54266703128814697 -0.021961702033877373 0.088677167892456055
0.5097959041595459 -0.0035916462074965239 0.10207569599151611
0.48672056198120117 -0.031575806438922882 0.085800670087337494
0.3953326940536499 0.046993851661682129 0.051068965345621109
0.42273911833763123 0.070326775312423706 0.10374480485916138
0.42305925488471985 0.069213494658470154 0.029764445498585701
0.47824177145957947 0.064695216715335846 0.088865399360656738
0.44121715426445007 0.021851245313882828 0.095186769962310791
0.5266309380531311 -0.019764898344874382 0.091074384748935699
0.48030644655227661 0.042571146041154861 0.10184609889984131
0.4585721492767334 0.012874961830675602 0.099856011569499969
0.49245744943618774 -0.031544845551252365 0.08730652928352356
0.43019229173660278 0.01004436518996954 0.067614622414112091
0.50157707929611206 0.041824322193861008 0.042467739433050156
0.46982240676879883 0.018638810142874718 0.10312484949827194
0.53835481405258179 -0.042620662599802017 0.054563499987125397
0.44404390454292297 0.079083375632762909 0.10058595985174179
0.48433107137680054 0.036921583116054535 0.033613119274377823
0.44361811876296997 0.063877008855342865 0.027820192277431488
0.4093557596206665 0.064023710787296295 0.09299866110086441
0.45866489410400391 0.041229948401451111 0.1067042201757431
0.42176970839500427 0.018093965947628021 0.073050267994403839
0.52269673347473145 0.016694627702236176 0.095733672380447388
0.46343493461608887 0.081716038286685944 0.048619057983160019
0.46180933713912964 0.0067047774791717529 0.071856401860713959
0.54863053560256958 -0.019835630431771278 0.068603456020355225
0.40449175238609314 0.0333254374563694 0.071074135601520538
0.44312465190887451 0.0081536788493394852 0.066378109157085419
0.49398729205131531 0.034164752811193466 0.097377754747867584
0.47409334778785706 -0.028470231220126152 0.067137934267520905
0.47391846776008606 0.061764735728502274 0.095483683049678802
0.54843598604202271 -0.035910800099372864 0.073407933115959167
0.50171715021133423 0.021760623902082443 0.033816002309322357
0.48576238751411438 0.067084655165672302 0.062202736735343933
0.54382771253585815 -0.0084604294970631599 0.076467223465442657
0.43400529026985168 0.056968528777360916 0.029845260083675385
0.46314144134521484 0.039362996816635132 0.026979014277458191
0.42969992756843567 0.09103810042142868 0.06641755998134613
0.54796785116195679 -0.036436799913644791 0.063098765909671783
0.46624988317489624 0.015553787350654602 0.031659804284572601
0.41369837522506714 0.068809375166893005 0.051084406673908234
0.54913616180419922 -0.028882218524813652 0.081254176795482635
0.5297311544418335 -0.039770901203155518 0.089667350053787231
0.40132600069046021 0.055119015276432037 0.088745459914207458
0.45550578832626343 0.02944415807723999 0.10494809597730637
0.42181462049484253 0.082303717732429504 0.077108338475227356
0.40629756450653076 0.045336265116930008 0.044622994959354401
0.46540623903274536 0.0096058780327439308 0.085372395813465118
0.49789822101593018 0.045022234320640564 0.091460458934307098
0.48793333768844604 0.020830228924751282 0.10314341634511948
0.49789240956306458 -0.033093933016061783 0.074314780533313751
0.49267709255218506 0.047168217599391937 0.088997781276702881
0.47695872187614441 0.030091807246208191 0.10322508960962296
0.48305472731590271 -0.032060977071523666 0.070565670728683472
0.48806720972061157 -0.031191499903798103 0.04667261615395546
0.43289217352867126 0.083043456077575684 0.10002255439758301
0.53767591714859009 -0.047851495444774628 0.055634766817092896
0.46520018577575684 -0.0070248502306640148 0.069187358021736145
0.52051776647567749 -0.007588499691337347 0.032291334122419357
0.4242115318775177 0.049639955163002014 0.032703768461942673
0.47438713908195496 0.070372499525547028 0.085160955786705017
0.4615231454372406 0.086831718683242798 0.078738167881965637
0.40201517939567566 0.055850464850664139 0.040917586535215378
0.42743998765945435 0.062320299446582794 0.10569231957197189
0.45369261503219604 -0.0061685624532401562 0.057146444916725159
0.49533894658088684 0.044914595782756805 0.044718381017446518
0.50352340936660767 -0.023363824933767319 0.039809521287679672
0.51152312755584717 0.018687006086111069 0.10080996155738831
0.45797452330589294 0.064293801784515381 0.031688518822193146
0.41454789042472839 0.069741889834403992 0.037523124366998672
0.42041274905204773 0.022897804155945778 0.070043295621871948
0.42808079719543457 0.046106938272714615 0.03272005170583725
0.49427804350852966 -0.028091587126255035 0.087466485798358917
0.50456726551055908 -0.0015890004578977823 0.026828059926629066
0.43101206421852112 0.092474266886711121 0.039303828030824661
0.46623900532722473 0.070383869111537933 0.093449823558330536
0.48048299551010132 -0.031191660091280937 0.062780752778053284
0.41939157247543335 0.063140802085399628 0.10532856732606888
0.47913250327110291 -0.0077781481668353081 0.10007037222385406
0.4932420551776886 0.025860236957669258 0.030398879200220108
0.49984237551689148 0.0086749149486422539 0.1033400297164917
0.48299151659011841 0.0050723450258374214 0.10287418961524963
0.50894069671630859 -0.013609965331852436 0.040326815098524094
0.53113049268722534 -0.050269704312086105 0.055592205375432968
0.44654300808906555 0.019100874662399292 0.10007312148809433
0.51601779460906982 0.0060715950094163418 0.10021309554576874
0.55889290571212769 -0.024149617180228233 0.057111267000436783
0.52385091781616211 -0.042859766632318497 0.060995776206254959
0.52553683519363403 -0.055147144943475723 0.072335615754127502
0.51125091314315796 0.023045912384986877 0.094860956072807312
0.53354966640472412 -0.05241631343960762 0.069685302674770355
0.5156751275062561 0.030100336298346519 0.084808990359306335
0.3979390561580658 0.051362354308366776 0.085929863154888153
0.41172826290130615 0.042861893773078918 0.04238872230052948
0.44552895426750183 0.014076869003474712 0.083469904959201813
0.47077575325965881 0.049687430262565613 0.099744424223899841
0.4434654712677002 0.096282221376895905 0.08922993391752243
0.52344918251037598 0.026659822091460228 0.086233712732791901
0.49316641688346863 0.05002899095416069 0.04827500507235527
0.4124566912651062 0.047939952462911606 0.09858732670545578
0.53322219848632812 -0.044432491064071655 0.088912680745124817
0.52469712495803833 -0.018130064010620117 0.044058561325073242
0.45466956496238708 -0.00050367577932775021 0.047035656869411469
0.54024761915206909 -0.012260476127266884 0.084851182997226715
0.43312731385231018 0.090372376143932343 0.086415380239486694
0.50602668523788452 0.019329143688082695 0.10259289294481277
0.52968460321426392 0.0024982192553579807 0.084787189960479736
0.4205990731716156 0.054147709161043167 0.029418902471661568
0.52019941806793213 0.02882685698568821 0.085269302129745483
0.43256485462188721 0.078775025904178619 0.02885466068983078
0.46327051520347595 0.08693048357963562 0.073615103960037231
0.4327675998210907 0.049170397222042084 0.10572415590286255
0.48484876751899719 0.017403921112418175 0.029866272583603859
0.4057886004447937 0.055666793137788773 0.09953935444355011
0.48442530632019043 0.051760796457529068 0.037699896842241287
0.43812665343284607 0.052974406629800797 0.026854343712329865
0.47929629683494568 -0.033454295247793198 0.074514389038085938
0.53666162490844727 0.011559414677321911 0.060256659984588623
0.55350571870803833 -0.019600367173552513 0.065312489867210388
0.48205366730690002 -0.028496760874986649 0.088318154215812683
0.47046628594398499 0.035539675503969193 0.10327764600515366
0.52757167816162109 -0.034763522446155548 0.082328930497169495
0.51492065191268921 0.012889265082776546 0.031618706881999969
0.54080510139465332 -0.0357939712703228 0.087624691426753998
0.45756879448890686 -0.004178210161626339 0.042877379804849625
0.42261466383934021 0.078706562519073486 0.069571107625961304
0.44026950001716614 0.098429262638092041 0.089994840323925018
0.51024645566940308 -0.019835328683257103 0.092749051749706268
0.51220345497131348 -0.014558414928615093 0.095983453094959259
0.50661313533782959 0.030976995825767517 0.041387852281332016
0.51145201921463013 0.032862626016139984 0.091406643390655518
0.53190487623214722 0.018734294921159744 0.051252245903015137
0.52125751972198486 0.021220313385128975 0.04442698135972023
0.44094592332839966 0.0049147936515510082 0.051050812005996704
0.55317652225494385 -0.030647408217191696 0.085174471139907837
0.5489923357963562 -0.035312265157699585 0.046600870788097382
0.41958311200141907 0.075327254831790924 0.042379129678010941
0.44334042072296143 0.051365986466407776 0.02977706678211689
0.47522062063217163 0.069949693977832794 0.047158081084489822
0.48338156938552856 0.069272778928279877 0.070391587913036346
0.51353943347930908 -0.0028598294593393803 0.10382679849863052
0.49334758520126343 0.0037591152358800173 0.10372623801231384
0.48521336913108826 -0.012346362695097923 0.098164275288581848
0.50698322057723999 0.024342430755496025 0.033594992011785507
0.5489620566368103 -0.015619146637618542 0.073971971869468689
0.43469804525375366 0.092088982462882996 0.050148829817771912
0.49061203002929688 -0.030918300151824951 0.081230856478214264
0.4180091917514801 0.030347999185323715 0.049897715449333191
0.48879200220108032 0.050790254026651382 0.044685147702693939
0.45307967066764832 0.024523079395294189 0.10433684289455414
0.45214971899986267 0.091653123497962952 0.056238241493701935
0.45434266328811646 0.0016624131239950657 0.040690261870622635
0.46353417634963989 0.045820299535989761 0.027816547080874443
0.47776749730110168 0.00017430708976462483 0.093591131269931793
0.54342406988143921 -0.041456885635852814 0.088254973292350769
0.49361547827720642 -0.0080853672698140144 0.10513286292552948
0.44489508867263794 0.016574569046497345 0.039643403142690659
0.45714053511619568 0.0764431431889534 0.091489553451538086
0.45063170790672302 0.035196617245674133 0.030540600419044495
0.53114563226699829 -0.0207014549523592 0.083491764962673187
0.51768052577972412 -0.012450079433619976 0.044390249997377396
0.42792248725891113 0.025784984230995178 0.044679358601570129
0.40565687417984009 0.059914432466030121 0.080241642892360687
0.52182918787002563 0.012480208650231361 0.099226363003253937
0.45305666327476501 0.0736699178814888 0.037568554282188416
0.40745913982391357 0.036191720515489578 0.084898017346858978
0.52389299869537354 -0.046366695314645767 0.082893282175064087
0.40569216012954712 0.064419344067573547 0.060935616493225098
0.49905222654342651 0.049617581069469452 0.048682380467653275
0.50156062841415405 0.028904715552926064 0.033874362707138062
0.55160003900527954 -0.019839983433485031 0.05182788148522377
0.51667541265487671 -0.031616061925888062 0.078546211123466492
0.46397963166236877 0.072646975517272949 0.089380264282226562
0.51186752319335938 -0.038776818662881851 0.079762309789657593
0.44068333506584167 0.053285364061594009 0.10675867646932602
0.5094948410987854 -0.018903477117419243 0.041046701371669769
0.53308653831481934 0.013265201821923256 0.072437353432178497
0.52918952703475952 0.024592893198132515 0.053610008209943771
0.47878280282020569 0.024319229647517204 0.10362996906042099
0.44977894425392151 0.078220747411251068 0.034690368920564651
0.51927375793457031 -0.043879028409719467 0.064115509390830994
0.48449090123176575 0.062975063920021057 0.075988560914993286
0.45427030324935913 0.028630716726183891 0.03113926574587822
0.49838107824325562 -0.035581145435571671 0.080982066690921783
0.55452102422714233 -0.024695396423339844 0.059539634734392166
0.51616865396499634 -0.0012890569632872939 0.099077597260475159
0.4629245400428772 0.0085968812927603722 0.075858049094676971
0.46735727787017822 -0.0034564838279038668 0.0732160285115242
0.52142298221588135 -0.021466834470629692 0.093736745417118073
0.49931177496910095 0.055070988833904266 0.067240118980407715
0.52426820993423462 -0.052950393408536911 0.060167919844388962
0.54652434587478638 -0.016648672521114349 0.049748167395591736
0.49693810939788818 0.011994007043540478 0.030346283689141273
0.47488677501678467 0.00049172097351402044 0.030584480613470078
0.45053622126579285 0.010451384820044041 0.080348886549472809
0.42126062512397766 0.077203765511512756 0.067029774188995361
0.46345490217208862 0.070446223020553589 0.095989547669887543
0.49386915564537048 -0.035980317741632462 0.055881429463624954
0.46221816539764404 0.078080430626869202 0.085095897316932678
0.51337051391601562 0.030002618208527565 0.046149410307407379
0.45684260129928589 0.090571731328964233 0.077123180031776428
0.42627638578414917 0.066778682172298431 0.10675410181283951
0.41868042945861816 0.078800134360790253 0.03452271968126297
0.45765811204910278 0.088565915822982788 0.082006804645061493
0.41559106111526489 0.070929370820522308 0.08300800621509552
0.41697922348976135 0.039152305573225021 0.09588971734046936
0.42248299717903137 0.07853446900844574 0.031202789396047592
0.42586106061935425 0.050979632884263992 0.10163630545139313
0.53407436609268188 -0.046642214059829712 0.056421242654323578
0.52500790357589722 0.0052597513422369957 0.096421629190444946
0.40565252304077148 0.064381979405879974 0.070581704378128052
0.44268390536308289 0.068178340792655945 0.10501372069120407
0.39509019255638123 0.04819062352180481 0.066181384027004242
0.52698886394500732 0.024402977898716927 0.084930434823036194
0.53422224521636963 -0.020951662212610245 0.046329580247402191
0.4416484534740448 0.057503420859575272 0.029900966212153435
0.51073414087295532 0.040754284709692001 0.064239904284477234
0.43416759371757507 0.091503754258155823 0.054297272115945816
0.48397225141525269 0.021858498454093933 0.028065558522939682
0.52582740783691406 0.010467623360455036 0.090351574122905731
0.46861115097999573 0.035568095743656158 0.027075782418251038
0.42061352729797363 0.049688752740621567 0.033811260014772415
0.48320126533508301 0.064211063086986542 0.057794775813817978
0.5250018835067749 -0.030033472925424576 0.09090876579284668
0.52198928594589233 0.0059255552478134632 0.038835726678371429
0.43332219123840332 0.013551673851907253 0.085583478212356567
0.49431943893432617 0.041783247143030167 0.09658677875995636
0.47589224576950073 -0.026077728718519211 0.075082637369632721
0.45606416463851929 0.085465356707572937 0.051038827747106552
0.43896260857582092 0.084133312106132507 0.10076821595430374
0.53049576282501221 0.0096599878743290901 0.050305623561143875
0.47777968645095825 -0.016118934378027916 0.04194062203168869
0.40796169638633728 0.066953971982002258 0.088273167610168457
0.4277014434337616 0.017981516197323799 0.07677014172077179
0.47150367498397827 0.0061085773631930351 0.088437676429748535
0.42630323767662048 0.016429293900728226 0.08012767881155014
0.50222265720367432 0.029450275003910065 0.037669964134693146
0.54342508316040039 -0.041471105068922043 0.065759465098381042
0.42933538556098938 0.077366016805171967 0.10248801112174988
0.40996825695037842 0.064694896340370178 0.081507250666618347
0.48185181617736816 0.050741519778966904 0.097963675856590271
0.46273082494735718 0.083760134875774384 0.06205904483795166
0.4164142906665802 0.076307483017444611 0.063241362571716309
0.47679555416107178 0.0046153436414897442 0.097851008176803589
0.48286572098731995 0.06654655933380127 0.055527064949274063
0.50386232137680054 -0.032198619097471237 0.076045364141464233
0.4776313304901123 0.058262012898921967 0.091255649924278259
0.54151827096939087 -0.035500012338161469 0.041845079511404037
0.43849670886993408 0.064686253666877747 0.10321516543626785
0.54556441307067871 -0.039113473147153854 0.045137763023376465
0.52068459987640381 0.032227668911218643 0.081385381519794464
0.46117815375328064 -0.014267607592046261 0.05209677666425705
0.49552607536315918 -0.0041008442640304565 0.027348767966032028
0.52827942371368408 0.0029360901098698378 0.046171493828296661
0.48034989833831787 0.068128764629364014 0.063941672444343567
0.47687414288520813 -0.020658580586314201 0.091400325298309326
0.40280303359031677 0.061221413314342499 0.068227857351303101
0.48088133335113525 0.066322915256023407 0.049138080328702927
0.43265309929847717 0.012010454200208187 0.071144595742225647
0.46691447496414185 -0.018552675843238831 0.060614809393882751
0.43898856639862061 0.095982588827610016 0.041510123759508133
0.50614678859710693 0.044799003750085831 0.063473142683506012
0.52901375293731689 -0.028415784239768982 0.04956851527094841
0.43202647566795349 0.089137449860572815 0.06508626788854599
0.51315510272979736 -0.016105439513921738 0.028340671211481094
0.45128121972084045 0.023363998159766197 0.033334296196699142
0.46878686547279358 -0.0048482739366590977 0.039571084082126617
0.45829126238822937 0.091702543199062347 0.061237536370754242
0.43967244029045105 0.010603274218738079 0.050213053822517395
0.48049083352088928 -0.033915150910615921 0.071202322840690613
0.43424263596534729 0.075514316558837891 0.031594455242156982
0.44304826855659485 0.056988388299942017 0.10357820242643356
0.50718402862548828 -0.007510751485824585 0.027837060391902924
0.4636702835559845 0.082948885858058929 0.082264706492424011
0.41888108849525452 0.074561841785907745 0.061216901987791061
0.45745536684989929 -0.012421930208802223 0.056648474186658859
0.4835091233253479 0.038428124040365219 0.10301552712917328
0.52865898609161377 -0.006913001649081707 0.049120809882879257
0.5312696099281311 0.023130828514695168 0.08049098402261734
0.41185653209686279 0.044853243976831436 0.092797107994556427
0.53834646940231323 -0.020209852606058121 0.052686214447021484
0.5126490592956543 -0.021477606147527695 0.046288881450891495
0.54400616884231567 -0.0077041010372340679 0.05930652841925621
0.5002015233039856 0.039120618253946304 0.09019847959280014
0.40495181083679199 0.063589170575141907 0.047091398388147354
0.5376206636428833 -0.037600558251142502 0.083909064531326294
0.48332026600837708 -0.011644234880805016 0.03591233491897583
0.50026583671569824 -0.024768386036157608 0.096113122999668121
0.42953571677207947 0.012967704795300961 0.078344330191612244
0.4708942174911499 -0.022357722744345665 0.071899846196174622
0.44425323605537415 0.10056894272565842 0.062953263521194458
0.43731459975242615 0.043151229619979858 0.10510192811489105
0.50487291812896729 0.0058894082903862 0.027438106015324593
0.50477153062820435 0.024445733055472374 0.036213066428899765
0.42898297309875488 0.058450717478990555 0.030068816617131233
0.55005759000778198 -0.029642883688211441 0.060533005744218826
0.48102036118507385 -0.022961335256695747 0.042185213416814804
0.47137114405632019 0.026777341961860657 0.103774793446064
0.47280150651931763 0.043465446680784225 0.029133297502994537
0.54701590538024902 -0.037475511431694031 0.087515242397785187
0.45996969938278198 0.053294055163860321 0.1048588827252388
0.41576996445655823 0.024172369390726089 0.059026673436164856
0.49596565961837769 -0.023947665467858315 0.097202099859714508
0.54713732004165649 -0.032881971448659897 0.058167167007923126
0.42409384250640869 0.041722282767295837 0.10116835683584213
0.44950297474861145 0.091181792318820953 0.044666770845651627
0.44891291856765747 0.066607013344764709 0.032819107174873352
0.40943363308906555 0.063799172639846802 0.03024289570748806
0.41721844673156738 0.072714358568191528 0.054938767105340958
0.53398889303207397 0.0092327911406755447 0.06534334272146225
0.48316970467567444 0.065571978688240051 0.069716788828372955
0.52594900131225586 -0.042367730289697647 0.057402823120355606
0.43855443596839905 0.031966842710971832 0.031956139951944351
0.47323602437973022 0.03180772066116333 0.027565076947212219
0.54643440246582031 -0.024699561297893524 0.054448094218969345
0.52950263023376465 -0.048396509140729904 0.071317106485366821
0.51171708106994629 -0.012679348699748516 0.10130625218153
0.48963427543640137 -0.015698930248618126 0.1019258126616478
0.47256383299827576 0.073887363076210022 0.075497172772884369
0.42827033996582031 0.015801055356860161 0.063564270734786987
0.55904972553253174 -0.024139545857906342 0.075996212661266327
0.47850188612937927 0.036842674016952515 0.10163497179746628
0.45990744233131409 0.061412002891302109 0.034569144248962402
0.49340254068374634 -0.006512142252177 0.031130515038967133
0.43963348865509033 0.092966914176940918 0.042639948427677155
0.47831690311431885 -0.011559460312128067 0.088926628232002258
0.49347960948944092 0.022687224671244621 0.029445495456457138
0.52260977029800415 0.03288833424448967 0.07212328165769577
0.54080122709274292 -0.00032731672399677336 0.071010813117027283
0.5305253267288208 -0.045972518622875214 0.086647301912307739
0.42837199568748474 0.083873733878135681 0.10328461974859238
0.40672707557678223 0.061103310436010361 0.083854146301746368
0.51663577556610107 -0.018302520737051964 0.031950049102306366
0.53447693586349487 -0.00087980151874944568 0.06867314875125885
0.46099168062210083 0.057595551013946533 0.033461280167102814
0.48583444952964783 -0.022644691169261932 0.037210181355476379
0.52045542001724243 0.0009980351896956563 0.037220463156700134
0.53695058822631836 -0.038281276822090149 0.042186051607131958
0.48590412735939026 0.025534465909004211 0.10267793387174606
0.53329235315322876 0.009621758945286274 0.084589503705501556
0.50732952356338501 0.013211625628173351 0.029398238286375999
0.50497162342071533 -0.01243686955422163 0.10379386693239212
0.47468253970146179 0.054020926356315613 0.099769093096256256
0.40449970960617065 0.058618981391191483 0.061714589595794678
0.45830813050270081 0.086718879640102386 0.057946048676967621
0.46640628576278687 0.0060982676222920418 0.076764471828937531
0.54062008857727051 -0.0099106412380933762 0.074548631906509399
0.48468810319900513 0.058086562901735306 0.043234162032604218
0.53193634748458862 -0.050592988729476929 0.06203053891658783
0.53257459402084351 0.0061881160363554955 0.087162092328071594
0.43851709365844727 0.016626102849841118 0.041063088923692703
0.51219648122787476 -0.032417945563793182 0.087876215577125549
0.523701012134552 0.024528104811906815 0.082403428852558136
0.4747181236743927 0.050017248839139938 0.03544703871011734
0.52686208486557007 -0.042070642113685608 0.07742810994386673
0.40033036470413208 0.053993582725524902 0.056934058666229248
0.46248281002044678 0.010970416478812695 0.034206915646791458
0.48599240183830261 0.00036607615766115487 0.10561326146125793
0.43268856406211853 0.089877478778362274 0.073960885405540466
0.4899592399597168 -0.018350979313254356 0.033060681074857712
0.54353898763656616 -0.041354719549417496 0.051214676350355148
0.42795571684837341 0.089117899537086487 0.086134031414985657
0.52017170190811157 -0.025060312822461128 0.090896293520927429
0.48746129870414734 0.022440841421484947 0.027545470744371414
0.40910583734512329 0.068201929330825806 0.058244727551937103
0.41014856100082397 0.031960949301719666 0.067032508552074432
0.54769355058670044 -0.026692381128668785 0.044674128293991089
0.42390617728233337 0.078226290643215179 0.10619756579399109
0.52750217914581299 -0.037789668887853622 0.052716311067342758
0.45252960920333862 0.0062209572643041611 0.066199637949466705
0.49571380019187927 -0.033808611333370209 0.063479363918304443
0.4238910973072052 0.035628721117973328 0.036380689591169357
0.4872874915599823 0.066060394048690796 0.067091450095176697
0.52624905109405518 0.030263274908065796 0.060583349317312241
0.42733681201934814 0.07127668708562851 0.026930080726742744
0.51480352878570557 -0.043716166168451309 0.075496353209018707
0.48741176724433899 0.0062457993626594543 0.10354068875312805
0.47235700488090515 -0.026015659794211388 0.05551505833864212
0.41277095675468445 0.043606985360383987 0.036875505000352859
0.54057502746582031 -0.044634725898504257 0.059799198061227798
0.51553899049758911 0.024313893169164658 0.094442270696163177
0.41090020537376404 0.065694838762283325 0.032756879925727844
0.42536845803260803 0.0626712366938591 0.029978735372424126
0.41305097937583923 0.049808517098426819 0.036863639950752258
0.41267445683479309 0.040064495056867599 0.094009473919868469
0.52097892761230469 -0.042655475437641144 0.07875426858663559
0.44026809930801392 0.034990299493074417 0.10355187952518463
0.47683832049369812 0.069031767547130585 0.078135572373867035
0.51977652311325073 -0.045275766402482986 0.053125388920307159
0.47036764025688171 0.077692091464996338 0.081208176910877228
0.45406240224838257 0.043077796697616577 0.10676688700914383
0.52994990348815918 0.015757283195853233 0.045586951076984406
0.45116212964057922 0.091464310884475708 0.086716555058956146
0.53208285570144653 -0.049566421657800674 0.065325744450092316
0.46906134486198425 0.00061070866649970412 0.076005779206752777
0.48875737190246582 -0.033049467951059341 0.061295013874769211
0.4392961859703064 0.0071486206725239754 0.070042960345745087
0.41107228398323059 0.070374101400375366 0.046749245375394821
0.4177226722240448 0.077766574919223785 0.075907453894615173
0.41583788394927979 0.035009350627660751 0.087083198130130768
0.47719442844390869 0.023378688842058182 0.02719813771545887
0.43578642606735229 0.091847755014896393 0.094334378838539124
0.41141423583030701 0.066272526979446411 0.044256880879402161
0.49002087116241455 0.028482845053076744 0.029295496642589569
0.41439211368560791 0.069585047662258148 0.060774307698011398
0.42026904225349426 0.080586403608322144 0.071395210921764374
0.41383153200149536 0.07345060259103775 0.072581708431243896
0.50906080007553101 0.040077324956655502 0.077906347811222076
0.51894098520278931 -0.039378546178340912 0.063603095710277557
0.47964000701904297 -0.030705692246556282 0.067892350256443024
0.53047817945480347 -0.015925085172057152 0.043151054531335831
0.39905524253845215 0.043400067836046219 0.075568407773971558
0.40466040372848511 0.038122817873954773 0.074871301651000977
0.53199845552444458 0.014375805854797363 0.057647999376058578
0.50215834379196167 -0.027349669486284256 0.046265974640846252
0.49895921349525452 0.053559515625238419 0.059133313596248627
0.52372878789901733 -0.013751416467130184 0.046094667166471481
0.44527724385261536 0.034056682139635086 0.10179570317268372
0.5382116436958313 0.0071506756357848644 0.061195898801088333
0.42487075924873352 0.018828852102160454 0.082229703664779663
0.49014958739280701 0.062914423644542694 0.060992594808340073
0.54706156253814697 -0.0082561653107404709 0.069296151399612427
0.4517982006072998 -0.00050825829384848475 0.050478246062994003
0.48141294717788696 0.06763775646686554 0.052159503102302551
0.48244920372962952 0.0014649805380031466 0.028398830443620682
0.39159312844276428 0.048791065812110901 0.063733465969562531
0.43076720833778381 0.087728708982467651 0.046415276825428009
0.46848583221435547 0.044517196714878082 0.031587876379489899
0.39429619908332825 0.049492005258798599 0.085915513336658478
0.47164991497993469 -0.015498138964176178 0.043118149042129517
0.46330100297927856 0.0077384528703987598 0.089165829122066498
0.44743174314498901 0.0080851903185248375 0.044790394604206085
0.49941819906234741 -0.021802455186843872 0.035591825842857361
0.52780807018280029 -0.0011191595112904906 0.093915238976478577
0.52118712663650513 -0.014588108286261559 0.096444018185138702
0.47957518696784973 -0.025459088385105133 0.083264783024787903
0.43487682938575745 0.060052100569009781 0.1037524938583374
0.52407115697860718 0.0019609145820140839 0.097296476364135742
0.54544073343276978 -0.039228569716215134 0.077502869069576263
0.53593724966049194 -0.045295257121324539 0.062699198722839355
0.44203069806098938 0.1002294048666954 0.06695721298456192
0.46690627932548523 0.049701482057571411 0.10416973382234573
0.44381099939346313 0.06239498034119606 0.030682342126965523
0.42928683757781982 0.032261203974485397 0.038573343306779861
0.47156330943107605 0.024004323408007622 0.10668908059597015
0.39487287402153015 0.047458808869123459 0.057107448577880859
0.45866614580154419 0.060841429978609085 0.030542932450771332
0.5235370397567749 -0.043659985065460205 0.069480516016483307
0.48924848437309265 0.043642174452543259 0.097049154341220856
0.41378769278526306 0.029050787910819054 0.071308866143226624
0.50041872262954712 -0.029747281223535538 0.0500384122133255
0.45771551132202148 0.00017027335707098246 0.062842413783073425
0.55388343334197998 -0.025015998631715775 0.063027992844581604
0.43017205595970154 0.087092481553554535 0.080995023250579834
0.47414255142211914 -0.003101573558524251 0.035773143172264099
0.47528538107872009 0.044087164103984833 0.10030981153249741
0.47912538051605225 -0.010721900500357151 0.033715732395648956
0.42142388224601746 0.081840150058269501 0.032487273216247559
0.51853150129318237 -0.031956780701875687 0.054093096405267715
0.41664683818817139 0.053087502717971802 0.099639229476451874
0.47368857264518738 0.025190969929099083 0.027545737102627754
0.5173303484916687 0.035558424890041351 0.055839125066995621
0.50243932008743286 0.012574006803333759 0.1054149866104126
0.41802489757537842 0.078111477196216583 0.090353935956954956
0.48426792025566101 0.059921525418758392 0.08876221626996994
0.458391934633255 0.084012061357498169 0.081400379538536072
0.54050648212432861 -0.044720157980918884 0.045916013419628143
0.41105329990386963 0.035006996244192123 0.05246242880821228
0.52471888065338135 -0.029025077819824219 0.042636420577764511
0.52906155586242676 0.024328049272298813 0.066254854202270508
0.53925144672393799 -0.0077173071913421154 0.072453401982784271
0.41027739644050598 0.065029032528400421 0.068935386836528778
0.40785181522369385 0.062354397028684616 0.089994229376316071
0.43491128087043762 0.064585074782371521 0.10355560481548309
0.53507626056671143 -0.031706918030977249 0.049437586218118668
0.54979562759399414 -0.025866089388728142 0.075622014701366425
0.4748675525188446 0.072643108665943146 0.061162538826465607
0.44439098238945007 0.094990506768226624 0.044764205813407898
0.46720468997955322 -0.02099279873073101 0.074427597224712372
0.43522071838378906 0.018857769668102264 0.045021206140518188
0.41510108113288879 0.043099924921989441 0.093656271696090698
0.44585379958152771 0.10338321328163147 0.06851612776517868
0.46878629922866821 -0.019935453310608864 0.049890138208866119
0.43763330578804016 0.09984242171049118 0.080170758068561554
0.54613232612609863 -0.033991359174251556 0.065125517547130585
0.40807047486305237 0.067081175744533539 0.097955383360385895
0.49976828694343567 -0.0097798304632306099 0.10293379426002502
0.52359360456466675 0.026763636618852615 0.055234063416719437
0.49840903282165527 0.038777168840169907 0.038770083338022232
0.45182254910469055 0.012509790249168873 0.075929045677185059
0.45881593227386475 0.066861242055892944 0.036673925817012787
0.52803546190261841 -0.050117135047912598 0.058311846107244492
0.45811247825622559 0.088307902216911316 0.067947603762149811
0.45337110757827759 0.044584859162569046 0.10374066233634949
0.43078076839447021 0.092228852212429047 0.055480975657701492
0.5014767050743103 0.037994444370269775 0.038889538496732712
0.55165380239486694 -0.032355360686779022 0.056071016937494278
0.45021399855613708 -0.003699091961607337 0.059527445584535599
0.45926171541213989 0.071984827518463135 0.036053087562322617
0.54028153419494629 -0.040486760437488556 0.051560305058956146
0.41899788379669189 0.069085016846656799 0.10643963515758514
0.53476631641387939 0.017500964924693108 0.060157615691423416
0.45038232207298279 0.045139793306589127 0.0268971286714077
0.39608380198478699 0.053770102560520172 0.064734145998954773
0.48952019214630127 -0.025325283408164978 0.090903207659721375
0.52607899904251099 -0.049510467797517776 0.081835918128490448
0.53147464990615845 -0.02565990574657917 0.046075358986854553
0.44060051441192627 0.08597872406244278 0.095308758318424225
0.49110409617424011 0.041908401995897293 0.094396539032459259
0.5273517370223999 0.012706328183412552 0.092852741479873657
0.43626320362091064 0.088608145713806152 0.033726394176483154
0.42249107360839844 0.064384035766124725 0.027995258569717407
0.51682066917419434 0.034203104674816132 0.074773907661437988
0.46902075409889221 0.072447456419467926 0.045146521180868149
0.44098067283630371 0.023882720619440079 0.037289835512638092
0.49599409103393555 -0.026034746319055557 0.03855530172586441
0.46393516659736633 0.083687335252761841 0.053769059479236603
0.47716978192329407 0.0099291605874896049 0.028235750272870064
0.52092796564102173 -0.050592154264450073 0.073504284024238586
0.46693047881126404 0.077720366418361664 0.049512390047311783
0.51609104871749878 -0.035072468221187592 0.059561416506767273
0.51891052722930908 -0.016032412648200989 0.04182111844420433
0.43306326866149902 0.015024382621049881 0.080651775002479553
0.534942626953125 -0.042131718248128891 0.046540267765522003
0.52577781677246094 -0.013889448717236519 0.036675289273262024
0.52719885110855103 0.025146493688225746 0.059950262308120728
0.47692382335662842 0.001680780784226954 0.10059790313243866
0.39999184012413025 0.053629621863365173 0.073530130088329315
0.46993887424468994 0.079724162817001343 0.05600360780954361
0.42774561047554016 0.023212501779198647 0.089554928243160248
0.5206228494644165 0.0029034104663878679 0.096322894096374512
0.50437438488006592 0.005948175210505724 0.10615766048431396
0.44300085306167603 0.099795468151569366 0.083304591476917267
0.42583495378494263 0.086770512163639069 0.091530777513980865
0.45637083053588867 0.093785017728805542 0.063621371984481812
0.49229145050048828 0.039885722100734711 0.035210885107517242
0.49930420517921448 0.035394392907619476 0.097489669919013977
0.51049929857254028 0.040960643440485001 0.081380784511566162
0.4864577054977417 0.010195656679570675 0.029859248548746109
0.49629256129264832 0.026189493015408516 0.033640339970588684
0.52514141798019409 -0.047590050846338272 0.077850461006164551
0.53040182590484619 -0.032624058425426483 0.04526900127530098
0.44047793745994568 0.067690901458263397 0.031106801703572273
0.43482550978660583 0.096705809235572815 0.045146811753511429
0.51754313707351685 -0.022295176982879639 0.04224034771323204
0.46936705708503723 -0.019583681598305702 0.072361350059509277
0.41481801867485046 0.036828916519880295 0.045466057956218719
0.39686769247055054 0.039911318570375443 0.065605990588665009
0.42848619818687439 0.023683721199631691 0.042402047663927078
0.52816581726074219 0.016222981736063957 0.04282219335436821
0.50011402368545532 0.053295981138944626 0.075172379612922668
0.46217182278633118 0.055953178554773331 0.10253091156482697
0.51436901092529297 -0.040180910378694534 0.064444415271282196
0.44776749610900879 0.037587013095617294 0.027683602645993233
0.41645482182502747 0.049333512783050537 0.097964264452457428
0.52672660350799561 0.015967343002557755 0.087388649582862854
0.41410204768180847 0.073727354407310486 0.038627620786428452
0.4008861780166626 0.059101346880197525 0.07546716183423996
0.4720461368560791 0.030958456918597221 0.10564582049846649
0.49787965416908264 0.028971750289201736 0.098193541169166565
0.49293705821037292 -0.03478357195854187 0.052881848067045212
0.44281068444252014 0.030560016632080078 0.10005283355712891
0.50457650423049927 0.032876167446374893 0.095914244651794434
0.55224263668060303 -0.013604758307337761 0.061501536518335342
0.54388600587844849 -0.037036553025245667 0.049487389624118805
0.48413637280464172 0.021274620667099953 0.1065201461315155
0.42373034358024597 0.016458522528409958 0.059897877275943756
0.52616757154464722 -0.035997826606035233 0.047554772347211838
0.39476272463798523 0.052298448979854584 0.054321620613336563
0.53935074806213379 -0.022449670359492302 0.044201944023370743
0.42085903882980347 0.019171509891748428 0.062862679362297058
0.5315479040145874 -0.05463859811425209 0.065083764493465424
0.39431077241897583 0.051807653158903122 0.06930522620677948
0.41511866450309753 0.023502685129642487 0.064640268683433533
0.44649368524551392 0.096826054155826569 0.056421030312776566
0.42831212282180786 0.048342801630496979 0.029484031721949577
0.41482058167457581 0.074532106518745422 0.050634860992431641
0.50323045253753662 0.035584203898906708 0.042666815221309662
0.44585219025611877 0.10234819352626801 0.071841008961200714
0.47105652093887329 0.0052694017067551613 0.030137883499264717
0.45195493102073669 0.083806857466697693 0.039756886661052704
0.45192348957061768 0.082851625978946686 0.090006314218044281
0.40471005439758301 0.038595203310251236 0.057086966931819916
0.41512614488601685 0.033540870994329453 0.049064133316278458
0.53590124845504761 0.0098493173718452454 0.055246118456125259
0.45465853810310364 0.067983485758304596 0.031882323324680328
0.44706541299819946 0.068502210080623627 0.030648389831185341
0.55170619487762451 -0.017052434384822845 0.078882604837417603
0.53701925277709961 -0.0044473381713032722 0.076982401311397552
0.45969995856285095 -0.011359208263456821 0.04929099977016449
0.49091273546218872 -0.005967295728623867 0.10210835188627243
0.4789559543132782 0.04214916005730629 0.03375084325671196
0.43979573249816895 0.037278749048709869 0.032208807766437531
0.53275859355926514 0.00019893333956133574 0.0452248714864254
0.52872151136398315 -0.054465755820274353 0.078057602047920227
0.46699407696723938 0.074337713420391083 0.089450523257255554
0.50261980295181274 -0.037885420024394989 0.076812788844108582
0.54274451732635498 -0.04223131388425827 0.057379402220249176
0.42623251676559448 0.018733454868197441 0.051425471901893616
0.54094761610031128 -0.033817123621702194 0.049521639943122864
0.53509950637817383 -0.045763701200485229 0.08029637485742569
0.44008398056030273 0.014738420024514198 0.04476136714220047
0.4769500195980072 -0.00055867864284664392 0.086639031767845154
0.48192986845970154 -0.020605789497494698 0.091052882373332977
0.41374242305755615 0.068853914737701416 0.044791322201490402
0.49328833818435669 0.027679583057761192 0.10037592053413391
0.48037201166152954 0.027030933648347855 0.10322469472885132
0.41365566849708557 0.06877213716506958 0.065913982689380646
0.47338998317718506 0.0088785877451300621 0.10441303998231888
0.49788931012153625 0.0016176968347281218 0.029810648411512375
0.52802681922912598 -0.032381799072027206 0.088037930428981781
0.51550924777984619 0.03803703561425209 0.054592743515968323
0.50199788808822632 0.044048275798559189 0.086827605962753296
0.48031294345855713 -0.031277269124984741 0.051492974162101746
0.41503331065177917 0.028183091431856155 0.050569914281368256
0.46542572975158691 -0.015383334830403328 0.05518176406621933
0.44317594170570374 0.034955505281686783 0.10471963137388229
0.49680620431900024 -0.019371168687939644 0.10116229206323624
0.47293969988822937 0.036263488233089447 0.030725086107850075
0.52876138687133789 -0.053168084472417831 0.068173207342624664
0.48848432302474976 0.041724089533090591 0.035043232142925262
0.39456221461296082 0.042418938130140305 0.061594903469085693
0.55053538084030151 -0.018691284582018852 0.06061796098947525
0.4824187159538269 0.053625397384166718 0.091517888009548187
0.55461788177490234 -0.024579107761383057 0.072707004845142365
0.55415970087051392 -0.025081632658839226 0.080591544508934021
0.48102980852127075 -0.033477317541837692 0.055721089243888855
0.53379786014556885 0.02074226550757885 0.073106519877910614
0.48865842819213867 -0.02546551451086998 0.03865441307425499
0.42026427388191223 0.080588504672050476 0.082207441329956055
0.51857626438140869 0.033787086606025696 0.066706389188766479
0.47721067070960999 0.068249471485614777 0.054423302412033081
0.4921741783618927 0.060998354107141495 0.066335596144199371
0.44331255555152893 0.013742613606154919 0.081231266260147095
0.55517947673797607 -0.021333735436201096 0.081021755933761597
0.40870106220245361 0.039594065397977829 0.04871780052781105
0.47601372003555298 0.0038641849532723427 0.093089483678340912
0.54514783620834351 -0.035086829215288162 0.059150248765945435
0.4231410026550293 0.079267948865890503 0.037099026143550873
0.48030722141265869 0.068532675504684448 0.078741677105426788
0.4805837869644165 -0.0039836768992245197 0.097354590892791748
0.49186038970947266 -0.027639796957373619 0.093028254806995392
0.49870014190673828 -0.013725874945521355 0.033682961016893387
0.40704876184463501 0.061454877257347107 0.076398208737373352
0.54293584823608398 -0.037534240633249283 0.066121146082878113
0.46771177649497986 0.078870616853237152 0.083356171846389771
0.54287517070770264 -0.011867310851812363 0.077256053686141968
0.48451626300811768 0.0048204776830971241 0.030535543337464333
0.52476251125335693 0.012667715549468994 0.042313467711210251
0.41459310054779053 0.028147328644990921 0.063488095998764038
0.52424019575119019 0.023092310875654221 0.049776282161474228
0.44780382513999939 0.080087855458259583 0.038581501692533493
0.40714862942695618 0.040067821741104126 0.087650179862976074
0.46371397376060486 0.0099650509655475616 0.097726255655288696
0.43230798840522766 0.073876485228538513 0.10573546588420868
0.42568290233612061 0.023742280900478363 0.084097996354103088
0.53237259387969971 0.024204760789871216 0.063519187271595001
0.45755919814109802 0.07383013516664505 0.093222536146640778
0.40244743227958679 0.056339457631111145 0.055324934422969818
0.53821444511413574 -0.025072179734706879 0.042667120695114136
0.47264805436134338 0.067510232329368591 0.041880067437887192
0.50672495365142822 0.031325876712799072 0.037955831736326218
0.41329342126846313 0.068384744226932526 0.086722932755947113
0.41637107729911804 0.032409776002168655 0.088770113885402679
0.45006144046783447 0.051276043057441711 0.027234682813286781
0.5454636812210083 -0.030290044844150543 0.08215060830116272
0.41971230506896973 0.075495906174182892 0.079679079353809357
0.48962977528572083 0.057152960449457169 0.047331016510725021
0.44557473063468933 0.10254909843206406 0.074941776692867279
0.46491125226020813 -0.01370750367641449 0.062486801296472549
0.49154758453369141 -0.034027844667434692 0.06560293585062027
0.45587646961212158 0.050721157342195511 0.10298871994018555
0.47801703214645386 -0.0070489910431206226 0.088122077286243439
0.51489412784576416 -0.0016373458784073591 0.037111695855855942
0.45046111941337585 0.091870106756687164 0.080111384391784668
0.40928646922111511 0.06390911340713501 0.037573464214801788
0.41604340076446533 0.071438588201999664 0.094411343336105347
0.50113439559936523 -0.033561237156391144 0.064093969762325287
0.41205719113349915 0.068801850080490112 0.027866693213582039
0.45682850480079651 0.047346167266368866 0.028150405734777451
0.43251660466194153 0.024106549099087715 0.091137401759624481
0.44869813323020935 0.095205560326576233 0.076130673289299011
0.43254807591438293 0.069811776280403137 0.10628630220890045
0.48124262690544128 0.038981396704912186 0.03005584143102169
0.50306278467178345 -0.027607051655650139 0.086559481918811798
0.40657609701156616 0.034425467252731323 0.053371302783489227
0.53784763813018799 -0.0020969517063349485 0.081402726471424103
0.52413874864578247 -0.050029478967189789 0.071390688419342041
0.40766125917434692 0.033868808299303055 0.079648412764072418
0.46754464507102966 0.083011545240879059 0.073878996074199677
0.52486652135848999 0.016726795583963394 0.090075105428695679
0.50756514072418213 -0.024613529443740845 0.043998416513204575
0.53729915618896484 -0.027146944776177406 0.045244842767715454
0.40695640444755554 0.061367858201265335 0.098949290812015533
0.4087308943271637 0.067776009440422058 0.043218612670898438
0.47365006804466248 -0.0064589302055537701 0.07954803854227066
0.4810328483581543 0.035507615655660629 0.10363637655973434
0.46295797824859619 0.079794466495513916 0.051961902529001236
0.49048453569412231 0.054454866796731949 0.045950189232826233
0.50592976808547974 -0.030676344409584999 0.053961887955665588
0.48499071598052979 0.034046243876218796 0.10073748230934143
0.43660739064216614 0.022898826748132706 0.096674822270870209
0.54854017496109009 -0.031316809356212616 0.072721861302852631
0.40949949622154236 0.058724850416183472 0.099318958818912506
0.43837136030197144 0.037694882601499557 0.029238011687994003
0.47021609544754028 0.077117763459682465 0.062714919447898865
0.43617725372314453 0.065505862236022949 0.10639972239732742
0.53920459747314453 -0.046135887503623962 0.086323358118534088
0.43729406595230103 0.094992652535438538 0.087899148464202881
0.54027926921844482 -0.040470123291015625 0.079702414572238922
0.52806997299194336 0.027849204838275909 0.075944863259792328
0.54435157775878906 -0.035960525274276733 0.072420269250869751
0.49279966950416565 -0.023564901202917099 0.097736500203609467
0.50768458843231201 -0.038865920156240463 0.062072925269603729
0.49252429604530334 0.057643335312604904 0.080757863819599152
0.52100986242294312 -0.010892254300415516 0.0303538478910923
0.4845505952835083 -0.035216111689805984 0.060918472707271576
0.40942075848579407 0.064081355929374695 0.071844704449176788
0.43529254198074341 0.032237771898508072 0.032469812780618668
0.41311699151992798 0.045024190098047256 0.096936136484146118
0.41570469737052917 0.06014874204993248 0.10163195431232452
0.48767954111099243 0.056404724717140198 0.083314545452594757
0.48965173959732056 0.055662240833044052 0.088042065501213074
0.53580647706985474 -0.0079324636608362198 0.08426627516746521
0.40387824177742004 0.051122717559337616 0.037208322435617447
0.51435285806655884 -0.045065354555845261 0.072303928434848785
0.46823656558990479 0.027174182236194611 0.10373730957508087
0.46705293655395508 0.084168076515197754 0.063856072723865509
0.55563098192214966 -0.027932740747928619 0.075895592570304871
0.42615744471549988 0.082637086510658264 0.07394988089799881
0.43314680457115173 0.022076919674873352 0.043703161180019379
0.44919523596763611 0.012114165350794792 0.084949806332588196
0.5320245623588562 -0.028048785403370857 0.088819645345211029
0.53156018257141113 0.0059708715416491032 0.080906793475151062
0.40778130292892456 0.062242671847343445 0.040760569274425507
0.47077310085296631 0.059202790260314941 0.034786060452461243
0.42896169424057007 0.085723847150802612 0.041612211614847183
0.54634302854537964 -0.014780947007238865 0.05965559184551239
0.51975953578948975 0.035354148596525192 0.059112261980772018
0.47733935713768005 0.02142680436372757 0.10377847403287888
0.54399996995925903 -0.036345224827528 0.079904206097126007
0.47731983661651611 -0.010500078089535236 0.094522237777709961
0.46104744076728821 0.014475950971245766 0.09889741986989975
0.43752241134643555 0.0073600267060101032 0.05139593780040741
0.52147126197814941 0.026946213096380234 0.045620523393154144
0.39306932687759399 0.049058910459280014 0.08218151330947876
0.52998101711273193 0.019689261913299561 0.047743719071149826
0.53863662481307983 -0.023993354290723801 0.086213298141956329
0.47163131833076477 0.0021697005722671747 0.034437667578458786
0.5379149317741394 -0.043095193803310394 0.073827899992465973
0.49333059787750244 0.016488028690218925 0.028430357575416565
0.53477972745895386 -0.0060013681650161743 0.065876543521881104
0.48931482434272766 -0.02540162019431591 0.095608554780483246
0.44916671514511108 0.023830879479646683 0.099687881767749786
0.44850876927375793 0.021185280755162239 0.031743042171001434
0.44664874672889709 0.071548677980899811 0.031248195096850395
0.52244871854782104 -0.031944781541824341 0.052071943879127502
0.52842491865158081 0.0065260198898613453 0.092652730643749237
0.46147650480270386 -0.011502189561724663 0.055293023586273193
0.49868875741958618 0.00024408088938798755 0.10678265243768692
0.46434199810028076 0.02689083106815815 0.030055662617087364
0.51121979951858521 0.042163223028182983 0.059135790914297104
0.40088894963264465 0.05243980884552002 0.038175188004970551
0.40123969316482544 0.059472177177667618 0.04453837126493454
0.42205566167831421 0.0217465590685606 0.061401866376399994
0.47450333833694458 -0.017294876277446747 0.082322664558887482
0.49726438522338867 0.038664828985929489 0.095607392489910126
0.46953260898590088 -0.019533561542630196 0.080030210316181183
0.49406203627586365 -0.03254067525267601 0.047706320881843567
0.4819825291633606 -0.0040882905013859272 0.10355255007743835
0.52236086130142212 -0.0052634407766163349 0.042322833091020584
0.55619597434997559 -0.022827606648206711 0.07559116929769516
0.49008399248123169 0.021038562059402466 0.030777879059314728
0.50968486070632935 -0.036161758005619049 0.054265502840280533
0.49473512172698975 0.042952362447977066 0.04240470752120018
0.41059133410453796 0.062942974269390106 0.10393379628658295
0.4021795392036438 0.057600352913141251 0.099232941865921021
0.48301655054092407 0.018303271383047104 0.027039358392357826
0.49557438492774963 0.022332364693284035 0.10459552705287933
0.46995612978935242 0.081261590123176575 0.071838498115539551
0.54755592346191406 -0.036890577524900436 0.067335687577724457
0.47904074192047119 -0.0068880235776305199 0.035482496023178101
0.42026662826538086 0.080579377710819244 0.065011724829673767
0.47993269562721252 0.07118505984544754 0.057364258915185928
0.52376264333724976 -0.04631752148270607 0.075246602296829224
0.54315590858459473 -0.031409580260515213 0.050175506621599197
0.40884780883789062 0.050477977842092514 0.094813607633113861
0.43660381436347961 0.085408046841621399 0.035902500152587891
0.47753164172172546 0.049235880374908447 0.10033262521028519
0.41311314702033997 0.07265840470790863 0.078738823533058167
0.47759217023849487 0.026490787044167519 0.030020823702216148
0.40511089563369751 0.038726150989532471 0.085491590201854706
0.48989233374595642 0.057332329452037811 0.077974744141101837
0.45884811878204346 0.0033898358233273029 0.040065169334411621
0.39253410696983337 0.045190881937742233 0.063006408512592316
0.4415431022644043 0.099695861339569092 0.077202737331390381
0.53104090690612793 -0.01287572830915451 0.080540694296360016
0.39969637989997864 0.057793166488409042 0.091358929872512817
0.48091879487037659 0.061303075402975082 0.04325488954782486
0.44770082831382751 0.10048124939203262 0.067039027810096741
0.3978387713432312 0.055545944720506668 0.092913158237934113
0.41184192895889282 0.058454733341932297 0.030176572501659393
0.45972791314125061 0.029439289122819901 0.10333868861198425
0.45516118407249451 0.068818621337413788 0.035989873111248016
0.52088326215744019 -0.041955083608627319 0.053765840828418732
0.49082505702972412 0.038007315248250961 0.09991176426410675
0.51013565063476562 0.031386662274599075 0.08904092013835907
0.47721982002258301 0.0084527982398867607 0.10188764333724976
0.43279340863227844 0.094465352594852448 0.063232071697711945
0.421335369348526 0.076984241604804993 0.1035132110118866
0.46288907527923584 0.076073303818702698 0.091932430863380432
0.48074331879615784 0.070810899138450623 0.07496701180934906
0.45683765411376953 0.084960505366325378 0.045116778463125229
0.54264259338378906 -0.033265396952629089 0.087358042597770691
0.40971514582633972 0.060901641845703125 0.033294815570116043
0.53255379199981689 -0.015517204068601131 0.08592793345451355
0.54297727346420288 -0.035064663738012314 0.082824066281318665
0.54083549976348877 -0.017188835889101028 0.087501123547554016
0.51054811477661133 -0.010613726451992989 0.099172644317150116
0.43753999471664429 0.070521481335163116 0.10450225323438644
0.53084594011306763 0.0023948804009705782 0.051228400319814682
0.43043163418769836 0.087389849126338959 0.095078080892562866
0.50904691219329834 -0.016680875793099403 0.10026990622282028
0.48146310448646545 0.061310332268476486 0.089160129427909851
0.52638423442840576 0.024284146726131439 0.078286565840244293
0.41885465383529663 0.034283343702554703 0.039681460708379745
0.41782689094543457 0.073372587561607361 0.031038016080856323
0.42995643615722656 0.039324745535850525 0.034592669457197189
0.41380465030670166 0.073434144258499146 0.092173106968402863
0.49400365352630615 -0.02188275009393692 0.038483817130327225
0.42042610049247742 0.076298236846923828 0.095846131443977356
0.54493659734725952 -0.016475686803460121 0.065223708748817444
0.438089519739151 0.010237244889140129 0.078521683812141418
0.43244466185569763 0.012886065989732742 0.059237480163574219
0.46074351668357849 0.084750570356845856 0.058671392500400543
0.46371367573738098 0.080637216567993164 0.054885618388652802
0.44375932216644287 0.082897953689098358 0.09826534241437912
0.46988952159881592 0.053226687014102936 0.031479474157094955
0.40078330039978027 0.036356214433908463 0.066779762506484985
0.48981666564941406 0.047678787261247635 0.042653407901525497
0.4353155791759491 0.064841330051422119 0.030009560286998749
0.48036336898803711 -0.003192621748894453 0.030165472999215126
0.53578430414199829 -0.031095614656805992 0.041827958077192307
0.45621567964553833 0.027114983648061752 0.027982527390122414
0.42253908514976501 0.042943812906742096 0.097532659769058228
0.46989557147026062 0.031423021107912064 0.027134837582707405
0.40531063079833984 0.043889965862035751 0.041945356875658035
0.5168461799621582 -0.039352387189865112 0.076368018984794617
0.41805243492126465 0.073659613728523254 0.085332974791526794
0.52629148960113525 -0.020000172778964043 0.084072977304458618
0.52238684892654419 -0.03854859247803688 0.083650015294551849
0.51886516809463501 0.0084510194137692451 0.035666666924953461
0.52969574928283691 -0.046443406492471695 0.08109060674905777
0.47329998016357422 -0.010606172494590282 0.036661092191934586
0.53155058622360229 -0.028073750436306 0.084219016134738922
0.47956204414367676 -0.011194414459168911 0.037467118352651596
0.40450286865234375 0.058608338236808777 0.040971733629703522
0.45192331075668335 0.054281726479530334 0.10593333095312119
0.41017144918441772 0.056159693747758865 0.035017035901546478
0.50280821323394775 0.046884454786777496 0.074634529650211334
0.47899073362350464 -0.010620485059916973 0.097286857664585114
0.41611883044242859 0.056294422596693039 0.10060310363769531
0.43247628211975098 0.089585848152637482 0.033687420189380646
0.50199323892593384 -0.0056926077231764793 0.10363534092903137
0.54392009973526001 -0.036451943218708038 0.053145624697208405
0.40402910113334656 0.050196543335914612 0.095702305436134338
0.41392862796783447 0.037882719188928604 0.040376059710979462
0.50445014238357544 -0.021664239466190338 0.044764380902051926
0.44615152478218079 -0.0020219301804900169 0.055494997650384903
0.41980934143066406 0.080069348216056824 0.060484539717435837
0.41838005185127258 0.078511036932468414 0.098900400102138519
0.50391471385955811 -0.017961226403713226 0.10085905343294144
0.5063667893409729 0.018895063549280167 0.034338675439357758
0.40698137879371643 0.061362903565168381 0.051070526242256165
0.40355822443962097 0.046155877411365509 0.046357657760381699
0.54240310192108154 -0.04259258508682251 0.082652948796749115
0.49190875887870789 0.059991594403982162 0.057801518589258194
0.45036780834197998 0.041286028921604156 0.029914192855358124
0.52254366874694824 0.018958665430545807 0.038878023624420166
0.40961822867393494 0.032613415271043777 0.063656128942966461
0.42990496754646301 0.051376089453697205 0.10256417840719223
0.42748856544494629 0.073399864137172699 0.10625967383384705
0.55026084184646606 -0.013747618533670902 0.057380519807338715
0.51536160707473755 -0.024128412827849388 0.094192981719970703
0.41016951203346252 0.064900591969490051 0.055966798216104507
0.43066731095314026 0.087612681090831757 0.03866756334900856
0.5301012396812439 -0.0094795664772391319 0.08166281133890152
0.41995406150817871 0.039238814264535904 0.097972899675369263
0.43486300110816956 0.027500610798597336 0.034586716443300247
0.53081792593002319 -0.050876293331384659 0.07289191335439682
0.4242604672908783 0.020562136545777321 0.058277621865272522
0.45046094059944153 0.083220615983009338 0.095252245664596558
0.45149275660514832 0.093100711703300476 0.04967975988984108
0.46758842468261719 -0.02326330728828907 0.060645144432783127
0.4490511417388916 0.0042756227776408195 0.066059701144695282
0.4599248468875885 0.0081297010183334351 0.076214492321014404
0.4556145966053009 -0.0095108896493911743 0.052432220429182053
0.50199496746063232 0.052741765975952148 0.064986936748027802
0.51835083961486816 -0.0373256616294384 0.053334489464759827
0.44387006759643555 0.049999773502349854 0.10675519704818726
0.41075554490089417 0.053722575306892395 0.10002808272838593
0.42369496822357178 0.045338500291109085 0.032110944390296936
0.46213418245315552 -0.010186983272433281 0.05988762155175209
0.43518024682998657 0.051147975027561188 0.10631556063890457
0.49743196368217468 0.0045312815345823765 0.10377825796604156
0.41934952139854431 0.055081740021705627 0.10423191636800766
0.55194824934005737 -0.032033823430538177 0.048906221985816956
0.51171278953552246 -0.024423990398645401 0.047459624707698822
0.45343670248985291 0.09143366664648056 0.074562594294548035
0.49909520149230957 0.051856383681297302 0.052496537566184998
0.43571081757545471 0.016029883176088333 0.089764602482318878
0.49951109290122986 -0.002747442340478301 0.10620027780532837
0.44223195314407349 0.033414475619792938 0.029692798852920532
0.53108364343643188 -0.00038511012098751962 0.081520579755306244
0.44611018896102905 0.091049768030643463 0.046517860144376755
0.43393787741661072 0.095750346779823303 0.087024033069610596
0.40014708042144775 0.053794626146554947 0.063123390078544617
0.51718223094940186 0.024762220680713654 0.089309051632881165
0.46352565288543701 -0.015773283317685127 0.050848476588726044
0.4411047101020813 0.044615529477596283 0.030419882386922836
0.44034707546234131 0.074620909988880157 0.10061013698577881
0.47239676117897034 -0.023979930207133293 0.063414104282855988
0.52620887756347656 -0.0029148729518055916 0.044346828013658524
0.48280516266822815 0.011082380078732967 0.10564734041690826
0.45376849174499512 0.077029824256896973 0.040141940116882324
0.45532116293907166 -0.0067869662307202816 0.049281403422355652
0.45568150281906128 0.012504550628364086 0.032703615725040436
0.50563961267471313 0.031879495829343796 0.092183463275432587
0.47779181599617004 0.052541401237249374 0.095263876020908356
0.42559519410133362 0.028483763337135315 0.093969486653804779
0.5036391019821167 -0.018826741725206375 0.04202638566493988
0.52886974811553955 -0.0052261967211961746 0.084615007042884827
0.51127451658248901 0.042060226202011108 0.05506916344165802
0.42544165253639221 0.086321055889129639 0.071814820170402527
0.54747426509857178 -0.012681236490607262 0.078982412815093994
0.50173550844192505 -0.012268554419279099 0.029614806175231934
0.5509108304977417 -0.029800845310091972 0.044937562197446823
0.42209374904632568 0.036552958190441132 0.096813440322875977
0.47249680757522583 -0.010367684066295624 0.041141316294670105
0.53299868106842041 -0.041852045804262161 0.052260451018810272
0.42453566193580627 0.067291006445884705 0.026773056015372276
0.40213915705680847 0.036404836922883987 0.061546884477138519
0.53298497200012207 0.0027767058927565813 0.076521709561347961
0.4152427613735199 0.072696402668952942 0.027854179963469505
0.53803205490112305 -0.047454636543989182 0.058635327965021133
0.54031485319137573 -0.016334233805537224 0.0569603331387043
0.51600843667984009 -0.030405102297663689 0.083663858473300934
0.49110481142997742 0.0042953095398843288 0.10571689158678055
0.46757885813713074 -0.019177049398422241 0.06645558774471283
0.46053436398506165 0.029979821294546127 0.030089031904935837
0.43534937500953674 0.026944991201162338 0.095060095191001892
0.51055365800857544 -0.024715429171919823 0.044570527970790863
0.55763447284698486 -0.025406921282410622 0.062966793775558472
0.49108022451400757 0.025030136108398438 0.10391897708177567
0.53337389230728149 -0.027456402778625488 0.041954133659601212
0.39825963973999023 0.051691234111785889 0.047036975622177124
0.45317813754081726 0.069466099143028259 0.098087266087532043
0.52678662538528442 -0.025650277733802795 0.044880684465169907
0.41319245100021362 0.072736255824565887 0.063975751399993896
0.47851452231407166 -0.027157632634043694 0.078485287725925446
0.51096463203430176 -0.0013922323705628514 0.10541761666536331
0.39748644828796387 0.055331245064735413 0.073808260262012482
0.43180674314498901 0.028527865186333656 0.035573758184909821
0.44746443629264832 0.02124137245118618 0.097927801311016083
0.47308486700057983 0.075524084270000458 0.078766964375972748
0.41627070307731628 0.023724960163235664 0.075528465211391449
0.42222565412521362 0.08277294784784317 0.096998468041419983
0.49340933561325073 0.046215645968914032 0.093225732445716858
0.46498584747314453 0.012235701084136963 0.032929521054029465
0.52629572153091431 -0.046046629548072815 0.063729122281074524
0.51462054252624512 -0.013429565355181694 0.039916146546602249
0.45585361123085022 0.011019250378012657 0.086289495229721069
0.46387660503387451 -0.008771493099629879 0.046997353434562683
0.44447803497314453 0.043527532368898392 0.10336387902498245
0.52264732122421265 -0.018914729356765747 0.037138883024454117
0.42986372113227844 0.091238811612129211 0.094507463276386261
0.53627216815948486 -0.0086600827053189278 0.054738942533731461
0.43404671549797058 0.01181852538138628 0.050179753452539444
0.39780834317207336 0.055696088820695877 0.085530467331409454
0.48033744096755981 0.065037168562412262 0.07990717887878418
0.49629214406013489 -0.011780471540987492 0.028576331213116646
0.42567887902259827 0.082121573388576508 0.10192913562059402
0.51617169380187988 0.023552278056740761 0.042365249246358871
0.44924816489219666 0.096447005867958069 0.08175060898065567
0.55081135034561157 -0.024602446705102921 0.058421868830919266
0.45202034711837769 0.021685522049665451 0.099848560988903046
0.46730926632881165 0.056584827601909637 0.032104995101690292
0.41883715987205505 0.024269811809062958 0.063880503177642822
0.41770967841148376 0.07327493280172348 0.07842940092086792
0.47881349921226501 0.059569239616394043 0.039766214787960052
0.48430022597312927 -0.021446546539664268 0.041496645659208298
0.46341708302497864 0.04977908730506897 0.10179263353347778
0.51756459474563599 -0.047844909131526947 0.060959134250879288
0.47245329618453979 -0.02679012157022953 0.059972871094942093
0.43037879467010498 0.087312929332256317 0.098994500935077667
0.5191495418548584 -0.010913736186921597 0.041418015956878662
0.44808483123779297 0.025954518467187881 0.033440582454204559
0.48574531078338623 0.011538932099938393 0.10375356674194336
0.4444061815738678 0.01169236097484827 0.085158847272396088
0.44750410318374634 0.056438073515892029 0.028222851455211639
0.40972840785980225 0.029956122860312462 0.074963048100471497
0.55371099710464478 -0.025358794257044792 0.084705650806427002
0.53856253623962402 0.005225328728556633 0.073730476200580597
0.50328183174133301 0.047636043280363083 0.08191370964050293
0.4107196033000946 0.031727451831102371 0.070731885731220245
0.46298998594284058 0.081866756081581116 0.085273675620555878
0.47990229725837708 -0.016677752137184143 0.096862092614173889
0.44518643617630005 0.066671743988990784 0.029133668169379234
0.46889370679855347 -0.012311404570937157 0.071414373815059662
0.47183504700660706 -0.0086045702919363976 0.082026802003383636
0.4079953134059906 0.062482010573148727 0.043834194540977478
0.53722786903381348 0.010826925747096539 0.071108631789684296
0.47825497388839722 0.015890434384346008 0.029947837814688683
0.52979713678359985 0.027465878054499626 0.06770285964012146
0.51870310306549072 0.037376251071691513 0.062260404229164124
0.48232603073120117 0.012832465581595898 0.02689523808658123
0.48553076386451721 -0.035580158233642578 0.071408413350582123
0.5494881272315979 -0.026316072791814804 0.049128007143735886
0.49938836693763733 0.049509838223457336 0.057492952793836594
0.48187071084976196 0.01344401016831398 0.029894031584262848
0.55090737342834473 -0.033163499087095261 0.084392733871936798
0.46615752577781677 0.050697606056928635 0.032713044434785843
0.43575075268745422 0.074418559670448303 0.10501265525817871
0.5273163914680481 0.020817944779992104 0.089091464877128601
0.43724274635314941 0.0062973154708743095 0.057409606873989105
0.51114946603775024 0.044435549527406693 0.064319990575313568
0.43097555637359619 0.087967425584793091 0.057789243757724762
0.42662301659584045 0.087608106434345245 0.038629025220870972
0.47187912464141846 0.073884986340999603 0.048315469175577164
0.44931691884994507 0.074827469885349274 0.0363616943359375
0.51004552841186523 0.033810988068580627 0.08652002364397049
0.47504973411560059 0.074921391904354095 0.058804228901863098
0.43698760867118835 0.040180746465921402 0.10462788492441177
0.50952327251434326 0.025641655549407005 0.098119467496871948
0.43945077061653137 0.10185632854700089 0.07883114367723465
0.53779405355453491 -0.01212227251380682 0.074146822094917297
0.49100035429000854 0.03235287219285965 0.099408037960529327
0.49012413620948792 -0.028608676046133041 0.042051687836647034
0.42692506313323975 0.034446362406015396 0.094994537532329559
0.4508090615272522 -0.0014744778163731098 0.046692781150341034
0.52623593807220459 0.026753773912787437 0.069498486816883087
0.53245276212692261 0.0065259463153779507 0.055364932864904404
0.44072404503822327 0.077211886644363403 0.033945430070161819
0.40500745177268982 0.032583054155111313 0.065462514758110046
0.49842649698257446 0.020942755043506622 0.029310621321201324
0.54199117422103882 -0.021292787045240402 0.054018620401620865
0.43718805909156799 0.031012279912829399 0.035389654338359833
0.4900551438331604 0.028673812747001648 0.032581742852926254
0.52189499139785767 0.020575771108269691 0.093877106904983521
0.4193287193775177 0.02367977611720562 0.067115083336830139
0.47225180268287659 0.054443586617708206 0.032920986413955688
0.42806294560432434 0.067093394696712494 0.029778005555272102
0.45900005102157593 0.079523943364620209 0.042521357536315918
0.44781956076622009 0.056508727371692657 0.10570685565471649
0.54886263608932495 -0.017845815047621727 0.083145737648010254
0.41132566332817078 0.066170334815979004 0.038396984338760376
0.48088282346725464 -0.033469449728727341 0.058738995343446732
0.43950659036636353 0.0044892942532896996 0.06461111456155777
0.5296596884727478 -0.033601429313421249 0.091179803013801575
0.45968639850616455 0.086876600980758667 0.065405555069446564
0.49265477061271667 -0.033058259636163712 0.076016828417778015
0.5440216064453125 -0.04081185907125473 0.062748908996582031
0.50539976358413696 -0.03962436318397522 0.071997791528701782
0.44713583588600159 0.077360667288303375 0.1004936695098877
0.49732020497322083 0.056919720023870468 0.069130599498748779
0.48529592156410217 -0.027441244572401047 0.04674345999956131
0.51543337106704712 -0.020138010382652283 0.042358197271823883
0.53848648071289062 -0.043740060180425644 0.051014009863138199
0.46210673451423645 0.07317303866147995 0.043080732226371765
0.48516115546226501 -0.032680686563253403 0.06598769873380661
0.46622133255004883 -0.00061489077052101493 0.068115971982479095
0.48011380434036255 0.0054326858371496201 0.028020124882459641
0.52750259637832642 -0.019743675366044044 0.049725946038961411
0.4771730899810791 -0.021598801016807556 0.085595622658729553
0.52988868951797485 0.02676423080265522 0.063567094504833221
0.49946960806846619 -0.0013079970376566052 0.029859315603971481
0.47386288642883301 -0.02257256954908371 0.085176050662994385
0.53001213073730469 0.020812820643186569 0.076029904186725616
0.43688675761222839 0.099008038640022278 0.070253506302833557
0.51514381170272827 0.033682353794574738 0.08684394508600235
0.41997605562210083 0.08023805171251297 0.036837298423051834
0.40559649467468262 0.064308792352676392 0.054351639002561569
0.404258131980896 0.062856271862983704 0.10012329369783401
0.54408138990402222 -0.013831479474902153 0.083393916487693787
0.4423544704914093 0.015191593207418919 0.093681901693344116
0.53366780281066895 0.0006557912565767765 0.073964543640613556
0.5322730541229248 -0.052456852048635483 0.076361365616321564
0.48888924717903137 0.012921939603984356 0.026828601956367493
0.42986434698104858 0.031123004853725433 0.098458446562290192
0.43576055765151978 0.012408474460244179 0.053058281540870667
0.48921471834182739 -0.025031359866261482 0.042314499616622925
0.53729116916656494 -0.012000847607851028 0.085642345249652863
0.47725152969360352 0.033474352210760117 0.10264910757541656
0.42612153291702271 0.080801323056221008 0.028983855620026588
0.4166894257068634 0.030332900583744049 0.045408599078655243
0.50284957885742188 0.030693395063281059 0.098632089793682098
0.42735809087753296 0.083959184587001801 0.060842730104923248
0.49590134620666504 0.051025282591581345 0.086847983300685883
0.52071768045425415 -0.037421323359012604 0.057128928601741791
0.51572543382644653 -0.036282602697610855 0.070749253034591675
0.4351966381072998 0.040818884968757629 0.10115405917167664
0.41592040657997131 0.028782855719327927 0.056313063949346542
0.49049216508865356 0.052124444395303726 0.047868221998214722
0.50740498304367065 -0.0021216724999248981 0.10623299330472946
0.52861064672470093 0.0018798020901158452 0.041361384093761444
0.48957672715187073 0.0021967112552374601 0.030271753668785095
0.4536888599395752 0.091448143124580383 0.059874806553125381
0.49275535345077515 0.057078581303358078 0.06629672646522522
0.50803512334823608 -0.037018109112977982 0.059722818434238434
0.44845575094223022 0.044862367212772369 0.10642361640930176
0.40418446063995361 0.058291643857955933 0.094237282872200012
0.54816854000091553 -0.02273327112197876 0.08139503002166748
0.46016860008239746 0.071592047810554504 0.04039432480931282
0.47509530186653137 -0.029825868085026741 0.059730760753154755
0.48854890465736389 -0.033232990652322769 0.070427775382995605
0.45871829986572266 0.053050249814987183 0.031512826681137085
0.46513792872428894 0.0079145710915327072 0.031880207359790802
0.46857079863548279 0.047189630568027496 0.10354898869991302
0.41878893971443176 0.026323877274990082 0.077557355165481567
0.5366823673248291 -0.03700275719165802 0.045423403382301331
0.50061702728271484 -0.016575803980231285 0.10251474380493164
0.48734670877456665 0.019828811287879944 0.030240869149565697
0.45117995142936707 0.024329176172614098 0.030093897134065628
0.51646506786346436 -0.016697311773896217 0.09772394597530365
0.54150301218032837 -0.026804773136973381 0.047369621694087982
0.54139906167984009 -0.0067519787698984146 0.076998569071292877
0.45912998914718628 -0.006281417328864336 0.049260914325714111
0.43519824743270874 0.02887243963778019 0.098970204591751099
0.41040700674057007 0.035654459148645401 0.086031600832939148
0.4204249382019043 0.076265096664428711 0.049088947474956512
0.47507795691490173 -0.026163622736930847 0.071728259325027466
0.49485757946968079 0.00075825059320777655 0.10363193601369858
0.46898698806762695 -0.015489532612264156 0.071553811430931091
0.47495201230049133 0.033701326698064804 0.10592781752347946
0.46552276611328125 0.02231726236641407 0.030472880229353905
0.42971101403236389 0.0322154201567173 0.035353556275367737
0.4659634530544281 0.0058821714483201504 0.081554986536502838
0.43907538056373596 0.026775659993290901 0.03663938120007515
0.43374335765838623 0.091026149690151215 0.04357614740729332
0.46500036120414734 0.054234869778156281 0.031293239444494247
0.53284090757369995 0.01528581976890564 0.068663753569126129
0.44154733419418335 0.071672864258289337 0.029117975383996964
0.44739976525306702 0.05054725706577301 0.029821040108799934
0.44306603074073792 0.1029173731803894 0.053647734224796295
0.49638819694519043 0.03462626039981842 0.037617795169353485
0.41762197017669678 0.053934689611196518 0.030173448845744133
0.53513824939727783 -0.046173397451639175 0.073890641331672668
0.49739190936088562 -0.031983055174350739 0.046134069561958313
0.52177280187606812 -0.026178386062383652 0.046732496470212936
0.41990375518798828 0.031846966594457626 0.09258994460105896
0.49615779519081116 -0.0032821511849761009 0.10337559133768082
0.51378107070922852 -0.031769990921020508 0.047499742358922958
0.51757997274398804 -0.041369471698999405 0.074097685515880585
0.44644904136657715 0.079806052148342133 0.09585735946893692
0.43460333347320557 0.092006891965866089 0.08374389261007309
0.5320931077003479 -0.017043627798557281 0.051534026861190796
0.54315882921218872 -0.011024177074432373 0.058064345270395279
0.49780526757240295 -0.03229193389415741 0.087057463824748993
0.395295649766922 0.048425614833831787 0.076777607202529907
0.42554205656051636 0.063778877258300781 0.10362359881401062
0.43016356229782104 0.081745453178882599 0.10444828867912292
0.54191195964813232 -0.016664095222949982 0.052582185715436935
0.50443738698959351 0.0088504571467638016 0.10268338769674301
0.46887052059173584 0.078623034060001373 0.067614763975143433
0.53492873907089233 -0.050885211676359177 0.072975918650627136
0.4630439281463623 0.045959379523992538 0.10554121434688568
0.52078235149383545 0.03515683114528656 0.072825059294700623
0.43871983885765076 0.1010490208864212 0.08320268988609314
0.51142245531082153 0.039219442754983902 0.074278451502323151
0.4156976044178009 0.059662852436304092 0.028828078880906105
0.55917727947235107 -0.02400701679289341 0.067480467259883881
0.4705548882484436 -0.026564300060272217 0.067735880613327026
0.52090156078338623 0.02496788278222084 0.048236377537250519
0.43814986944198608 0.095936350524425507 0.080495409667491913
0.46895703673362732 0.022639457136392593 0.027267731726169586
0.5205681324005127 -0.0056203817948698997 0.094484761357307434
0.53371375799179077 0.0035796395968645811 0.086233660578727722
0.47486811876296997 0.023616168648004532 0.10607989132404327
0.40148895978927612 0.055209975689649582 0.037213064730167389
0.46422961354255676 0.062181711196899414 0.099936746060848236
0.41874679923057556 0.078888364136219025 0.056027550250291824
0.49032637476921082 0.058876123279333115 0.071444280445575714
0.51949536800384521 -0.036524653434753418 0.086621098220348358
0.40284073352813721 0.039102256298065186 0.051377095282077789
0.52836614847183228 0.015904491767287254 0.049186699092388153
0.51450198888778687 -0.020864462479948997 0.036688528954982758
0.40054455399513245 0.042354308068752289 0.083012126386165619
0.47751334309577942 0.034651231020689011 0.028264716267585754
0.42241185903549194 0.03001750074326992 0.088106237351894379
0.46962997317314148 0.041674345731735229 0.10237467288970947
0.47369971871376038 -0.00073141563916578889 0.079314939677715302
0.54359424114227295 -0.010672367177903652 0.052855536341667175
0.41109210252761841 0.052135542035102844 0.096948049962520599
0.53338330984115601 -0.048115052282810211 0.079614460468292236
0.45387688279151917 0.014686495065689087 0.036008458584547043
0.529743492603302 0.025437537580728531 0.07539474219083786
0.49713009595870972 0.047062244266271591 0.084486253559589386
0.5195612907409668 0.0076343356631696224 0.10132093727588654
0.42976707220077515 0.066533312201499939 0.10575695335865021
0.42238596081733704 0.082933269441127777 0.071448616683483124
0.53210932016372681 -0.0026090941391885281 0.054647959768772125
0.54559755325317383 -0.020504869520664215 0.05055595189332962
0.45250263810157776 0.075265191495418549 0.098463699221611023
0.47211262583732605 0.062535643577575684 0.041720397770404816
0.52676641941070557 0.025170329958200455 0.049532610923051834
0.53027856349945068 -0.014883753843605518 0.09105372428894043
0.42049962282180786 0.038121510297060013 0.093585692346096039
0.4746246337890625 0.071848362684249878 0.08251451700925827
0.42763915657997131 0.08876974880695343 0.090235151350498199
0.4048997163772583 0.045001350343227386 0.087212719023227692
0.53555065393447876 0.0030971886590123177 0.083335332572460175
0.44374054670333862 0.011687896214425564 0.044520121067762375
0.51152545213699341 -0.034066706895828247 0.050557550042867661
0.45772039890289307 0.03874717652797699 0.1037662997841835
0.52035015821456909 0.028327105566859245 0.052503868937492371
0.44523197412490845 0.010783884674310684 0.039476841688156128
0.51910364627838135 -0.00659963209182024 0.043932545930147171
0.51294666528701782 0.031183239072561264 0.041921116411685944
0.52167040109634399 -0.051957428455352783 0.063072159886360168
0.41495233774185181 0.029145509004592896 0.084478072822093964
0.43036410212516785 0.087298586964607239 0.071014076471328735
0.52600312232971191 0.017344215884804726 0.045500967651605606
0.51523673534393311 -0.028588484972715378 0.087160229682922363
0.46647888422012329 0.041615899652242661 0.10598769038915634
0.42235517501831055 0.021711362525820732 0.073218904435634613
0.55980932712554932 -0.020399892702698708 0.072047688066959381
0.46080401539802551 0.051800116896629333 0.10187454521656036
0.53867542743682861 -0.032339144498109818 0.046071372926235199
0.49363234639167786 0.051941264420747757 0.051671452820301056
0.53062719106674194 -0.055654037743806839 0.072842821478843689
0.47219625115394592 0.013044211082160473 0.10195993632078171
0.52184277772903442 -0.046749606728553772 0.069520875811576843
0.53603619337081909 -0.017380665987730026 0.044223364442586899
0.43590053915977478 0.097925081849098206 0.085450254380702972
0.50381481647491455 0.011829032562673092 0.028286494314670563
0.44647836685180664 0.088632218539714813 0.09330054372549057
0.50655978918075562 0.027072574943304062 0.034866757690906525
0.52144622802734375 -0.01382505614310503 0.03709687665104866
0.40012916922569275 0.058276064693927765 0.095946937799453735
0.4802820086479187 0.066753417253494263 0.084575466811656952
0.43070992827415466 0.013453701511025429 0.068267300724983215
0.47717881202697754 0.073797985911369324 0.074155144393444061
0.45270857214927673 0.072619594633579254 0.096723943948745728
0.49009716510772705 0.013444649986922741 0.1036827340722084
0.5093422532081604 0.033621609210968018 0.046130936592817307
0.47086408734321594 -0.0030142026953399181 0.033584162592887878
0.42069712281227112 0.060188904404640198 0.027775807306170464
0.50151669979095459 -0.033452346920967102 0.085825875401496887
0.49652543663978577 0.017207736149430275 0.029032118618488312
0.50091499090194702 0.0036425052676349878 0.027243426069617271
0.49461033940315247 -0.033513519912958145 0.060447648167610168
0.53427952527999878 0.003669350640848279 0.065596163272857666
0.51842927932739258 -0.026489680632948875 0.086809374392032623
0.43679925799369812 0.04809921607375145 0.10305897146463394
0.46354442834854126 0.027863418683409691 0.1035337895154953
0.48834812641143799 0.045882396399974823 0.036155328154563904
0.41891562938690186 0.056829661130905151 0.031990725547075272
0.54147958755493164 -0.018119737505912781 0.046620611101388931
0.45725017786026001 0.012467403896152973 0.079126454889774323
0.48249086737632751 -0.0077523384243249893 0.031099282205104828
0.40633824467658997 0.065159134566783905 0.095495231449604034
0.49658718705177307 -0.0078848153352737427 0.10584942251443863
0.52039384841918945 -0.043920211493968964 0.056624826043844223
0.54076582193374634 -0.0036164880730211735 0.075543321669101715
0.42030656337738037 0.073769114911556244 0.027165841311216354
0.41037201881408691 0.035035856068134308 0.079954810440540314
0.42806071043014526 0.015803271904587746 0.066866651177406311
0.52129721641540527 0.021636867895722389 0.088734254240989685
0.45167964696884155 0.018988767638802528 0.034919369965791702
0.45077520608901978 0.070871517062187195 0.10190039128065109
0.43723544478416443 0.080024346709251404 0.030476344749331474
0.40109905600547791 0.044100478291511536 0.052264958620071411
0.3976300060749054 0.042551476508378983 0.053328119218349457
0.43145254254341125 0.082989752292633057 0.030129780992865562
0.52300536632537842 -0.012110993266105652 0.096174508333206177
0.52896034717559814 -0.044453483074903488 0.056716255843639374
0.51174986362457275 0.0022226062137633562 0.10252673923969269
0.41655522584915161 0.071987524628639221 0.067272663116455078
0.46914124488830566 0.077272891998291016 0.074554264545440674
0.54495805501937866 -0.028592949733138084 0.043897029012441635
0.54036659002304077 -0.0021452601067721844 0.058188974857330322
0.39685922861099243 0.054146338254213333 0.04221532866358757
0.50822299718856812 0.042795132845640182 0.08234192430973053
0.47915491461753845 0.031616080552339554 0.10478086769580841
0.51924759149551392 -0.039656255394220352 0.04940805584192276
0.4367527961730957 0.077083617448806763 0.10307317227125168
0.50160038471221924 0.017201144248247147 0.030094387009739876
0.40281322598457336 0.056760303676128387 0.077812537550926208
0.5157126784324646 0.011123898439109325 0.034615922719240189
0.48150646686553955 0.056281767785549164 0.043636322021484375
0.51039552688598633 -0.0087973009794950485 0.037582539021968842
0.44961151480674744 0.039292715489864349 0.10340815782546997
0.47055259346961975 0.057350035756826401 0.099405243992805481
0.46404793858528137 0.086415529251098633 0.068394117057323456
0.45743647217750549 0.010619286447763443 0.092579156160354614
0.42919528484344482 0.019292104989290237 0.046961251646280289
0.49044838547706604 0.055567532777786255 0.05298253521323204
0.54842138290405273 -0.027356607839465141 0.054006073623895645
0.5400615930557251 -0.030541028827428818 0.042694073170423508
0.4022783637046814 0.041275449097156525 0.055820140987634659
0.44737046957015991 0.097907520830631256 0.051338754594326019
0.4384513795375824 0.01538982056081295 0.086410142481327057
0.46127349138259888 0.026558509096503258 0.030413303524255753
0.44472199678421021 0.011140685528516769 0.081167824566364288
0.46808609366416931 0.047203626483678818 0.028996307402849197
0.46142154932022095 -0.0074054556898772717 0.060604143887758255
0.44199845194816589 0.0034570854622870684 0.053401388227939606
0.54441893100738525 -0.009714917279779911 0.066963545978069305
0.48188742995262146 -0.023347485810518265 0.08844359964132309
0.5028344988822937 -0.0026524530258029699 0.10654584318399429
0.43964585661888123 0.0064186342060565948 0.059131957590579987
0.51346790790557861 -0.04282156378030777 0.059623841196298599
0.50231939554214478 0.048451941460371017 0.066829264163970947
0.43019142746925354 0.020437499508261681 0.08511979877948761
0.40748399496078491 0.066408224403858185 0.064514875411987305
0.40451410412788391 0.054611057043075562 0.094949148595333099
0.42189130187034607 0.082393348217010498 0.083893217146396637
0.4754641056060791 0.011433230713009834 0.030786521732807159
0.5150483250617981 0.022193999961018562 0.036420125514268875
0.51841020584106445 -0.046176999807357788 0.055920708924531937
0.4263414740562439 0.087300777435302734 0.045646805316209793
0.53405725955963135 0.0155236991122365 0.054699845612049103
0.42808336019515991 0.013863804750144482 0.074796028435230255
0.48277056217193604 0.059022199362516403 0.047782838344573975
0.53689718246459961 -0.024151032790541649 0.050585463643074036
0.47895345091819763 0.0070342845283448696 0.10537765175104141
0.50276100635528564 0.015858633443713188 0.10139830410480499
0.46264919638633728 -0.016919950023293495 0.054685510694980621
0.48327729105949402 -0.0012859097914770246 0.029878059402108192
0.47836363315582275 -0.014822104014456272 0.094064198434352875
0.50336319208145142 0.04918115958571434 0.078284002840518951
0.55560535192489624 -0.019072709605097771 0.05602109432220459
0.41753634810447693 0.064964942634105682 0.02786407433450222
0.5071181058883667 0.047215405851602554 0.074310228228569031
0.43408891558647156 0.03535529226064682 0.034694943577051163
0.50639456510543823 -0.013034387491643429 0.038035668432712555
0.39881780743598938 0.056804250925779343 0.069468744099140167
0.51266849040985107 -0.0041792583651840687 0.028117848560214043
0.44819113612174988 0.082456104457378387 0.040431991219520569
0.46580338478088379 0.012678590603172779 0.029329171404242516
0.47670209407806396 -0.03094806894659996 0.073945008218288422
0.48521256446838379 0.066107951104640961 0.075284220278263092
0.5447462797164917 -0.0067777391523122787 0.067143283784389496
0.54785555601119995 -0.015456956811249256 0.052868273109197617
0.44103631377220154 0.028465300798416138 0.10150554776191711
0.50703364610671997 -0.031273890286684036 0.04471125453710556
0.48820653557777405 -0.021459400653839111 0.038974698632955551
0.42748600244522095 0.088592223823070526 0.078879304230213165
0.4416290819644928 0.048726487904787064 0.029939144849777222
0.49937251210212708 0.045916054397821426 0.087434500455856323
0.442850261926651 0.024270592257380486 0.033260487020015717
0.43295574188232422 0.0082750441506505013 0.060046855360269547
0.53200274705886841 -0.00034442506148479879 0.089452922344207764
0.40819209814071655 0.06271546334028244 0.066258683800697327
0.46321293711662292 0.03756466880440712 0.10660051554441452
0.51472419500350952 0.018284376710653305 0.095862105488777161
0.44986468553543091 0.019604379311203957 0.10126154124736786
0.5050736665725708 -0.017928222194314003 0.037303075194358826
0.52456074953079224 -0.0061016269028186798 0.090007543563842773
0.51487481594085693 -0.0067673483863472939 0.1020282655954361
0.41873082518577576 0.046452134847640991 0.097567521035671234
0.46934416890144348 0.0086537664756178856 0.084950469434261322
0.43533417582511902 0.050397589802742004 0.027286272495985031
0.43328922986984253 0.090555757284164429 0.092107594013214111
0.39515078067779541 0.052745979279279709 0.079748891294002533
0.52779287099838257 -0.020771842449903488 0.088564909994602203
0.44885909557342529 0.026879912242293358 0.030287275090813637
0.50321859121322632 0.019844556227326393 0.10330251604318619
0.50212204456329346 -0.028673570603132248 0.041638057678937912
0.53798317909240723 -0.047500737011432648 0.070539601147174835
0.4118209183216095 0.052720706909894943 0.032383851706981659
0.50433313846588135 -0.0026320491451770067 0.10379514098167419
0.55165630578994751 -0.023946786299347878 0.072814278304576874
0.49221324920654297 -0.03665720671415329 0.073547586798667908
0.55762302875518799 -0.018976343795657158 0.073497690260410309
0.46464702486991882 0.071567974984645844 0.039231933653354645
0.45844766497612 0.0068587628193199635 0.038037195801734924
0.49632516503334045 0.050147172063589096 0.080814152956008911
0.46723216772079468 0.074180744588375092 0.043584130704402924
0.52775603532791138 -0.023558380082249641 0.042151261121034622
0.55294084548950195 -0.030924171209335327 0.062416024506092072
0.41358700394630432 0.073188714683055878 0.086086355149745941
0.47213977575302124 0.016831766813993454 0.10316574573516846
0.49495410919189453 0.058242388069629669 0.062413182109594345
0.48536914587020874 -0.0316951684653759 0.057808563113212585
0.47018983960151672 -0.0036919130943715572 0.074089638888835907
0.49813523888587952 0.013347887434065342 0.10596368461847305
0.54985815286636353 -0.020063655450940132 0.049472279846668243
0.50298434495925903 0.040522828698158264 0.04747593030333519
0.40759223699569702 0.057088885456323624 0.03213898092508316
0.52755123376846313 -0.006831788457930088 0.093961894512176514
0.50182086229324341 0.0068035302683711052 0.030253123492002487
0.41174262762069702 0.066641449928283691 0.051410015672445297
0.46440431475639343 0.040526457130908966 0.030226850882172585
0.51410919427871704 -0.034788735210895538 0.052840635180473328
0.39649850130081177 0.049616243690252304 0.050442751497030258
0.45060357451438904 0.095764718949794769 0.052795376628637314
0.46796351671218872 0.025640083476901054 0.02738814614713192
0.50190353393554688 -0.018432071432471275 0.097245417535305023
0.47560012340545654 -0.030836883932352066 0.068758495151996613
0.48806166648864746 -0.018997317180037498 0.098608605563640594
0.53047430515289307 0.02062389999628067 0.059459064155817032
0.50922501087188721 0.037010092288255692 0.087463296949863434
0.42581355571746826 0.041710302233695984 0.03518204391002655
0.49934738874435425 0.033182885497808456 0.095224201679229736
0.41661828756332397 0.037486270070075989 0.04324721172451973
0.52593505382537842 -0.023642975836992264 0.091807723045349121
0.52069944143295288 -0.050812039524316788 0.068577468395233154
0.54577159881591797 -0.034377533942461014 0.08523588627576828
0.55305331945419312 -0.023403806611895561 0.068474501371383667
0.50387173891067505 -0.024556586518883705 0.095951423048973083
0.47958347201347351 -0.029799908399581909 0.083233848214149475
0.51471787691116333 0.017465941607952118 0.099873155355453491
0.47096747159957886 0.062196608632802963 0.095720313489437103
0.44878944754600525 0.035945091396570206 0.10285679250955582
0.50246930122375488 0.045700959861278534 0.04757661372423172
0.49578136205673218 0.051803670823574066 0.084008075296878815
0.45158782601356506 0.089424431324005127 0.04659845307469368
0.44973304867744446 0.0030583643820136786 0.062344647943973541
0.45271056890487671 0.095804944634437561 0.057543668895959854
0.48557668924331665 0.05376775935292244 0.040014423429965973
0.41233202815055847 0.071808084845542908 0.10171964764595032
0.45713600516319275 0.030337952077388763 0.027985068038105965
0.47634857892990112 -0.024184592068195343 0.04652143269777298
0.42476755380630493 0.024106467142701149 0.050117671489715576
0.47920083999633789 0.045664094388484955 0.035307470709085464
0.43592861294746399 0.093454867601394653 0.052619248628616333
0.49658969044685364 0.042998343706130981 0.039348874241113663
0.41970273852348328 0.038284260779619217 0.040347300469875336
0.42893937230110168 0.030548788607120514 0.093618124723434448
0.5385890007019043 -0.019527660682797432 0.04489518329501152
0.45333898067474365 0.058603245764970779 0.10185268521308899
0.4275285005569458 0.013838798739016056 0.071046553552150726
0.51869815587997437 -0.04832226037979126 0.073729947209358215
0.48180961608886719 0.046429324895143509 0.036855734884738922
0.44319272041320801 0.10432235151529312 0.063136860728263855
0.53683090209960938 -0.048784662038087845 0.060944847762584686
0.44421222805976868 0.038101993501186371 0.028011631220579147
0.47804632782936096 -0.0024799099192023277 0.099546767771244049
0.53878128528594971 -0.014142674393951893 0.052931476384401321
0.41954964399337769 0.065199077129364014 0.030249033123254776
0.48895740509033203 -0.0029187954496592283 0.10238301008939743
0.42954760789871216 0.026012051850557327 0.038618091493844986
0.46750804781913757 -0.011749022640287876 0.046644795686006546
0.50138562917709351 0.048148062080144882 0.049646414816379547
0.449483722448349 0.085952535271644592 0.09382861852645874
0.53578835725784302 -0.041405774652957916 0.082509174942970276
0.51174408197402954 0.0012899511493742466 0.032286308705806732
0.468046635389328 0.068354018032550812 0.094516061246395111
0.45640024542808533 -0.0053967414423823357 0.045827820897102356
0.52468442916870117 -0.017571315169334412 0.084637776017189026
0.48766481876373291 -0.034014534205198288 0.053335070610046387
0.51736432313919067 -0.0042047430761158466 0.10131742805242538
0.4956531822681427 -0.016129706054925919 0.030670939013361931
0.50315707921981812 0.034199576824903488 0.092116251587867737
0.43870532512664795 0.087790831923484802 0.035099465399980545
0.4546642005443573 0.082504257559776306 0.041241958737373352
0.4441821277141571 0.070137515664100647 0.1009477898478508
0.47189545631408691 0.043633319437503815 0.10398581624031067
0.45265081524848938 0.037820931524038315 0.026993999257683754
0.40627926588058472 0.065068311989307404 0.058153644204139709
0.45948371291160583 0.001976048806682229 0.037086240947246552
0.53437000513076782 -0.022713461890816689 0.088091477751731873
0.43450614809989929 0.086889982223510742 0.10132880508899689
0.51109993457794189 -0.035106346011161804 0.075752444565296173
0.42437127232551575 0.085145995020866394 0.088784255087375641
0.54469257593154907 -0.013625564984977245 0.074633657932281494
0.47362986207008362 0.074330449104309082 0.067263156175613403
0.53703773021697998 0.003189771668985486 0.080274499952793121
0.4224468469619751 0.026048567146062851 0.08916134387254715
0.45952650904655457 0.046848706901073456 0.10519015043973923
0.49678629636764526 0.022501101717352867 0.1010342612862587
0.47056689858436584 -0.022495478391647339 0.068332627415657043
0.53454846143722534 -0.046341899782419205 0.084698677062988281
0.54462116956710815 -0.040149785578250885 0.058936774730682373
0.4140474796295166 0.069225437939167023 0.093701131641864777
0.54032886028289795 -0.002947954460978508 0.069203563034534454
0.49622565507888794 -0.037965629249811172 0.070095852017402649
0.50400173664093018 0.041088271886110306 0.084190666675567627
0.46314311027526855 0.084188446402549744 0.078341707587242126
0.48018604516983032 -0.028887264430522919 0.055607505142688751
0.40189278125762939 0.046574365347623825 0.042321477085351944
0.50722765922546387 0.038267996162176132 0.044116072356700897
0.48954483866691589 0.028044916689395905 0.10412835329771042
0.53346741199493408 0.012755482457578182 0.06271817535161972
0.52672994136810303 -0.0019959958735853434 0.047387599945068359
0.52319455146789551 0.0060991770587861538 0.035759460180997849
0.47334083914756775 0.003291355911642313 0.089110888540744781
0.51246654987335205 -0.0060058208182454109 0.10347419232130051
0.45498627424240112 0.014226339757442474 0.089782968163490295
0.42571559548377991 0.086619116365909576 0.063541024923324585
0.45029789209365845 -0.0011004810221493244 0.054014991968870163
0.4418262243270874 0.028122704476118088 0.032462172210216522
0.41990834474563599 0.043644063174724579 0.036855947226285934
0.47505971789360046 -0.0044580008834600449 0.081120684742927551
0.44002452492713928 0.097999639809131622 0.058526914566755295
0.48235595226287842 0.031371649354696274 0.028322679921984673
0.45587262511253357 0.020212210714817047 0.10325583815574646
0.50704216957092285 0.044614993035793304 0.054868698120117188
0.4717048704624176 0.0090221324935555458 0.09095243364572525
0.46346092224121094 0.025360103696584702 0.10630138218402863
0.52647519111633301 0.027586299926042557 0.056573692709207535
0.47745159268379211 -0.02871905080974102 0.065454289317131042
0.45844510197639465 0.091373734176158905 0.073212601244449615
0.45641639828681946 0.087432682514190674 0.055354941636323929
0.44309461116790771 0.075350299477577209 0.099467247724533081
0.43073022365570068 0.092159830033779144 0.036382529884576797
0.46803575754165649 0.066311880946159363 0.041798554360866547
0.5262255072593689 -0.036849647760391235 0.080815926194190979
0.51341819763183594 -0.0092897247523069382 0.035985197871923447
0.40603476762771606 0.04054940864443779 0.0507839135825634
0.43061167001724243 0.045631714165210724 0.029410285875201225
0.5217098593711853 -0.001006837235763669 0.044341627508401871
0.54711061716079712 -0.032044410705566406 0.050997912883758545
0.43475961685180664 0.092173479497432709 0.073972083628177643
0.52174198627471924 -0.015118037350475788 0.088525854051113129
0.54234486818313599 -0.032405253499746323 0.083807423710823059
0.46966636180877686 0.069633737206459045 0.041574917733669281
0.485200434923172 -0.029036890715360641 0.08358435332775116
0.5182003378868103 0.015630723908543587 0.035443972796201706
0.3943672776222229 0.051858104765415192 0.051427368074655533
0.44922801852226257 0.033161252737045288 0.029016045853495598
0.45577406883239746 0.079924590885639191 0.039566021412611008
0.52964240312576294 -0.053754333406686783 0.080978214740753174
0.4497215747833252 0.061540912836790085 0.028625465929508209
0.44628992676734924 0.0068015092983841896 0.069804929196834564
0.53179305791854858 0.025832826271653175 0.069037668406963348
0.51849603652954102 -0.030432445928454399 0.080494314432144165
0.53141742944717407 0.020179927349090576 0.082557894289493561
0.53775811195373535 -0.030512632802128792 0.088723510503768921
0.4388662576675415 0.013512034900486469 0.090186998248100281
0.54147583246231079 -0.043624568730592728 0.076761625707149506
0.43190839886665344 0.07587769627571106 0.10231401771306992
0.44647973775863647 0.010584223084151745 0.075618654489517212
0.45380645990371704 0.018565339967608452 0.099266581237316132
0.47387078404426575 0.063065782189369202 0.09000927209854126
0.5264926552772522 -0.020192062482237816 0.041277781128883362
0.534079909324646 0.015028047375380993 0.079268142580986023
0.49253839254379272 0.0020642944145947695 0.027548523619771004
0.48669558763504028 -0.030132414773106575 0.052039042115211487
0.50411868095397949 -0.032725296914577484 0.046392757445573807
0.55037492513656616 -0.015140119008719921 0.068154580891132355
0.48359870910644531 0.059710640460252762 0.083870254456996918
0.54542291164398193 -0.029875822365283966 0.089980311691761017
0.52249628305435181 -7.0028836489655077e-05 0.039866019040346146
0.52781486511230469 -0.02852901816368103 0.087637834250926971
0.4603046178817749 -0.0062000099569559097 0.042439159005880356
0.44912517070770264 0.015944169834256172 0.093239493668079376
0.4899161159992218 0.037336975336074829 0.035945985466241837
0.52563446760177612 -0.043016694486141205 0.080902054905891418
0.5228036642074585 -0.0088923312723636627 0.09074016660451889
0.42989838123321533 0.091262072324752808 0.072235248982906342
0.51704937219619751 -0.013381860218942165 0.033008765429258347
0.40110543370246887 0.053228225558996201 0.041744794696569443
0.55219334363937378 -0.027266660705208778 0.073056049644947052
0.46113184094429016 0.048093542456626892 0.028118573129177094
0.54463177919387817 -0.022118708118796349 0.046131905168294907
0.43870499730110168 0.019328150898218155 0.091797582805156708
0.48229387402534485 0.053860712796449661 0.038423758000135422
0.46936142444610596 -0.017484018579125404 0.07799665629863739
0.51502364873886108 -0.043471243232488632 0.056868720799684525
0.47939965128898621 -0.021345207467675209 0.045420899987220764
0.47233620285987854 -0.028122436255216599 0.064842328429222107
0.43059539794921875 0.015352797694504261 0.084504887461662292
0.51555901765823364 0.03217918798327446 0.081882163882255554
0.54989296197891235 -0.023686913773417473 0.051922325044870377
0.48313513398170471 0.062364730983972549 0.048449724912643433
0.53813159465789795 -0.047340158373117447 0.064754411578178406
0.52854824066162109 -0.04375939816236496 0.051239550113677979
0.53332233428955078 0.023689599707722664 0.06721833348274231
0.5385933518409729 0.007414843887090683 0.066535450518131256
0.42709720134735107 0.030998874455690384 0.096456073224544525
0.42977669835090637 0.091106250882148743 0.041529241949319839
0.40378215909004211 0.057841647416353226 0.088359393179416656
0.42904177308082581 0.045195441693067551 0.10079431533813477
0.43503203988075256 0.061178211122751236 0.026785988360643387
0.53631079196929932 -0.013166957534849644 0.056504644453525543
0.53451502323150635 -0.036158677190542221 0.086766831576824188
0.41557753086090088 0.026689207181334496 0.054051630198955536
0.40666279196739197 0.032643791288137436 0.062605462968349457
0.50396621227264404 0.041343789547681808 0.044219519942998886
0.47929635643959045 0.018969321623444557 0.029799288138747215
0.53964841365814209 -0.0064692948944866657 0.062571585178375244
0.50306367874145508 0.049335740506649017 0.054754834622144699
0.43173891305923462 0.014034139923751354 0.05116986483335495
0.52263820171356201 -0.035554438829421997 0.048418730497360229
0.53021484613418579 -0.012901060283184052 0.088649764657020569
0.51933133602142334 -0.0083894720301032066 0.099178396165370941
0.45647436380386353 0.024414969608187675 0.031643088907003403
0.48723933100700378 0.037569370120763779 0.031488757580518723
0.45020356774330139 0.088749796152114868 0.089115515351295471
0.49855965375900269 0.019490914419293404 0.10144104063510895
0.53148633241653442 0.019607551395893097 0.066508874297142029
0.52891826629638672 -0.056885246187448502 0.068016774952411652
0.44960916042327881 0.04799681156873703 0.10622183233499527
0.41469547152519226 0.040414132177829742 0.039224214851856232
0.4189460277557373 0.079017750918865204 0.10463313013315201
0.42636609077453613 0.03243623673915863 0.03696281835436821
0.40956518054008484 0.068695470690727234 0.035238057374954224
0.48415234684944153 -0.0082454821094870567 0.099517121911048889
0.52087283134460449 -0.019256966188549995 0.040576610714197159
0.40907829999923706 0.068189419806003571 0.084692411124706268
0.53618901968002319 -0.049492161720991135 0.066980421543121338
0.51498693227767944 -0.012447139248251915 0.095501400530338287
0.47295558452606201 0.069485172629356384 0.04993833601474762
0.47599485516548157 -0.0046431021764874458 0.090179897844791412
0.48558887839317322 0.063030995428562164 0.07207450270652771
0.5417025089263916 -0.037212643772363663 0.084955058991909027
0.51019275188446045 -0.0070424177683889866 0.10071907192468643
0.55626446008682251 -0.02040286548435688 0.066500380635261536
0.4385235607624054 0.079923912882804871 0.034234877675771713
0.45498126745223999 0.078566744923591614 0.095645755529403687
0.48659029603004456 0.06653372198343277 0.069847077131271362
0.5385366678237915 -0.043282277882099152 0.090499632060527802
0.54463613033294678 -0.031355630606412888 0.045683372765779495
0.44238543510437012 0.020349578931927681 0.035998482257127762
0.46768596768379211 0.053494963794946671 0.099347449839115143
0.48301684856414795 0.05880606546998024 0.091105051338672638
0.46451136469841003 0.082449287176132202 0.069317802786827087
0.44975987076759338 0.075861923396587372 0.096395879983901978
0.50767064094543457 0.01355532743036747 0.10298291593790054
0.51288104057312012 -0.033268198370933533 0.08468453586101532
0.51156502962112427 0.023372167721390724 0.039136301726102829
0.51065540313720703 -0.035704050213098526 0.059866044670343399
0.47767549753189087 -0.023634929209947586 0.088571839034557343
0.467415452003479 0.074474379420280457 0.08361305296421051
0.44089791178703308 0.010521448217332363 0.043207086622714996
0.44647791981697083 0.055093802511692047 0.10348475724458694
0.46995022892951965 0.011672585271298885 0.031798090785741806
0.44562533497810364 0.090995162725448608 0.087529242038726807
0.52369678020477295 0.015406050719320774 0.03709154948592186
0.51291638612747192 -0.017041124403476715 0.093582019209861755
0.45430302619934082 0.066411808133125305 0.09899013489484787
0.40883320569992065 0.048637442290782928 0.036112397909164429
0.48120090365409851 0.060340829193592072 0.085889585316181183
0.44678306579589844 0.01340945903211832 0.079874776303768158
0.5481911301612854 -0.018034465610980988 0.054685678333044052
0.42392021417617798 0.074378274381160736 0.026984084397554398
0.52590489387512207 -0.016846535727381706 0.089917533099651337
0.42906904220581055 0.090359628200531006 0.097129210829734802
0.49336004257202148 0.036239873617887497 0.033332008868455887
0.42362534999847412 0.030552992597222328 0.092895932495594025
0.52265900373458862 -0.009433431550860405 0.035368956625461578
0.46894508600234985 0.073546215891838074 0.050597712397575378
0.44624853134155273 0.036270573735237122 0.031049299985170364
0.44340044260025024 0.092335857450962067 0.045258808881044388
0.5522235631942749 -0.027236714959144592 0.06784357875585556
0.52156168222427368 -0.042120743542909622 0.06767486035823822
0.48061561584472656 -0.013755979016423225 0.098992809653282166
0.47924068570137024 0.058474726974964142 0.043768562376499176
0.52391833066940308 0.0091625144705176353 0.036282595247030258
0.48556169867515564 -0.027284959331154823 0.092429578304290771
0.50404155254364014 0.046604067087173462 0.070858888328075409
0.43793746829032898 0.10015910863876343 0.050086468458175659
0.52782708406448364 -0.048500876873731613 0.077390432357788086
0.42059975862503052 0.021426057443022728 0.053726360201835632
0.45987069606781006 0.086441949009895325 0.070870682597160339
0.51868301630020142 -0.030158985406160355 0.089538387954235077
0.54197430610656738 -0.017347309738397598 0.081594467163085938
0.52460819482803345 0.0039707492105662823 0.092645905911922455
0.41613671183586121 0.044596120715141296 0.098536327481269836
0.43397113680839539 0.026212491095066071 0.039783056825399399
0.46185511350631714 0.013195343315601349 0.030256660655140877
0.43487867712974548 0.068135373294353485 0.10623778402805328
0.46718916296958923 -0.015778452157974243 0.066506966948509216
0.44086757302284241 0.066200889647006989 0.10264312475919724
0.40976729989051819 0.047453954815864563 0.093328274786472321
0.4265788197517395 0.075524836778640747 0.10319560766220093
0.4398939311504364 0.0093794222921133041 0.075476065278053284
0.51765239238739014 0.019234856590628624 0.040058493614196777
0.41196021437644958 0.040182899683713913 0.041387133300304413
0.4365990161895752 0.084101416170597076 0.098223738372325897
0.51895773410797119 -0.026101710274815559 0.043381940573453903
0.42713341116905212 0.014582742936909199 0.055991727858781815
0.50903612375259399 0.028561262413859367 0.041202899068593979
0.42387890815734863 0.016492435708642006 0.063843533396720886
0.48648566007614136 0.061392031610012054 0.058247677981853485
0.46524375677108765 0.047400891780853271 0.10197529196739197
0.49097061157226562 0.013310682028532028 0.029951902106404305
0.4949834942817688 0.052325990051031113 0.054674144834280014
0.53167587518692017 0.0089020580053329468 0.045923881232738495
0.55477386713027954 -0.023231295868754387 0.056088190525770187
0.47169312834739685 0.079875744879245758 0.065947331488132477
0.4293239414691925 0.090630866587162018 0.080484203994274139
0.53992444276809692 -0.021728413179516792 0.085021607577800751
0.51675349473953247 -0.0078891348093748093 0.031143877655267715
0.53847271203994751 -0.042177159339189529 0.084415167570114136
0.532612144947052 -0.044494472444057465 0.078952081501483917
0.52988171577453613 0.013406055048108101 0.089009620249271393
0.40063273906707764 0.053231891244649887 0.091415666043758392
0.52691376209259033 -0.0076885404996573925 0.086599327623844147
0.47455337643623352 -0.024213183671236038 0.076974965631961823
0.54462915658950806 -0.025096284225583076 0.089078724384307861
0.52219569683074951 -0.028030013665556908 0.050680987536907196
0.39928686618804932 0.057309988886117935 0.04856041818857193
0.39740964770317078 0.050762802362442017 0.067385926842689514
0.46283844113349915 0.0022954591549932957 0.067039653658866882
0.4541471004486084 -0.0031156227923929691 0.057293746620416641
0.50122910737991333 0.0098671382293105125 0.10554196685552597
0.41596353054046631 0.071340367197990417 0.080200068652629852
0.39376100897789001 0.05119284987449646 0.061478555202484131
0.40730834007263184 0.066203750669956207 0.050253968685865402
0.40440359711647034 0.062977880239486694 0.041922524571418762
0.52503252029418945 -0.018756913021206856 0.093222014605998993
0.42967045307159424 0.028113031759858131 0.092308364808559418
0.53962278366088867 0.0015405324520543218 0.059534642845392227
0.44214737415313721 0.0096010630950331688 0.048502836376428604
0.50330299139022827 0.050238285213708878 0.074937768280506134
0.51235371828079224 0.0090964874252676964 0.10084177553653717
0.46453791856765747 0.064958415925502777 0.09807402640581131
0.47516468167304993 0.076945312321186066 0.064993776381015778
0.53958356380462646 -0.014334683306515217 0.047071285545825958
0.44409573078155518 0.00291610904969275 0.058454349637031555
0.40263202786445618 0.041435807943344116 0.078760072588920593
0.48596519231796265 0.049281101673841476 0.041121937334537506
0.4553053081035614 0.01358000747859478 0.085026606917381287
0.54986029863357544 -0.034339137375354767 0.062670998275279999
0.51136684417724609 -0.015347269363701344 0.031078429892659187
0.53142380714416504 0.016647661104798317 0.075483895838260651
0.54470843076705933 -0.024025196209549904 0.085538655519485474
0.48934048414230347 -0.027177080512046814 0.088127031922340393
0.46749192476272583 -0.0028872345574200153 0.069289460778236389
0.53006452322006226 -0.047346379607915878 0.060103513300418854
0.42814528942108154 0.072922952473163605 0.030172094702720642
0.51169890165328979 0.037621688097715378 0.055509444326162338
0.4008425772190094 0.048040498048067093 0.090693548321723938
0.48165860772132874 -0.0082896202802658081 0.097313672304153442
0.41601443290710449 0.071375906467437744 0.049528997391462326
0.49746799468994141 -0.028950870037078857 0.091674819588661194
0.43610835075378418 0.017014212906360626 0.092413738369941711
0.53921347856521606 -0.041659444570541382 0.068211585283279419
0.54519760608673096 -0.034445971250534058 0.088431976735591888
0.50823318958282471 0.0092566367238759995 0.10400257259607315
0.46628311276435852 0.0080027449876070023 0.089233234524726868
0.42761948704719543 0.088710188865661621 0.034837972372770309
0.47480466961860657 0.019135972484946251 0.027586333453655243
0.54352951049804688 -0.01565910130739212 0.054824300110340118
0.41615208983421326 0.04955122247338295 0.032340891659259796
0.42841410636901855 0.052396934479475021 0.10527101159095764
0.4431416392326355 0.039229851216077805 0.10540489107370377
0.47083628177642822 0.0064292969182133675 0.095059029757976532
0.42573276162147522 0.086659878492355347 0.095457583665847778
0.52810847759246826 0.014102071523666382 0.085736513137817383
0.40402540564537048 0.062554880976676941 0.03641466423869133
0.48818469047546387 0.059895571321249008 0.075196422636508942
0.47250214219093323 -0.022727940231561661 0.049857925623655319
0.5285569429397583 0.018557364121079445 0.082466863095760345
0.53816354274749756 -0.0011896545765921474 0.053277358412742615
0.47940570116043091 -0.032464824616909027 0.077842466533184052
0.45276138186454773 0.0023031863383948803 0.045812699943780899
0.44084656238555908 0.062999419867992401 0.10315670073032379
0.44508892297744751 0.04970192164182663 0.10375837981700897
0.48681217432022095 0.056476622819900513 0.045244269073009491
0.49405044317245483 0.010134206153452396 0.10366764664649963
0.50270038843154907 0.026862291619181633 0.036489088088274002
0.46332454681396484 0.029376329854130745 0.10624852031469345
0.51836615800857544 5.7925339206121862e-05 0.040051441639661789
0.49491268396377563 0.024659307673573494 0.10088669508695602
0.51013803482055664 0.0090282801538705826 0.029976237565279007
0.44971668720245361 0.099468328058719635 0.068864181637763977
0.48168733716011047 -0.0214101392775774 0.094660766422748566
0.43248668313026428 0.05545947328209877 0.027934730052947998
0.48481771349906921 0.063965946435928345 0.062880456447601318
0.45413413643836975 0.048843584954738617 0.10644527524709702
0.47178050875663757 0.045052140951156616 0.10102050006389618
0.46470028162002563 0.056948266923427582 0.10165401548147202
0.51145696640014648 0.03017592616379261 0.092340350151062012
0.43922087550163269 0.031668428331613541 0.10155132412910461
0.50573533773422241 -0.015122418291866779 0.10210986435413361
0.43405634164810181 0.095885902643203735 0.09322115033864975
0.47780126333236694 0.038009513169527054 0.10467370599508286
0.51382297277450562 0.0067700771614909172 0.10385120660066605
0.50250768661499023 0.044848509132862091 0.080285333096981049
0.480804443359375 -0.034765947610139847 0.064522795379161835
0.53929078578948975 -0.030888721346855164 0.091286525130271912
0.48639965057373047 0.060169417411088943 0.04914015531539917
0.42469233274459839 0.075504228472709656 0.10642891377210617
0.51495790481567383 -0.019562043249607086 0.04538634791970253
0.46168389916419983 -0.0069763688370585442 0.047213472425937653
0.53407686948776245 0.017050513997673988 0.077271699905395508
0.44981133937835693 0.01640135794878006 0.09901842474937439
0.46240168809890747 0.072588272392749786 0.094427242875099182
0.48600777983665466 0.0071411421522498131 0.1058613657951355
0.47246786952018738 0.040627159178256989 0.029269300401210785
0.48267620801925659 0.042995378375053406 0.098041966557502747
0.54015159606933594 -0.045099664479494095 0.066353313624858856
0.50976753234863281 0.023068150505423546 0.035064999014139175
0.50742048025131226 -0.03726910799741745 0.064407438039779663
0.53734785318374634 -0.018368707969784737 0.048508964478969574
0.50736826658248901 -0.0056670298799872398 0.1059366837143898
0.49432367086410522 0.017788946628570557 0.10270939767360687
0.53494936227798462 -0.011665754951536655 0.08146938681602478
0.44103965163230896 0.016979500651359558 0.091409631073474884
0.44122382998466492 0.015033292584121227 0.086913749575614929
0.43249982595443726 0.068576589226722717 0.027095276862382889
0.45671600103378296 0.039172854274511337 0.02978530153632164
0.53862512111663818 -0.040984392166137695 0.049309849739074707
0.45842632651329041 -0.0080944132059812546 0.054775521159172058
0.49038097262382507 0.0067293206229805946 0.10373462736606598
0.52640450000762939 -0.023081012070178986 0.046021625399589539
0.46183887124061584 0.064450457692146301 0.096692264080047607
0.45851457118988037 0.078222505748271942 0.088742725551128387
0.51900982856750488 0.03645695373415947 0.069713868200778961
0.42276132106781006 0.020614869892597198 0.068116210401058197
0.43202215433120728 0.036788512021303177 0.098661713302135468
0.41715747117996216 0.025527507066726685 0.051750577986240387
0.42627981305122375 0.087240435183048248 0.057445015758275986
0.49399843811988831 -0.014841377735137939 0.1034175381064415
0.51213568449020386 0.042228918522596359 0.075035601854324341
0.52398675680160522 -0.023885197937488556 0.088705867528915405
0.50788605213165283 0.014802269637584686 0.10028836131095886
0.54818010330200195 -0.036190047860145569 0.079926632344722748
0.39644455909729004 0.054166033864021301 0.058867484331130981
0.50496679544448853 0.042139958590269089 0.052388213574886322
0.44239401817321777 0.01447303406894207 0.043050158768892288
0.44292253255844116 0.044145930558443069 0.027222108095884323
0.39879658818244934 0.043162677437067032 0.059511136263608932
0.46370398998260498 0.082649290561676025 0.072707399725914001
0.52747607231140137 0.01874910481274128 0.091020949184894562
0.43232184648513794 0.089462883770465851 0.062127631157636642
0.53305381536483765 0.011681156232953072 0.07503984123468399
0.54972463846206665 -0.033878494054079056 0.088951818645000458
0.54942244291305542 -0.032190937548875809 0.043626822531223297
0.4019639790058136 0.060284476727247238 0.058272935450077057
0.41635945439338684 0.071748740971088409 0.035391215234994888
0.48779892921447754 -0.018694853410124779 0.037511665374040604
0.53366327285766602 -0.04683246836066246 0.053624767810106277
0.43508860468864441 0.097006909549236298 0.058979805558919907
0.49208754301071167 -0.024866040796041489 0.041888944804668427
0.52312028408050537 0.021005652844905853 0.040976211428642273
0.43906843662261963 0.013692024163901806 0.080845803022384644
0.41781866550445557 0.025896048173308372 0.059947755187749863
0.52793020009994507 0.0096556665375828743 0.092731066048145294
0.52353471517562866 -0.0042654122225940228 0.09725576639175415
0.51170903444290161 -0.011319758370518684 0.040507987141609192
0.41743049025535583 0.077444575726985931 0.078704461455345154
0.52218520641326904 0.014194633811712265 0.094118095934391022
0.48480892181396484 0.064471177756786346 0.081582158803939819
0.54233205318450928 -0.026624761521816254 0.087301500141620636
0.46658870577812195 0.0078695863485336304 0.079411908984184265
0.39624622464179993 0.043750140815973282 0.077439479529857635
0.5317462682723999 -0.0030850379262119532 0.044908471405506134
0.49619781970977783 -0.032146435230970383 0.054907351732254028
0.4973578155040741 -0.011098372749984264 0.10226054489612579
0.46419116854667664 0.034591350704431534 0.10580331087112427
0.45464232563972473 -0.0045458534732460976 0.054565321654081345
0.43591830134391785 0.08677307516336441 0.097226038575172424
0.49396076798439026 -0.0092857154086232185 0.029489167034626007
0.5223274827003479 -0.023119445890188217 0.083995260298252106
0.5047069787979126 0.023454591631889343 0.032172519713640213
0.47951143980026245 -0.0037481966428458691 0.033957690000534058
0.54915314912796021 -0.029328951612114906 0.051972750574350357
0.44079393148422241 0.10334255546331406 0.074685774743556976
0.42335227131843567 0.040080539882183075 0.096414662897586823
0.39900252223014832 0.052519999444484711 0.054657194763422012
0.49366495013237 0.058975659310817719 0.059825673699378967
0.47683978080749512 0.049531005322933197 0.097418844699859619
0.52763974666595459 -0.011596210300922394 0.084344424307346344
0.47648146748542786 -0.029864488169550896 0.056392841041088104
0.45850357413291931 0.045679248869419098 0.030205423012375832
0.45608171820640564 0.080277204513549805 0.088878460228443146
0.44682577252388 0.083062350749969482 0.036881972104310989
0.44671043753623962 0.042658843100070953 0.030059034004807472
0.42887765169143677 0.085639789700508118 0.054983023554086685
0.53398233652114868 0.00710708973929286 0.070102766156196594
0.47184461355209351 -0.012897185981273651 0.081786446273326874
0.51946145296096802 0.024254292249679565 0.08772384375333786
0.53683829307556152 0.0070408317260444164 0.078006140887737274
0.43645456433296204 0.043799109756946564 0.028192739933729172
0.45260056853294373 0.010251556523144245 0.078436009585857391
0.46549162268638611 0.084794014692306519 0.059373956173658371
0.42909830808639526 0.057121608406305313 0.027518242597579956
0.4538232684135437 0.095214582979679108 0.070187516510486603
0.40543279051780701 0.036214787513017654 0.067080430686473846
0.45088943839073181 0.0063780476339161396 0.068807438015937805
0.40591678023338318 0.060172088444232941 0.035534005612134933
0.52046269178390503 0.0081623625010251999 0.096541382372379303
0.45907542109489441 0.012685525231063366 0.084453664720058441
0.52726101875305176 -0.050372287631034851 0.073539488017559052
0.46336734294891357 -0.011602204293012619 0.051522690802812576
0.44564563035964966 0.014735786244273186 0.086931094527244568
0.44719699025154114 0.0035241413861513138 0.045134216547012329
0.50558120012283325 0.00023773066641297191 0.029968345537781715
0.44249683618545532 0.074525751173496246 0.033543728291988373
0.53039646148681641 0.0049789133481681347 0.083656355738639832
0.54752343893051147 -0.023605354130268097 0.046677712351083755
0.43752163648605347 0.090323179960250854 0.039198398590087891
0.51774024963378906 -0.044729184359312057 0.069189839065074921
0.4250800609588623 0.081426844000816345 0.050681572407484055
0.40726658701896667 0.051117364317178726 0.039215743541717529
0.52484983205795288 0.030477870255708694 0.056824672967195511
0.50156491994857788 -0.017656987532973289 0.039489042013883591
0.51175451278686523 -0.0071080299094319344 0.027870712801814079
0.46427229046821594 0.065841175615787506 0.036310166120529175
0.50725924968719482 0.028057770803570747 0.093917489051818848
0.48272073268890381 0.04112856462597847 0.10172414034605026
0.47337698936462402 0.00074608583236113191 0.082959577441215515
0.42943635582923889 0.086279995739459991 0.085556499660015106
0.4728894829750061 0.067267969250679016 0.091740116477012634
0.42468225955963135 0.026813814416527748 0.086843565106391907
0.54281747341156006 -0.018287258222699165 0.076340243220329285
0.52600812911987305 -0.032774928957223892 0.085803516209125519
0.53652048110961914 0.0070201284252107143 0.054698359221220016
0.5198744535446167 -0.030970469117164612 0.049175605177879333
0.45951125025749207 0.056736432015895844 0.10081769526004791
0.43716663122177124 0.011159420013427734 0.072221569716930389
0.50964218378067017 -0.014741510152816772 0.037293389439582825
0.4460812509059906 0.024549167603254318 0.10227812826633453
0.48136237263679504 0.013869200833141804 0.10576097667217255
0.4951472282409668 -0.028581108897924423 0.041573308408260345
0.41079825162887573 0.032285246998071671 0.073805905878543854
0.47234213352203369 0.058902230113744736 0.09765259176492691
0.4329279363155365 0.0085788890719413757 0.063615888357162476
0.4933750331401825 0.047148656100034714 0.045174852013587952
0.52218449115753174 -0.013841262087225914 0.042144834995269775
0.43831080198287964 0.077626176178455353 0.1002214103937149
0.53719139099121094 -0.048391472548246384 0.051540940999984741
0.47211760282516479 0.075488284230232239 0.070137873291969299
0.45305031538009644 -0.0030895837116986513 0.046180255711078644
0.40814897418022156 0.067156843841075897 0.081311091780662537
0.40294626355171204 0.056887242943048477 0.047652963548898697
0.51576489210128784 -0.015326760709285736 0.029030270874500275
0.53981095552444458 -0.0072571528144180775 0.068437926471233368
0.47725147008895874 0.054337602108716965 0.035214673727750778
0.48763859272003174 0.024881504476070404 0.03107825294137001
0.50723540782928467 0.0027989752124994993 0.027317920699715614
0.54291176795959473 -0.0044242688454687595 0.068811111152172089
0.42296707630157471 0.026163306087255478 0.049475397914648056
0.40674954652786255 0.065596245229244232 0.067830696702003479
0.53501099348068237 0.01217211876064539 0.07899107038974762
0.50630313158035278 0.017098570242524147 0.099966369569301605
0.47304370999336243 0.03329719603061676 0.030296856537461281
0.45462384819984436 0.094818487763404846 0.072973571717739105
0.46508476138114929 0.072778411209583282 0.041921965777873993
0.49504533410072327 -0.018572453409433365 0.031982716172933578
0.51867049932479858 -0.044297888875007629 0.073601961135864258
0.48014900088310242 0.071955136954784393 0.065251030027866364
0.44961333274841309 0.050624053925275803 0.10361252725124359
0.49879711866378784 -0.0015197313623502851 0.10371699184179306
0.50842148065567017 -0.037992771714925766 0.079140692949295044
0.46361523866653442 0.012044508941471577 0.093977086246013641
0.48343652486801147 0.039019074290990829 0.031804554164409637
0.40958765149116516 0.033755019307136536 0.058403771370649338
0.48254257440567017 -0.019073020666837692 0.040884032845497131
0.52229160070419312 0.024323524907231331 0.045056752860546112
0.50912749767303467 -0.023454722017049789 0.089590176939964294
0.48769071698188782 -0.0068012112751603127 0.032491974532604218
0.50642603635787964 -0.0036893882788717747 0.026819301769137383
0.4595763087272644 0.081739120185375214 0.044656828045845032
0.43151581287384033 0.093067049980163574 0.089675165712833405
0.45068860054016113 -0.0038421056233346462 0.051300320774316788
0.39802354574203491 0.050449851900339127 0.041956536471843719
0.49483537673950195 0.055202443152666092 0.066412597894668579
0.42171922326087952 0.029274905100464821 0.041780363768339157
0.45377242565155029 0.033183898776769638 0.10312435775995255
0.44250372052192688 0.098386585712432861 0.047405295073986053
0.51604807376861572 0.039785474538803101 0.070238657295703888
0.46824216842651367 0.0050385021604597569 0.032182727009057999
0.53025496006011963 -0.021957017481327057 0.049762435257434845
0.4987214207649231 0.042933300137519836 0.087743319571018219
0.44666305184364319 0.045987784862518311 0.029838137328624725
0.44214251637458801 0.091097623109817505 0.094600960612297058
0.49613675475120544 0.037159953266382217 0.039039250463247299
0.50123023986816406 0.024001192301511765 0.032205577939748764
0.55621528625488281 -0.027301223948597908 0.052019055932760239
0.4791569709777832 -0.0088896937668323517 0.091103851795196533
0.53337305784225464 -0.017464380711317062 0.089875183999538422
0.46358948945999146 0.083325013518333435 0.064901202917098999
0.45215681195259094 0.057484764605760574 0.031183389946818352
0.48186874389648438 0.053679794073104858 0.04168180376291275
0.42287114262580872 0.078998200595378876 0.080268554389476776
0.44547978043556213 0.099289700388908386 0.071628376841545105
0.41813614964485168 0.0300890002399683 0.0834183469414711
0.53318029642105103 -0.0039153993129730225 0.075994037091732025
0.40415555238723755 0.04190971702337265 0.04690803587436676
0.53355473279953003 -0.039393655955791473 0.051041562110185623
0.49024868011474609 0.063294187188148499 0.068962492048740387
0.46006444096565247 -0.0028766135219484568 0.039850831031799316
0.42298588156700134 0.057672332972288132 0.028843356296420097
0.47919812798500061 -0.026232345029711723 0.087040841579437256
0.44385397434234619 0.068106159567832947 0.031914982944726944
0.47959613800048828 0.00144850870128721 0.032212544232606888
0.44959747791290283 0.0092573072761297226 0.041959181427955627
0.43521091341972351 0.088838249444961548 0.09901689738035202
0.46883973479270935 0.065192438662052155 0.092064298689365387
0.47511723637580872 0.070353604853153229 0.054898113012313843
0.45372065901756287 0.006644049659371376 0.041074920445680618
0.53515744209289551 -0.0086274407804012299 0.048936832696199417
0.4760688841342926 -0.0061960038729012012 0.033235818147659302
0.47785490751266479 0.0057719103060662746 0.10071673989295959
0.49934250116348267 0.045882325619459152 0.044312905520200729
0.46884253621101379 0.010130515322089195 0.10039428621530533
0.45988920331001282 0.022709155455231667 0.10223963856697083
0.46899276971817017 -0.0080762086436152458 0.071728214621543884
0.51725894212722778 -0.0039121317677199841 0.028845001012086868
0.42545956373214722 0.060459140688180923 0.10332895815372467
0.53739112615585327 0.0081923110410571098 0.074871689081192017
0.47754350304603577 0.070079721510410309 0.060483075678348541
0.47122359275817871 0.067881658673286438 0.045973177999258041
0.51110363006591797 -0.023240763694047928 0.09575401246547699
0.41307336091995239 0.06812063604593277 0.057152256369590759
0.40148729085922241 0.059774067252874374 0.084747955203056335
0.53224200010299683 -0.017220538109540939 0.047733638435602188
0.53174078464508057 -0.020718647167086601 0.091241538524627686
0.47340065240859985 0.063719682395458221 0.093000538647174835
0.50040525197982788 -0.032626189291477203 0.075569041073322296
0.42025196552276611 0.049491938203573227 0.10247597843408585
0.52795672416687012 -0.046941675245761871 0.048196326941251755
0.42425510287284851 0.019402375444769859 0.063725978136062622
0.53555285930633545 -0.002052197465673089 0.085165292024612427
0.40717440843582153 0.041099432855844498 0.084971159696578979
0.46464702486991882 0.0075231501832604408 0.034823194146156311
0.46613883972167969 -0.014145085588097572 0.070912376046180725
0.46125870943069458 0.075890742242336273 0.041046313941478729
0.48992219567298889 0.018292894586920738 0.027416931465268135
0.47422367334365845 0.070424839854240417 0.080147027969360352
0.4612463116645813 0.085558623075485229 0.053593732416629791
0.51559984683990479 0.011315451003611088 0.10215629637241364
0.42740839719772339 0.035513192415237427 0.09963688999414444
0.4852428138256073 0.047329362481832504 0.039263039827346802
0.48862734436988831 0.033667813986539841 0.1030685231089592
0.50595194101333618 0.036329012364149094 0.087836667895317078
0.41501539945602417 0.055864874273538589 0.033392220735549927
0.46043464541435242 0.0044831400737166405 0.06751086562871933
0.47125455737113953 0.069596372544765472 0.090612322092056274
0.52010929584503174 0.014793314971029758 0.098337858915328979
0.42893779277801514 0.035125523805618286 0.037070252001285553
0.42186126112937927 0.077885016798973083 0.089608564972877502
0.55675411224365234 -0.026280459016561508 0.081614501774311066
0.43561249971389771 0.093106992542743683 0.056394912302494049
0.51708394289016724 0.023290133103728294 0.039570756256580353
0.47698560357093811 0.048784751445055008 0.033026512712240219
0.46406286954879761 0.031233580783009529 0.02730913832783699
0.5100216269493103 -0.032926786690950394 0.070636183023452759
0.44148480892181396 0.046087495982646942 0.10541914403438568
0.51660346984863281 -0.043614994734525681 0.078718386590480804
0.51254111528396606 0.032806169241666794 0.088842965662479401
0.48119592666625977 0.066441901028156281 0.074425287544727325
0.49895066022872925 0.0080360211431980133 0.10590074956417084
0.41679969429969788 0.05456087738275528 0.1026805192232132
0.51755130290985107 -0.035513628274202347 0.081119172275066376
0.52234119176864624 0.023209668695926666 0.085939198732376099
0.41627269983291626 0.071181811392307281 0.029952254146337509
0.462646484375 0.034561172127723694 0.026780424639582634
0.48188289999961853 -0.020803235471248627 0.038359463214874268
0.53561502695083618 -0.045540381222963333 0.051392853260040283
0.40635353326797485 0.057191722095012665 0.036163348704576492
0.47135162353515625 -0.022121114656329155 0.074635796248912811
0.43871599435806274 0.038411770015954971 0.10137733817100525
0.41039532423019409 0.045599028468132019 0.09534870833158493
0.44404694437980652 0.088321216404438019 0.038336914032697678
0.50228655338287354 0.038306567817926407 0.092435434460639954
0.53527075052261353 0.017057867720723152 0.070791006088256836
0.49980396032333374 -0.013759288936853409 0.10451385378837585
0.44564402103424072 0.010762427933514118 0.071059852838516235
0.47032842040061951 -0.025556311011314392 0.061584137380123138
0.48027896881103516 0.024181712418794632 0.027975434437394142
0.54463934898376465 -0.010107760317623615 0.07855689525604248
0.52742421627044678 0.0082819797098636627 0.044901527464389801
0.48590150475502014 0.018976427614688873 0.10356038808822632
0.39784765243530273 0.055723506957292557 0.061819542199373245
0.4128749668598175 0.072381004691123962 0.059188451617956161
0.41858482360839844 0.07869817316532135 0.040425028651952744
0.46928554773330688 0.0011169059434905648 0.033378858119249344
0.49383297562599182 0.050048626959323883 0.088428504765033722
0.4177531898021698 0.077806867659091949 0.085404708981513977
0.50841438770294189 0.039709698408842087 0.04784412682056427
0.46822002530097961 0.010979698039591312 0.10359061509370804
0.46547228097915649 0.036829676479101181 0.02997208759188652
0.46081429719924927 0.024255132302641869 0.02872275747358799
0.52755743265151978 0.0094585688784718513 0.040378361940383911
0.49499592185020447 0.055475816130638123 0.052342791110277176
0.39917862415313721 0.057193838059902191 0.054202686995267868
0.40373018383979797 0.062236294150352478 0.049187440425157547
0.42807817459106445 0.081444002687931061 0.031682789325714111
0.4186854362487793 0.022909332066774368 0.05778295174241066
0.51938295364379883 -0.023629382252693176 0.038390357047319412
0.48217132687568665 -0.027944998815655708 0.083050258457660675
0.51252871751785278 -0.0086706271395087242 0.099071413278579712
0.54306590557098389 -0.041882067918777466 0.047022536396980286
0.42186474800109863 0.019303524866700172 0.07580256462097168
0.46785464882850647 0.083512961864471436 0.068655073642730713
0.52720683813095093 -0.042319279164075851 0.087708950042724609
0.45530512928962708 0.020977409556508064 0.10063739866018295
0.45624265074729919 0.090267926454544067 0.079954303801059723
0.44898346066474915 0.094536133110523224 0.056306984275579453
0.51683008670806885 -0.0076728076674044132 0.03796931728720665
0.51511716842651367 0.036233693361282349 0.052232734858989716
0.5372963547706604 -0.02032177709043026 0.089925870299339294
0.50999253988265991 -0.041215717792510986 0.062188122421503067
0.43316927552223206 0.049041111022233963 0.030855245888233185
0.50711977481842041 0.044892061501741409 0.080078274011611938
0.52348572015762329 -0.012144635431468487 0.033436592668294907
0.43681195378303528 0.0058009214699268341 0.060651589184999466
0.49931618571281433 0.039487931877374649 0.042996268719434738
0.52780437469482422 -0.055902846157550812 0.058310516178607941
0.45666101574897766 0.092357084155082703 0.068288914859294891
0.43846094608306885 0.081581138074398041 0.10172798484563828
0.42783087491989136 0.084488376975059509 0.068249017000198364
0.42459818720817566 0.085389763116836548 0.077331878244876862
0.45556339621543884 0.089138142764568329 0.08372904360294342
0.44030427932739258 0.075760409235954285 0.030273957177996635
0.49845966696739197 0.016659138724207878 0.10477304458618164
0.42786148190498352 0.046489689499139786 0.10313823819160461
0.5482526421546936 -0.031643293797969818 0.061389602720737457
0.39710777997970581 0.048493154346942902 0.045777719467878342
0.45742142200469971 0.058372322469949722 0.030403835698962212
0.48515772819519043 0.0023897793143987656 0.028740433976054192
0.48749205470085144 -0.036159060895442963 0.064038097858428955
0.43320855498313904 0.014493629336357117 0.053469900041818619
0.45683896541595459 -0.0018278282368555665 0.060644753277301788
0.43367078900337219 0.090943731367588043 0.040708884596824646
0.45476767420768738 0.022707495838403702 0.030290240421891212
0.51748573780059814 -0.03395611047744751 0.049885161221027374
0.41801255941390991 0.073587432503700256 0.044267699122428894
0.50771105289459229 0.020428856834769249 0.098049841821193695
0.43903711438179016 0.042321778833866119 0.028238752856850624
0.53364181518554688 -0.05093013122677803 0.048872292041778564
0.45969218015670776 0.013520072214305401 0.034191835671663284
0.49805775284767151 0.049711965024471283 0.078545309603214264
0.54107087850570679 -0.010826318524777889 0.050492849200963974
0.43111610412597656 0.053939711302518845 0.10315487533807755
0.53430640697479248 -0.0004547865828499198 0.063206568360328674
0.50832140445709229 -0.039261188358068466 0.073378302156925201
0.433167964220047 0.024748599156737328 0.095039166510105133
0.5106157660484314 0.037716846913099289 0.048421584069728851
0.53545206785202026 -0.048516962677240372 0.046294186264276505
0.42318928241729736 0.035840891301631927 0.039842564612627029
0.47325149178504944 0.077770955860614777 0.059279471635818481
0.42892462015151978 0.01865064725279808 0.080639287829399109
0.50593966245651245 -0.031132990494370461 0.078528180718421936
0.49221387505531311 0.05541636049747467 0.056011378765106201
0.41976600885391235 0.080043092370033264 0.092450752854347229
0.46571150422096252 -0.013976673595607281 0.051957655698060989
0.48918622732162476 -0.03518865630030632 0.077377818524837494
0.50024217367172241 -0.038171906024217606 0.074070006608963013
0.55258172750473022 -0.031313586980104446 0.075249545276165009
0.448067307472229 0.099283933639526367 0.058514386415481567
0.49614560604095459 0.050499334931373596 0.047673977911472321
0.45399051904678345 0.062964126467704773 0.033130079507827759
0.43543294072151184 0.079481355845928192 0.10270894318819046
0.50026661157608032 -0.02077932097017765 0.09563872218132019
0.43338805437088013 0.013135245069861412 0.056043092161417007
0.53960549831390381 -0.015499414876103401 0.083381675183773041
0.42059692740440369 0.070018082857131958 0.026815203949809074
0.55478477478027344 -0.028867099434137344 0.081350333988666534
0.48824119567871094 0.046184994280338287 0.040349867194890976
0.46901625394821167 0.039877694100141525 0.027785481885075569
0.4689565896987915 -0.0083899535238742828 0.042120717465877533
0.4401262104511261 0.10259535163640976 0.064473740756511688
0.48098742961883545 -0.013189936988055706 0.094800397753715515
0.45794966816902161 -0.001117725158110261 0.065269842743873596
0.48958489298820496 0.034850437194108963 0.031657654792070389
0.48593318462371826 0.047068003565073013 0.035548936575651169
0.46311876177787781 0.0024981987662613392 0.0381302610039711
0.42503207921981812 0.050565555691719055 0.02900594100356102
0.53245455026626587 -0.053062520921230316 0.081491976976394653
0.42881733179092407 0.090057753026485443 0.063636668026447296
0.48913449048995972 0.023730628192424774 0.10246048122644424
0.52650576829910278 0.027628561481833458 0.07846783846616745
0.43497613072395325 0.055398926138877869 0.10585593432188034
0.46038949489593506 0.034192904829978943 0.029826542362570763
0.45814993977546692 -0.0036458976101130247 0.047041255980730057
0.46995839476585388 0.055319085717201233 0.035922639071941376
0.43344023823738098 0.039129700511693954 0.031186753883957863
0.44997924566268921 0.068024791777133942 0.10321634262800217
0.40983474254608154 0.069014951586723328 0.065530821681022644
0.44686481356620789 0.10056084394454956 0.077460907399654388
0.45115602016448975 0.0098498435690999031 0.037382651120424271
0.49076622724533081 -0.033437084406614304 0.072464339435100555
0.44349214434623718 0.032966595143079758 0.032492883503437042
0.46152132749557495 0.083767205476760864 0.075744159519672394
0.50080567598342896 -0.030850205570459366 0.080916158854961395
0.49725458025932312 0.047485802322626114 0.045738328248262405
0.51153182983398438 0.022962847724556923 0.097599603235721588
0.51514661312103271 0.037606280297040939 0.077690929174423218
0.45121297240257263 0.085363239049911499 0.04534437507390976
0.46661084890365601 0.019241513684391975 0.03081212006509304
0.4695759117603302 0.050082441419363022 0.031287740916013718
0.46942436695098877 -0.014307598583400249 0.047634094953536987
0.53421694040298462 0.017111307010054588 0.0569438636302948
0.52765810489654541 0.021310176700353622 0.086330831050872803
0.46141698956489563 0.048885930329561234 0.1051267683506012
0.41079393029212952 0.036812558770179749 0.083563931286334991
0.47419241070747375 -0.022196779027581215 0.052966956049203873
0.45046892762184143 0.0012888952624052763 0.064320296049118042
0.46062654256820679 0.0091251535341143608 0.082264311611652374
0.40329936146736145 0.042345963418483734 0.081633098423480988
0.51067012548446655 -0.028195185586810112 0.082647934556007385
0.52023124694824219 -0.020726118236780167 0.085920296609401703
0.47887280583381653 -0.00076410290785133839 0.096225865185260773
0.47840219736099243 -0.020173458382487297 0.040736377239227295
0.51636439561843872 0.019654246047139168 0.036358855664730072
0.54310929775238037 -0.037335909903049469 0.075009904801845551
0.46387183666229248 -0.0050447988323867321 0.038711391389369965
0.53372478485107422 -0.014497971162199974 0.049346268177032471
0.53577405214309692 -0.049941454082727432 0.082726262509822845
0.45793545246124268 0.027895106002688408 0.1059688925743103
0.50443273782730103 -0.029799846932291985 0.051539026200771332
0.5174068808555603 -0.020128754898905754 0.033998820930719376
0.53154665231704712 -0.011899261735379696 0.05399787425994873
0.47610461711883545 0.057109847664833069 0.093227945268154144
0.43309158086776733 0.022385884076356888 0.093200542032718658
0.41028925776481628 0.06503140926361084 0.05309617891907692
0.50202816724777222 -0.012389414012432098 0.034492522478103638
0.47431027889251709 0.055149637162685394 0.095589451491832733
0.44364863634109497 0.085812695324420929 0.093624703586101532
0.49757006764411926 0.012695091776549816 0.02746313065290451
0.47110265493392944 0.014572016894817352 0.028425334021449089
0.52650034427642822 0.0026788653340190649 0.043557941913604736
0.44231033325195312 0.099372372031211853 0.07981930673122406
0.48767286539077759 0.061663221567869186 0.067476838827133179
0.41457730531692505 0.032240178436040878 0.086272269487380981
0.54748106002807617 -0.024987109005451202 0.087786301970481873
0.43620076775550842 0.098244182765483856 0.065330877900123596
0.45882439613342285 0.011262468993663788 0.075389005243778229
0.54131901264190674 -0.039332862943410873 0.057094812393188477
0.52850669622421265 0.022605810314416885 0.077763281762599945
0.45990836620330811 0.066016621887683868 0.034265127032995224
0.53318250179290771 0.011712354607880116 0.059171438217163086
0.48230141401290894 0.023079879581928253 0.10347583889961243
0.41508722305297852 0.025883190333843231 0.077328234910964966
0.45480012893676758 0.073231443762779236 0.098508886992931366
0.50096255540847778 -0.032604832202196121 0.046570807695388794
0.40195697546005249 0.055800747126340866 0.062651313841342926
0.4530472457408905 0.071001783013343811 0.036129172891378403
0.54645621776580811 -0.029521120712161064 0.046601738780736923
0.41248175501823425 0.033286731690168381 0.048383641988039017
0.47387424111366272 0.022492825984954834 0.026810813695192337
0.47754016518592834 0.04150087758898735 0.10049229860305786
0.41445636749267578 0.030099885538220406 0.077208489179611206
0.50840407609939575 0.042585041373968124 0.07136884331703186
0.44489359855651855 0.078504785895347595 0.032620135694742203
0.45104354619979858 0.030722415074706078 0.10458498448133469
0.47868514060974121 0.069995388388633728 0.081583507359027863
0.43490782380104065 0.030215892940759659 0.036808975040912628
0.5265461802482605 0.030559144914150238 0.068112820386886597
0.43355089426040649 0.092772983014583588 0.098501734435558319
0.50826805830001831 0.04584483802318573 0.066807270050048828
0.49884843826293945 0.05418073758482933 0.06986527144908905
0.52240115404129028 0.032007228583097458 0.074708364903926849
0.51297110319137573 0.027283696457743645 0.043105810880661011
0.41463553905487061 0.027487102895975113 0.080432526767253876
0.51722842454910278 0.013779454864561558 0.033675927668809891
0.49223929643630981 -0.023238962516188622 0.03550315648317337
0.47313579916954041 0.021685672923922539 0.10370323807001114
0.41281554102897644 0.030551968142390251 0.051977194845676422
0.54945081472396851 -0.02501373179256916 0.082200363278388977
0.48357781767845154 0.051980618387460709 0.096239015460014343
0.42765435576438904 0.039330344647169113 0.033113397657871246
0.41794872283935547 0.07312416285276413 0.103726826608181
0.53586447238922119 -0.040009103715419769 0.090996049344539642
0.47208091616630554 -0.0024013167712837458 0.077156409621238708
0.46875110268592834 0.02294996939599514 0.030054587870836258
0.40101674199104309 0.048140287399291992 0.086803600192070007
0.40995702147483826 0.069176077842712402 0.10305488854646683
0.51819813251495361 -0.034780893474817276 0.046958707273006439
0.45723846554756165 0.091001898050308228 0.058806270360946655
0.46061375737190247 -0.014544584788382053 0.060024343430995941
0.54459226131439209 -0.0068443650379776955 0.072907678782939911
0.39824026823043823 0.040442269295454025 0.058769408613443375
0.4378412663936615 0.10006049275398254 0.061867035925388336
0.50326770544052124 0.050293177366256714 0.064872689545154572
0.51929301023483276 0.01598716527223587 0.094745166599750519
0.47370791435241699 -0.028681736439466476 0.06178891658782959
0.54843199253082275 -0.018066668882966042 0.078753143548965454
0.46900415420532227 0.011041081510484219 0.094943948090076447
0.43944746255874634 0.053276181221008301 0.10372424125671387
0.47002571821212769 0.050686396658420563 0.10297524929046631
0.48953032493591309 0.052863903343677521 0.043069284409284592
0.53025847673416138 -0.05606967955827713 0.062689848244190216
0.46790257096290588 0.063315846025943756 0.094058319926261902
0.53379267454147339 -0.025029076263308525 0.049782965332269669
0.42317718267440796 0.083790481090545654 0.042194318026304245
0.42129120230674744 0.024768268689513206 0.054404851049184799
0.54755914211273193 -0.036902621388435364 0.044432483613491058
0.49368110299110413 -0.0022591473534703255 0.10530687868595123
0.4311777651309967 0.018194418400526047 0.045208994299173355
0.4829271137714386 0.0089705903083086014 0.02745155431330204
0.52589523792266846 -0.014712855219841003 0.084965698421001434
0.43867170810699463 0.008298131637275219 0.056230004876852036
0.4395601749420166 0.051772031933069229 0.029857143759727478
0.52816087007522583 -0.028905449435114861 0.083928212523460388
0.44812896847724915 0.017404882237315178 0.095913641154766083
0.45450985431671143 0.05234634131193161 0.10536343604326248
0.45637613534927368 0.058987312018871307 0.10384567826986313
0.51693028211593628 -0.024561876431107521 0.084447965025901794
0.4313281774520874 0.017330799251794815 0.082102715969085693
0.51977324485778809 0.004347426351159811 0.03467872366309166
0.418495774269104 0.06273999810218811 0.03076576441526413
0.56020200252532959 -0.020722808316349983 0.065402217209339142
0.45470380783081055 0.085426889359951019 0.088924162089824677
0.52816939353942871 -0.047685958445072174 0.05296219140291214
0.44594237208366394 0.022835496813058853 0.033123787492513657
0.54480057954788208 -0.027383709326386452 0.052018124610185623
0.50647485256195068 -0.013229708187282085 0.033743109554052353
0.43305405974388123 0.012033972889184952 0.081635765731334686
0.48752453923225403 0.063323855400085449 0.054679755121469498
0.52158576250076294 0.030796032398939133 0.062881797552108765
0.53003036975860596 0.0078731821849942207 0.084790691733360291
0.54273724555969238 -0.012528427876532078 0.055708605796098709
0.50779479742050171 -0.032804030925035477 0.087375350296497345
0.47204452753067017 -0.023155007511377335 0.060518451035022736
0.45464897155761719 0.028107333928346634 0.10237865149974823
0.46151438355445862 0.03227631002664566 0.10369984060525894
0.55147618055343628 -0.027807684615254402 0.055610250681638718
0.53175479173660278 -0.039504546672105789 0.043910082429647446
0.44269931316375732 0.013303118757903576 0.091148406267166138
0.52434062957763672 -0.021065853536128998 0.046025443822145462
0.44649270176887512 0.077981404960155487 0.036668900400400162
0.41192477941513062 0.066862493753433228 0.079432748258113861
0.51100534200668335 -0.038226548582315445 0.05739029124379158
0.53329324722290039 0.0084626320749521255 0.058963138610124588
0.5416143536567688 -0.015180706046521664 0.060144193470478058
0.4457264244556427 0.084493666887283325 0.097008027136325836
0.47021117806434631 0.014938163571059704 0.10518872737884521
0.4052031934261322 0.063894093036651611 0.085608907043933868
0.49960628151893616 -0.032761748880147934 0.058341700583696365
0.53021347522735596 -0.013843151740729809 0.052193824201822281
0.51216632127761841 0.028044167906045914 0.038667086511850357
0.41422873735427856 0.049860056489706039 0.099951393902301788
0.53591626882553101 -0.023403339087963104 0.08309539407491684
0.43347606062889099 0.03429369255900383 0.10161779820919037
0.47723880410194397 -0.024742068722844124 0.052584156394004822
0.47724089026451111 0.020614998415112495 0.026792312040925026
0.47801622748374939 -0.027834324166178703 0.084375113248825073
0.51604390144348145 -0.02950865775346756 0.045281823724508286
0.51316326856613159 -0.030307739973068237 0.05562794953584671
0.47487625479698181 0.017394391819834709 0.10576100647449493
0.51549583673477173 -0.021251466125249863 0.088430680334568024
0.48696565628051758 0.061178531497716904 0.082635380327701569
0.42877686023712158 0.085541844367980957 0.075234696269035339
0.44243517518043518 0.024699095636606216 0.097393438220024109
0.48274773359298706 -0.0066030281595885754 0.10249090194702148
0.46860653162002563 0.017043257132172585 0.027926580980420113
0.52529352903366089 0.0037759565748274326 0.038147818297147751
0.45548802614212036 0.086406782269477844 0.046977471560239792
0.46406477689743042 0.021309947595000267 0.10495564341545105
0.52268356084823608 -0.039275191724300385 0.046510592103004456
0.44804862141609192 0.053467098623514175 0.03002806194126606
0.46474546194076538 0.032685823738574982 0.029790431261062622
0.51198822259902954 -0.040758535265922546 0.077124118804931641
0.50089073181152344 0.048158343881368637 0.076073363423347473
0.41594871878623962 0.061563510447740555 0.031471706926822662
0.41331568360328674 0.072875693440437317 0.068139858543872833
0.41936579346656799 0.027245830744504929 0.086766518652439117
0.54867249727249146 -0.010232571512460709 0.06472470611333847
0.42240041494369507 0.078458249568939209 0.053706355392932892
0.40097364783287048 0.052633482962846756 0.095365792512893677
0.54100680351257324 -0.044161435216665268 0.051927655935287476
0.51372283697128296 0.0376785509288311 0.061637457460165024
0.50022727251052856 0.050742018967866898 0.05522625520825386
0.45902577042579651 0.085602894425392151 0.083715863525867462
0.44727858901023865 0.014164239168167114 0.09453359991312027
0.41276457905769348 0.039174392819404602 0.044949110597372055
0.53426283597946167 -0.0086363460868597031 0.059954944998025894
0.51471501588821411 -0.0086129531264305115 0.041111942380666733
0.45946142077445984 -0.0014867017744109035 0.043563690036535263
0.51027745008468628 0.010571419261395931 0.032634887844324112
0.53067570924758911 -0.052703484892845154 0.059751201421022415
0.42369455099105835 0.021978447213768959 0.077753879129886627
0.47968378663063049 -0.0079845963045954704 0.03264990821480751
0.42572245001792908 0.082151927053928375 0.069664910435676575
0.44807168841362 0.010354927740991116 0.078092671930789948
0.46304067969322205 0.015369248576462269 0.10429702699184418
0.46273955702781677 0.069014370441436768 0.037081919610500336
0.40026140213012695 0.058397736400365829 0.059391535818576813
0.43188145756721497 0.079312138259410858 0.10149317234754562
0.44346803426742554 0.064639262855052948 0.10249222815036774
0.48004573583602905 0.070895984768867493 0.071634486317634583
0.51127493381500244 -0.024948352947831154 0.086816750466823578
0.4662802517414093 0.03660941869020462 0.10355289280414581
0.40365517139434814 0.035091020166873932 0.065371975302696228
0.53236985206604004 -0.011471494100987911 0.045602928847074509
0.46628543734550476 0.077319040894508362 0.085429780185222626
0.52610903978347778 -0.011947434395551682 0.039327234029769897
0.46759852766990662 0.081090785562992096 0.077413462102413177
0.44319808483123779 0.011604241095483303 0.0410645492374897
0.47427374124526978 0.05475914478302002 0.037708748131990433
0.50103384256362915 0.014750729314982891 0.031505867838859558
0.42164558172225952 0.07232087105512619 0.1064743772149086
0.54562443494796753 -0.010941792279481888 0.055173438042402267
0.44920399785041809 0.059563145041465759 0.1024751216173172
0.48342901468276978 -0.024531947448849678 0.041487220674753189
0.48196500539779663 0.069320477545261383 0.058748751878738403
0.45035532116889954 0.070831693708896637 0.034899257123470306
0.40044280886650085 0.049128513783216476 0.042693275958299637
0.54517799615859985 -0.029686477035284042 0.086157515645027161
0.40203312039375305 0.060374259948730469 0.077560633420944214
0.5043453574180603 0.025701623409986496 0.10055463761091232
0.4590669572353363 0.05562254786491394 0.032271720468997955
0.46764537692070007 0.07820003479719162 0.057648811489343643
0.54996323585510254 -0.014769156463444233 0.065480299293994904
0.53550881147384644 -0.03388802707195282 0.091749787330627441
0.52959352731704712 -0.027959192171692848 0.091776400804519653
0.4765552282333374 -0.027596579864621162 0.062392927706241608
0.46301370859146118 -0.0039389473386108875 0.066383883357048035
0.47534811496734619 0.076169900596141815 0.071277812123298645
0.53213632106781006 -0.022833578288555145 0.045482955873012543
0.46889966726303101 0.059597771614789963 0.095846794545650482
0.46132716536521912 0.083677694201469421 0.083657354116439819
0.54484003782272339 -0.039891254156827927 0.082239240407943726
0.54173070192337036 -0.0096524488180875778 0.06013793870806694
0.43717074394226074 0.094690583646297455 0.038932789117097855
0.4669988751411438 0.049338500946760178 0.030327426269650459
0.48170706629753113 0.0095495078712701797 0.10334553569555283
0.46880528330802917 0.044877976179122925 0.10496955364942551
0.48562407493591309 -0.032627835869789124 0.063327103853225708
0.44457480311393738 0.0071848137304186821 0.044272318482398987
0.44478511810302734 0.066481851041316986 0.104969821870327
0.46762311458587646 0.067920997738838196 0.090702883899211884
0.42118936777114868 0.077108792960643768 0.043619737029075623
0.49298343062400818 0.039097458124160767 0.097859092056751251
0.42303842306137085 0.079179815948009491 0.074624881148338318
0.48367729783058167 0.02908250130712986 0.10534002631902695
0.48641830682754517 0.031025966629385948 0.032310318201780319
0.44665518403053284 0.060991331934928894 0.030887557193636894
0.48848992586135864 0.059526577591896057 0.058068592101335526
0.45933359861373901 0.01066115777939558 0.09046589583158493
0.50887912511825562 -0.019380128011107445 0.045217327773571014
0.50598049163818359 -0.029539607465267181 0.082042083144187927
0.52787083387374878 0.01114086527377367 0.046361356973648071
0.46321770548820496 0.052627574652433395 0.029269209131598473
0.52393954992294312 -0.050444882363080978 0.065549477934837341
0.40687102079391479 0.038404438644647598 0.080357097089290619
0.44387337565422058 0.005018994677811861 0.062271621078252792
0.53164875507354736 -0.040892701596021652 0.086568146944046021
0.50364023447036743 -0.01477394811809063 0.03786049410700798
0.45333951711654663 0.0078239208087325096 0.070913031697273254
0.42358514666557312 0.079803578555583954 0.10056492686271667
0.49106141924858093 0.025392845273017883 0.031912215054035187
0.52022701501846313 0.018403343856334686 0.037468433380126953
0.51660966873168945 0.012647201307117939 0.097942441701889038
0.43733268976211548 0.024635098874568939 0.098603881895542145
0.47344768047332764 0.006352581549435854 0.10069301724433899
0.5383879542350769 -0.0360228531062603 0.041878167539834976
0.50710111856460571 0.015234845690429211 0.033223096281290054
0.52992254495620728 -0.048024415969848633 0.066170759499073029
0.51912122964859009 -0.040648333728313446 0.078976564109325409
0.43766695261001587 0.01155227143317461 0.082261405885219574
0.53744798898696899 -0.0060970494523644447 0.057690039277076721
0.51996034383773804 -0.027528295293450356 0.082459598779678345
0.45233991742134094 0.00277568562887609 0.066164612770080566
0.50338298082351685 0.045859035104513168 0.0839366614818573
0.51923841238021851 0.030445735901594162 0.054687734693288803
0.51942259073257446 -0.035507164895534515 0.077279321849346161
0.45327013731002808 0.013353322632610798 0.082765109837055206
0.55187040567398071 -0.024668818339705467 0.04752432182431221
0.52832460403442383 -0.037638202309608459 0.086489297449588776
0.45037847757339478 0.079293608665466309 0.039590701460838318
0.55049985647201538 -0.033636141568422318 0.053857762366533279
0.50788021087646484 -0.005876034963876009 0.1021718755364418
0.49765056371688843 -0.027933331206440926 0.0455661341547966
0.48555135726928711 -0.016978008672595024 0.095917299389839172
0.49099743366241455 0.060370407998561859 0.077809460461139679
0.50236839056015015 -0.025782244279980659 0.039576116949319839
0.55030786991119385 -0.029353521764278412 0.077995933592319489
0.53891730308532715 -0.0029170876368880272 0.071530506014823914
0.54205626249313354 -0.042984902858734131 0.071187824010848999
0.51120400428771973 -0.038265161216259003 0.067977167665958405
0.41319790482521057 0.029841404408216476 0.060847416520118713
0.5136609673500061 -0.038030099123716354 0.056886561214923859
0.43501058220863342 0.0087992502376437187 0.052962314337491989
0.51955252885818481 0.011328829452395439 0.097219154238700867
0.54438072443008423 -0.022057710215449333 0.078593216836452484
0.44277167320251465 0.039292160421609879 0.10247101634740829
0.49672576785087585 0.054801154881715775 0.075916774570941925
0.49944993853569031 0.016286008059978485 0.1020609512925148
0.46586331725120544 0.07104598730802536 0.044251676648855209
0.44560754299163818 0.031148111447691917 0.10430097579956055
0.52573996782302856 -0.05049954354763031 0.059656422585248947
0.51594603061676025 0.031447134912014008 0.046736117452383041
0.543853759765625 -0.036782324314117432 0.091187469661235809
0.47079336643218994 -0.016338279470801353 0.075857631862163544
0.42662385106086731 0.083159476518630981 0.081795327365398407
0.40876221656799316 0.034728098660707474 0.051087118685245514
0.4526066780090332 -0.0012677747290581465 0.061869557946920395
0.49756094813346863 0.044665295630693436 0.046577047556638718
0.44099083542823792 0.099081873893737793 0.074646450579166412
0.50858330726623535 0.00076482410077005625 0.10541778057813644
0.44539368152618408 0.028742948547005653 0.030017584562301636
0.48066264390945435 -0.030195929110050201 0.075675457715988159
0.49212101101875305 -0.032158289104700089 0.054956384003162384
0.43182739615440369 0.06407543271780014 0.029793431982398033
0.47253534197807312 0.060374908149242401 0.037556201219558716
0.52714145183563232 -0.037424128502607346 0.08966798335313797
0.52419215440750122 -0.051598355174064636 0.056248601526021957
0.42590293288230896 0.044289182871580124 0.10257616639137268
0.48991376161575317 0.021609609946608543 0.10541631281375885
0.52615964412689209 -0.011320440098643303 0.094407662749290466
0.46867051720619202 0.059579338878393173 0.099696412682533264
0.4587215781211853 0.031695645302534103 0.10637871921062469
0.52469426393508911 0.015121731907129288 0.09478345513343811
0.45728892087936401 0.071238495409488678 0.097912326455116272
0.40248245000839233 0.039190970361232758 0.070990845561027527
0.43751531839370728 0.072069510817527771 0.028338495641946793
0.4320702850818634 0.061584100127220154 0.027381846681237221
0.52243244647979736 0.0002471444895491004 0.098550997674465179
0.42663973569869995 0.079056061804294586 0.10487846285104752
0.4178335964679718 0.077858060598373413 0.029686566442251205
0.5276648998260498 -0.038120172917842865 0.044053066521883011
0.49950385093688965 -0.018918009474873543 0.034458629786968231
0.53721928596496582 -0.023959975689649582 0.047097306698560715
0.51023882627487183 0.044068031013011932 0.067196957767009735
0.45611464977264404 0.086586900055408478 0.080465994775295258
0.53385716676712036 -0.012232886627316475 0.055317942053079605
0.49460718035697937 0.031113553792238235 0.10132163017988205
0.46444076299667358 0.0098080774769186974 0.082879252731800079
0.46149370074272156 0.081756614148616791 0.046770557761192322
0.46732878684997559 0.016875594854354858 0.1024300828576088
0.54266101121902466 -0.019714025780558586 0.08721662312746048
0.49466145038604736 0.04688262939453125 0.090909019112586975
0.43570348620414734 0.0143348453566432 0.087067373096942902
0.47255006432533264 0.0482918880879879 0.030540620908141136
0.50556492805480957 -0.03322799876332283 0.07039092481136322
0.47780448198318481 -0.028504002839326859 0.072375498712062836
0.48835521936416626 0.060457807034254074 0.051694434136152267
0.45008856058120728 -0.0040037906728684902 0.054228082299232483
0.45918351411819458 -0.0063270274549722672 0.058839723467826843
0.431397944688797 0.092915482819080353 0.059031005948781967
0.42937073111534119 0.054278828203678131 0.027480233460664749
0.49871888756752014 0.053299520164728165 0.056079305708408356
0.45215800404548645 0.061670664697885513 0.1045226976275444
0.48529726266860962 0.056818917393684387 0.085684135556221008
0.48923113942146301 0.056364025920629501 0.081132330000400543
0.4060434103012085 0.036816835403442383 0.049607507884502411
0.44673672318458557 0.095290668308734894 0.048435680568218231
0.44604876637458801 0.03270060196518898 0.028773577883839607
0.52295100688934326 0.033885285258293152 0.066071368753910065
0.51276105642318726 -0.021266534924507141 0.042987443506717682
0.53334724903106689 -0.048169206827878952 0.058735720813274384
0.48633849620819092 -0.021704012528061867 0.096099391579627991
0.46516510844230652 0.012440555728971958 0.096122913062572479
0.54889172315597534 -0.035398513078689575 0.083747647702693939
0.4209674596786499 0.035564493387937546 0.037316445261240005
0.45006120204925537 0.090617626905441284 0.08287406712770462
0.49003669619560242 -0.033653799444437027 0.051282424479722977
0.45963272452354431 -0.0091097345575690269 0.046284932643175125
0.52884155511856079 -0.0032129376195371151 0.048490069806575775
0.40485498309135437 0.059020973742008209 0.0736493319272995
0.53609198331832886 -0.044724136590957642 0.082753472030162811
0.42622607946395874 0.087188437581062317 0.068561695516109467
0.42432105541229248 0.080611631274223328 0.089164420962333679
0.51200717687606812 -0.033403538167476654 0.064987301826477051
0.54127234220504761 -0.014447081834077835 0.072689041495323181
0.46018636226654053 -0.0090926187112927437 0.052141681313514709
0.50541925430297852 0.030261976644396782 0.097027808427810669
0.40057551860809326 0.037955153733491898 0.075850054621696472
0.52691769599914551 0.025959813967347145 0.062675781548023224
0.50116819143295288 0.0094634173437952995 0.03052874468266964
0.54138904809951782 -0.013541253283619881 0.063771679997444153
0.53827029466629028 -0.042698252946138382 0.078183099627494812
0.47661310434341431 0.01158791221678257 0.10299351811408997
0.44575166702270508 4.2480041884118691e-05 0.062070775777101517
0.5506482720375061 -0.012099440209567547 0.066780790686607361
0.45951893925666809 0.021115673705935478 0.029288001358509064
0.50956809520721436 -0.0087586157023906708 0.10379796475172043
0.42269846796989441 0.08326210081577301 0.045625202357769012
0.48612412810325623 0.041029371321201324 0.036081057041883469
0.42308741807937622 0.082760095596313477 0.10423991829156876
0.49284565448760986 -0.0036640423350036144 0.028246268630027771
0.47988393902778625 0.0332832932472229 0.031372588127851486
0.49945935606956482 0.031433477997779846 0.037383165210485458
0.54305946826934814 -0.040397357195615768 0.090747766196727753
0.54169356822967529 -0.043128766119480133 0.04411686584353447
0.48320287466049194 0.055192504078149796 0.089504726231098175
0.53392595052719116 -0.052003640681505203 0.063114330172538757
0.51425409317016602 0.041630778461694717 0.069324374198913574
0.46520552039146423 -0.016529109328985214 0.060287725180387497
0.41535681486129761 0.075140431523323059 0.070974193513393402
0.42898839712142944 0.090237364172935486 0.048923760652542114
0.39209064841270447 0.049336999654769897 0.055517349392175674
0.46350178122520447 -0.0016869640676304698 0.040716398507356644
0.53378379344940186 0.0044822460040450096 0.060920499265193939
0.40704536437988281 0.039924334734678268 0.044946044683456421
0.43001016974449158 0.086887672543525696 0.043771278113126755
0.44282370805740356 0.083634421229362488 0.034220725297927856
0.55216312408447266 -0.023216400295495987 0.063985459506511688
0.4382665753364563 0.011520598083734512 0.046453669667243958
0.44820716977119446 0.094715505838394165 0.0838518887758255
0.51305919885635376 -0.019096110016107559 0.034379754215478897
0.50843209028244019 0.03807486966252327 0.082744501531124115
0.464316725730896 0.058323267847299576 0.032528106123209
0.48920050263404846 0.038677427917718887 0.097275733947753906
0.40456476807594299 0.037508990615606308 0.061473004519939423
0.52235156297683716 -0.036707941442728043 0.055073432624340057
0.51084429025650024 0.025931991636753082 0.037376198917627335
0.47154703736305237 0.079268060624599457 0.070308975875377655
0.40481659770011902 0.059586096554994583 0.10024948418140411
0.41715070605278015 0.072650052607059479 0.070780143141746521
0.46503570675849915 -0.0042897774837911129 0.041662465780973434
0.53017967939376831 0.0068533942103385925 0.049247764050960541
0.53652745485305786 -0.014961820095777512 0.045356612652540207
0.46825492382049561 0.028193008154630661 0.029794171452522278
0.45473966002464294 0.055329319089651108 0.028100976720452309
0.44915676116943359 0.047792635858058929 0.027743371203541756
0.39569282531738281 0.053350385278463364 0.084857501089572906
0.42479729652404785 0.01499475259333849 0.068383432924747467
0.43486124277114868 0.041127718985080719 0.032378822565078735
0.53201109170913696 0.0052844095043838024 0.045344900339841843
0.44369164109230042 0.00041644865996204317 0.057629778981208801
0.43201187252998352 0.072820693254470825 0.028542904183268547
0.4709395170211792 0.073760621249675751 0.086552299559116364
0.40153202414512634 0.057445917278528214 0.035177234560251236
0.47054493427276611 0.070421241223812103 0.044333942234516144
0.40027862787246704 0.040864050388336182 0.067191243171691895
0.47970899939537048 0.045669294893741608 0.10141201317310333
0.40242511034011841 0.060816552489995956 0.088914722204208374
0.51589113473892212 -0.041644208133220673 0.080658458173274994
0.53231000900268555 -0.053798053413629532 0.05364631861448288
0.45441681146621704 0.010181505233049393 0.075950644910335541
0.43421375751495361 0.091562926769256592 0.066015757620334625
0.47797322273254395 -0.0019254861399531364 0.031081711873412132
0.40678009390830994 0.035761255770921707 0.073210276663303375
0.55053293704986572 -0.011489131487905979 0.070153690874576569
0.54518300294876099 -0.034260660409927368 0.042807374149560928
0.53406000137329102 -0.051861964166164398 0.052989471703767776
0.47517156600952148 -0.0069341110065579414 0.08605705201625824
0.48802313208580017 -0.016173247247934341 0.033319704234600067
0.53058320283889771 -0.016501672565937042 0.087981149554252625
0.53923684358596802 -0.025625044479966164 0.09068511426448822
0.54343491792678833 -0.014220348559319973 0.05034143477678299
0.44849053025245667 0.00075695797568187118 0.053387012332677841
0.45353320240974426 0.018723729997873306 0.030941333621740341
0.52587085962295532 -0.049920894205570221 0.052623383700847626
0.45919361710548401 0.049734707921743393 0.10264305025339127
0.47667524218559265 -0.015544778667390347 0.091807596385478973
0.41858243942260742 0.044350922107696533 0.099729813635349274
0.43878081440925598 0.067372709512710571 0.028653692454099655
0.54650580883026123 -0.011857721954584122 0.067384809255599976
0.47198551893234253 0.022941509261727333 0.029860846698284149
0.53788834810256958 0.0016747668851166964 0.054372798651456833
0.52741008996963501 -0.0063960370607674122 0.045220151543617249
0.51159095764160156 0.017944514751434326 0.033604994416236877
0.52344173192977905 0.0095410412177443504 0.040208019316196442
0.49081110954284668 0.04651903361082077 0.094749540090560913
0.54814708232879639 -0.010172960348427296 0.070777736604213715
0.44549855589866638 0.021496616303920746 0.036381538957357407
0.46915769577026367 -0.0012277910718694329 0.034616678953170776
0.406759113073349 0.065593160688877106 0.047729820013046265
0.53715360164642334 -0.0074960025958716869 0.078274726867675781
0.45078045129776001 0.028475688770413399 0.029206426814198494
0.41490021347999573 0.024294160306453705 0.067163765430450439
0.52869826555252075 -0.0040225237607955933 0.093118980526924133
0.49705177545547485 0.032994773238897324 0.096541889011859894
0.39461648464202881 0.047661256045103073 0.059968456625938416
0.47128257155418396 -0.010467180982232094 0.038378264755010605
0.43005922436714172 0.041853513568639755 0.099967621266841888
0.45125213265419006 0.022875363007187843 0.10334682464599609
0.40388938784599304 0.035745717585086823 0.055974692106246948
0.47599530220031738 -0.009603685699403286 0.083455473184585571
0.42003083229064941 0.020316779613494873 0.057959560304880142
0.39419159293174744 0.046831291168928146 0.071852743625640869
0.47503665089607239 0.073872499167919159 0.077306464314460754
0.4337342381477356 0.054102014750242233 0.030078193172812462
0.46687328815460205 0.080340251326560974 0.053061150014400482
0.51027125120162964 -0.041081398725509644 0.073217123746871948
0.55245912075042725 -0.026977982372045517 0.064341776072978973
0.52771592140197754 -0.045203741639852524 0.082395739853382111
0.52757978439331055 0.029041120782494545 0.073122665286064148
0.40779942274093628 0.06676628440618515 0.076829873025417328
0.4484575092792511 0.10085186362266541 0.063001655042171478
0.47442018985748291 -0.015124126337468624 0.039149332791566849
0.40174457430839539 0.040818151086568832 0.049680810421705246
0.48806154727935791 0.040099471807479858 0.032891985028982162
0.51134121417999268 -0.033930476754903793 0.047511477023363113
0.52478504180908203 -0.044446632266044617 0.084486640989780426
0.54985332489013672 -0.021350545808672905 0.063109233975410461
0.46069779992103577 0.088315628468990326 0.07670428603887558
0.45949211716651917 0.085726372897624969 0.051615245640277863
0.48681536316871643 0.065186619758605957 0.058058634400367737
0.49006634950637817 -0.036537900567054749 0.071343936026096344
0.47399526834487915 0.038493562489748001 0.028914235532283783
0.46776279807090759 0.025893358513712883 0.10667648166418076
0.53840285539627075 -0.026956377550959587 0.050213035196065903
0.50220447778701782 0.030175207182765007 0.095491483807563782
0.51126587390899658 -0.042151648551225662 0.064537391066551208
0.52883642911911011 -0.035454258322715759 0.046160601079463959
0.44456610083580017 0.096965312957763672 0.046518761664628983
0.43711823225021362 0.056241359561681747 0.029776399955153465
0.48864921927452087 0.057470977306365967 0.05351683497428894
0.40161418914794922 0.048090521246194839 0.046160601079463959
0.49176770448684692 -0.012609955854713917 0.10043057054281235
0.43200212717056274 0.0348343625664711 0.033152412623167038
0.46147623658180237 0.013983935117721558 0.10208782553672791
0.46598762273788452 -0.010296382009983063 0.065348133444786072
0.46742597222328186 0.065186597406864166 0.037687491625547409
0.47476291656494141 -0.015140008181333542 0.086458124220371246
0.46610453724861145 -0.014289602637290955 0.047350496053695679
0.48928776383399963 0.051136929541826248 0.092946477234363556
0.40062147378921509 0.058800250291824341 0.064249478280544281
0.5136725902557373 0.039163216948509216 0.080166123807430267
0.5520283579826355 -0.018540060147643089 0.070092327892780304
0.47497215867042542 -0.026792146265506744 0.05496152862906456
0.4434511661529541 0.049726467579603195 0.026861019432544708
0.53630208969116211 -0.041555054485797882 0.0863838791847229
0.48254942893981934 0.064612515270709991 0.084642179310321808
0.52229666709899902 0.030303953215479851 0.069522537291049957
0.42884305119514465 0.016768787056207657 0.05724966898560524
0.54028493165969849 0.0021884078159928322 0.066792197525501251
0.53711533546447754 0.011384597979485989 0.063072234392166138
0.45889729261398315 0.015777500346302986 0.099717527627944946
0.54794055223464966 -0.014830682426691055 0.069995425641536713
0.46255448460578918 0.042905043810606003 0.10628668218851089
0.47190648317337036 -0.021556084975600243 0.083073735237121582
0.48775607347488403 -0.013128733262419701 0.10227083414793015
0.42852234840393066 0.085262283682823181 0.079011902213096619
0.46857798099517822 -0.0098044946789741516 0.039347436279058456
0.45521292090415955 -0.0048963963054120541 0.061354078352451324
0.42176270484924316 0.017496081069111824 0.068698488175868988
0.5437663197517395 -0.019335892051458359 0.047137264162302017
0.46285104751586914 0.076538257300853729 0.047228388488292694
0.49394729733467102 0.040748249739408493 0.037367623299360275
0.49482855200767517 0.020637277513742447 0.031574245542287827
0.53196078538894653 0.010185610502958298 0.079749427735805511
0.47996866703033447 -0.0015990820247679949 0.1029135137796402
0.51809781789779663 0.029811196029186249 0.086526982486248016
0.44463568925857544 0.013209989294409752 0.038624867796897888
0.42477425932884216 0.061950117349624634 0.10548844188451767
0.48639851808547974 -0.028583962470293045 0.042531285434961319
0.50354695320129395 0.047274306416511536 0.064811132848262787
0.47210276126861572 0.0097446031868457794 0.097108177840709686
0.51631462574005127 0.034473627805709839 0.05823250487446785
0.54356288909912109 -0.023883309215307236 0.080374158918857574
0.45211860537528992 0.077632002532482147 0.097362682223320007
0.42115497589111328 0.030144011601805687 0.09099934995174408
0.47167566418647766 0.032765127718448639 0.10345892608165741
0.47187867760658264 -0.024027811363339424 0.052145540714263916
0.52059268951416016 -0.038337636739015579 0.080423414707183838
0.45075541734695435 0.037129204720258713 0.1059691458940506
0.4007832407951355 0.05898430198431015 0.071180731058120728
0.40554153919219971 0.041792456060647964 0.089685060083866119
0.50309741497039795 0.045722626149654388 0.050514858216047287
0.51384824514389038 0.029644852504134178 0.087365441024303436
0.45650589466094971 0.071070320904254913 0.034850027412176132
0.44540894031524658 0.0082761514931917191 0.046521957963705063
0.54323816299438477 -0.027554215863347054 0.090102195739746094
0.49573490023612976 0.046678811311721802 0.041836176067590714
0.48030298948287964 -0.017740154638886452 0.092178709805011749
0.48074313998222351 0.040468864142894745 0.099834643304347992
0.53840285539627075 -0.0056498018093407154 0.060388687998056412
0.53357964754104614 -0.033251330256462097 0.045739352703094482
0.54683786630630493 -0.020319249480962753 0.059434782713651657
0.53712451457977295 -0.045384813100099564 0.044277321547269821
0.44555741548538208 0.018284786492586136 0.034359239041805267
0.41272783279418945 0.032075103372335434 0.084406226873397827
0.44714441895484924 0.091935731470584869 0.048770036548376083
0.5267026424407959 0.00079026381717994809 0.045390676707029343
0.48756521940231323 0.027697630226612091 0.1018817350268364
0.4655909538269043 0.060993842780590057 0.03680875152349472
0.49663147330284119 -0.021760646253824234 0.038499742746353149
0.48580121994018555 0.050125923007726669 0.091885142028331757
0.52383393049240112 0.021784787997603416 0.043877914547920227
0.50840151309967041 -0.037112049758434296 0.075462542474269867
0.41826838254928589 0.020593367516994476 0.066057085990905762
0.53245234489440918 -0.011802277527749538 0.087812907993793488
0.40141451358795166 0.043741915374994278 0.047204669564962387
0.51247435808181763 -0.039250850677490234 0.072201326489448547
0.48348477482795715 -0.013785864226520061 0.096662856638431549
0.4217948317527771 0.077808529138565063 0.085434682667255402
0.47770991921424866 0.06265433132648468 0.090434283018112183
0.48098459839820862 0.068382374942302704 0.055552162230014801
0.48763713240623474 0.00033080772846005857 0.028454979881644249
0.51179283857345581 0.043093390762805939 0.072577141225337982
0.5391727089881897 -0.041707891970872879 0.063477374613285065
0.51437187194824219 0.039763834327459335 0.060175176709890366
0.55719965696334839 -0.017843151465058327 0.062982559204101562
0.48504728078842163 0.025953195989131927 0.030840063467621803
0.50398433208465576 0.039126001298427582 0.086699195206165314
0.42685151100158691 0.021559430286288261 0.082420915365219116
0.49113351106643677 -0.033234819769859314 0.059613160789012909
0.5066676139831543 -0.034380145370960236 0.048469472676515579
0.42003694176673889 0.025484437122941017 0.083698481321334839
0.5403892993927002 -0.023141371086239815 0.090015441179275513
0.43131178617477417 0.03995397686958313 0.10203876346349716
0.40436282753944397 0.055284813046455383 0.038225609809160233
0.47039163112640381 0.04608820378780365 0.032475627958774567
0.47854471206665039 0.073931194841861725 0.067789830267429352
0.54023587703704834 -0.029209919273853302 0.088311351835727692
0.50257915258407593 -0.025458676740527153 0.043905090540647507
0.53648531436920166 -0.025795686990022659 0.087073825299739838
0.47829324007034302 0.038162991404533386 0.032249536365270615
0.42990100383758545 0.089407108724117279 0.10116007179021835
0.51687151193618774 -0.027984175831079483 0.052580587565898895
0.44271183013916016 0.091907821595668793 0.089291714131832123
0.43037769198417664 0.018394645303487778 0.088606737554073334
0.44483765959739685 0.047349318861961365 0.10582567006349564
0.45233806967735291 0.056894548237323761 0.10513691604137421
0.52300655841827393 -0.027533300220966339 0.090757779777050018
0.4148370623588562 0.047710403800010681 0.096380613744258881
0.50426399707794189 -0.0054574147798120975 0.030237805098295212
0.51931524276733398 -0.0052511589601635933 0.099911466240882874
0.51884150505065918 -0.017652181908488274 0.044868867844343185
0.47545537352561951 -0.026922730728983879 0.065517783164978027
0.53924983739852905 0.00272750249132514 0.074133105576038361
0.51546269655227661 0.015062781050801277 0.036351975053548813
0.50414103269577026 0.0062866630032658577 0.10314275324344635
0.43510830402374268 0.017412832006812096 0.04283687099814415
0.47264191508293152 0.0076702488586306572 0.032222907990217209
0.45688065886497498 0.073893085122108459 0.037156570702791214
0.48392790555953979 -0.035476882010698318 0.067958526313304901
0.53876912593841553 0.0064959884621202946 0.063956946134567261
0.48659026622772217 0.0037845128681510687 0.10317292809486389
0.45572143793106079 0.05059099942445755 0.027535835281014442
0.49015605449676514 -0.021190784871578217 0.03399103507399559
0.52228140830993652 -0.048618592321872711 0.077947907149791718
0.43900188803672791 0.0084211556240916252 0.066121034324169159
0.47328442335128784 -0.019162749871611595 0.045416630804538727
0.44738107919692993 0.040378253906965256 0.10537925362586975
0.4706762433052063 0.0037642435636371374 0.078769691288471222
0.52976149320602417 0.015177612192928791 0.051795355975627899
0.45335498452186584 -0.0083402944728732109 0.054928291589021683
0.50650155544281006 0.046960886567831039 0.058068417012691498
0.53465014696121216 -0.017120854929089546 0.085079878568649292
0.40353706479072571 0.062043610960245132 0.080587483942508698
0.44232013821601868 0.0059713623486459255 0.054054789245128632
0.3958975076675415 0.045914582908153534 0.074508167803287506
0.47744497656822205 0.045487243682146072 0.099024847149848938
0.51004809141159058 -0.034345578402280807 0.079928494989871979
0.42444005608558655 0.054834168404340744 0.028904693201184273
0.52059537172317505 0.013137223199009895 0.037833426147699356
0.39513280987739563 0.05263059213757515 0.04571741446852684
0.46475371718406677 0.085675686597824097 0.07087399810552597
0.47418391704559326 -0.018944339826703072 0.042667187750339508
0.45500984787940979 0.002469715429469943 0.063645832240581512
0.51442795991897583 -0.035614870488643646 0.065197072923183441
0.46860167384147644 0.081542730331420898 0.057787388563156128
0.43592971563339233 0.034447759389877319 0.030988255515694618
0.48602306842803955 0.052719224244356155 0.044125843793153763
0.54528570175170898 -0.032477036118507385 0.091173842549324036
0.46743965148925781 0.001157814753241837 0.071502983570098877
0.47969859838485718 0.068841077387332916 0.067875958979129791
0.48560470342636108 -0.01284970436245203 0.035505320876836777
0.55073118209838867 -0.033370379358530045 0.067471332848072052
0.43612828850746155 0.098153747618198395 0.050503890961408615
0.5290871262550354 -0.040173027664422989 0.08039238303899765
0.55848193168640137 -0.019954835996031761 0.059220127761363983
0.46063923835754395 0.0077146091498434544 0.036453578621149063
0.45993688702583313 0.077974066138267517 0.045870512723922729
0.47721171379089355 0.045863423496484756 0.031188312917947769
0.43713584542274475 0.028534531593322754 0.096908606588840485
0.47091692686080933 -0.018406428396701813 0.051518086344003677
0.52363675832748413 0.0080250408500432968 0.097651578485965729
0.52180510759353638 -0.031920649111270905 0.081304147839546204
0.44443351030349731 0.072546109557151794 0.030285591259598732
0.52380281686782837 -0.048881538212299347 0.073713429272174835
0.55259817838668823 -0.031297307461500168 0.072316303849220276
0.42775636911392212 0.086067728698253632 0.029812155291438103
0.40267994999885559 0.056607265025377274 0.070036999881267548
0.42672410607337952 0.029222512617707253 0.039337072521448135
0.53368854522705078 0.019509598612785339 0.057833384722471237
0.50044941902160645 0.00076137739233672619 0.027761470526456833
0.52951568365097046 -0.042183093726634979 0.085202671587467194
0.41642314195632935 0.076338939368724823 0.095022574067115784
0.51754128932952881 -0.040024209767580032 0.082719966769218445
0.54708623886108398 -0.037405252456665039 0.076201185584068298
0.49906545877456665 0.0053679980337619781 0.10638768970966339
0.42229300737380981 0.021586239337921143 0.08299516886472702
0.4651448130607605 0.056862406432628632 0.098901569843292236
0.52667409181594849 -0.05116700753569603 0.06916210800409317
0.52469509840011597 0.028219107538461685 0.065165705978870392
0.47642529010772705 0.06770770251750946 0.045616272836923599
0.47193193435668945 0.07131890207529068 0.046919021755456924
0.41273599863052368 0.067729473114013672 0.031995955854654312
0.47311502695083618 0.075055159628391266 0.054476313292980194
0.48546981811523438 0.046815183013677597 0.098144672811031342
0.4325699508190155 0.085272088646888733 0.030840583145618439
0.51578116416931152 -0.037540685385465622 0.077976152300834656
0.44011795520782471 0.03358444944024086 0.03327377513051033
0.52494257688522339 0.020432408899068832 0.086457826197147369
0.4744795560836792 0.050474591553211212 0.097997665405273438
0.4574960470199585 0.01128552109003067 0.098092168569564819
0.45405861735343933 0.086317718029022217 0.049609120935201645
0.46518155932426453 0.031533665955066681 0.10581985861063004
0.53162908554077148 -0.048280786722898483 0.076633810997009277
0.49674174189567566 0.041194260120391846 0.042448222637176514
0.47616279125213623 -0.028347264975309372 0.077462412416934967
0.46395421028137207 0.04868200421333313 0.10409438610076904
0.47287493944168091 0.048150103539228439 0.099613972008228302
0.54056030511856079 -0.0036433711647987366 0.061956699937582016
0.43179559707641602 0.059172924607992172 0.1036846786737442
0.47329667210578918 0.01783842034637928 0.030162112787365913
0.43214479088783264 0.028953826054930687 0.097165167331695557
0.41496434807777405 0.027655214071273804 0.068226732313632965
0.42300289869308472 0.020475946366786957 0.054048337042331696
0.50729155540466309 0.04188552126288414 0.085327312350273132
0.54935401678085327 -0.03145228698849678 0.081611014902591705
0.44822081923484802 0.047288995236158371 0.10376045107841492
0.43417248129844666 0.08574589341878891 0.035034462809562683
0.44164502620697021 0.019959112629294395 0.096923224627971649
0.51811885833740234 0.028756080195307732 0.089478112757205963
0.42117130756378174 0.066842295229434967 0.10562016814947128
0.42930212616920471 0.086105495691299438 0.047827493399381638
0.45942947268486023 0.085090719163417816 0.056253116577863693
0.41286614537239075 0.072352752089500427 0.032072931528091431
0.45261493325233459 0.078810438513755798 0.092833533883094788
0.5336574912071228 -0.03310113400220871 0.04215429350733757
0.55477231740951538 -0.025313211604952812 0.068065710365772247
0.55572235584259033 -0.023356273770332336 0.07030089944601059
0.43171674013137817 0.0087482994422316551 0.070302166044712067
0.45035231113433838 0.062707789242267609 0.03204306960105896
0.51090586185455322 0.012484447099268436 0.030988873913884163
0.46170291304588318 -0.011275780387222767 0.062378078699111938
0.4688076376914978 0.071708671748638153 0.089455366134643555
0.40634986758232117 0.038133151829242706 0.047309812158346176
0.48992565274238586 -0.010420830920338631 0.10282909870147705
0.47812488675117493 -0.031607288867235184 0.061018094420433044
0.52627718448638916 -0.039241019636392593 0.048436596989631653
0.50313329696655273 0.045793365687131882 0.076971374452114105
0.53997558355331421 -0.03845524787902832 0.045903120189905167
0.51537317037582397 -0.040245719254016876 0.061577964574098587
0.40517863631248474 0.059365347027778625 0.052468940615653992
0.44030043482780457 0.097909115254878998 0.043214507400989532
0.39600181579589844 0.04919399693608284 0.055536340922117233
0.41850900650024414 0.024660462513566017 0.070409141480922699
0.44010376930236816 0.0034184129908680916 0.055376000702381134
0.53260570764541626 -0.037292052060365677 0.042656026780605316
0.5327344536781311 -0.032805703580379486 0.049680277705192566
0.52193146944046021 -0.05158228799700737 0.07121671736240387
0.50403887033462524 0.046329829841852188 0.061186674982309341
0.50279295444488525 0.050394579768180847 0.071552805602550507
0.42234405875205994 0.082905985414981842 0.099590063095092773
0.46936637163162231 -0.0092651806771755219 0.076516658067703247
0.53236675262451172 0.001206186949275434 0.078496016561985016
0.46324601769447327 0.053626831620931625 0.10295593738555908
0.52024149894714355 0.033321745693683624 0.078503653407096863
0.52695399522781372 0.025774598121643066 0.071794450283050537
0.47809770703315735 0.063537657260894775 0.048153642565011978
0.42833125591278076 0.020716806873679161 0.089138500392436981
0.50250864028930664 -0.021504554897546768 0.038300417363643646
0.49379810690879822 0.037639804184436798 0.038018733263015747
0.50734400749206543 -0.038608290255069733 0.066686898469924927
0.48511675000190735 -0.0037957464810460806 0.1013043224811554
0.41521412134170532 0.04516950249671936 0.038433291018009186
0.45615440607070923 0.082429841160774231 0.091667532920837402
0.43521523475646973 0.089545175433158875 0.096071258187294006
0.41529649496078491 0.075086288154125214 0.089646212756633759
0.51574581861495972 -0.01082243025302887 0.043102607131004333
0.41081172227859497 0.038397382944822311 0.047798823565244675
0.53223562240600586 -0.010713240131735802 0.084244407713413239
0.41609388589859009 0.072722204029560089 0.10665470361709595
0.4608006477355957 -0.015110243111848831 0.054876834154129028
0.50720244646072388 0.021638413891196251 0.03590378537774086
0.53359758853912354 -0.047888059169054031 0.064055010676383972
0.42551100254058838 0.08190251886844635 0.047623328864574432
0.41073337197303772 0.065520353615283966 0.048125706613063812
0.45275300741195679 0.049710575491189957 0.027775203809142113
0.43498703837394714 0.090358562767505646 0.037777338176965714
0.42762240767478943 0.02469179593026638 0.08743034303188324
0.52628254890441895 -0.055439509451389313 0.063025817275047302
0.44579821825027466 0.069563634693622589 0.032865546643733978
0.53279006481170654 -0.031511552631855011 0.087527133524417877
0.46647354960441589 0.0094930278137326241 0.098654143512248993
0.46243342757225037 0.042208403348922729 0.030215606093406677
0.55665379762649536 -0.026801764965057373 0.071563079953193665
0.4644540548324585 -0.010648468509316444 0.048687037080526352
0.51503336429595947 -0.036559134721755981 0.049751933664083481
0.43579560518264771 0.010478578507900238 0.070043884217739105
0.5227963924407959 -0.039512276649475098 0.050665836781263351
0.5199885368347168 -0.04255201667547226 0.08312583714723587
0.47761824727058411 0.073120176792144775 0.061987150460481644
0.54501903057098389 -0.039689496159553528 0.087075859308242798
0.46130543947219849 0.063212133944034576 0.10051152855157852
0.55212122201919556 -0.031840100884437561 0.051757059991359711
0.54228287935256958 -0.019217783585190773 0.055863957852125168
0.48723408579826355 -0.009186198003590107 0.033398628234863281
0.47361183166503906 0.064636379480361938 0.041528262197971344
0.47725477814674377 0.049427937716245651 0.036276761442422867
0.39725187420845032 0.050583787262439728 0.061374220997095108
0.48574024438858032 0.033467717468738556 0.032867278903722763
0.42665821313858032 0.08764272928237915 0.032217565923929214
0.40353554487228394 0.038482934236526489 0.082944430410861969
0.47771710157394409 -0.015734931454062462 0.038744956254959106
0.48319441080093384 -0.0083406288176774979 0.034477949142456055
0.40619224309921265 0.053689192980527878 0.097924269735813141
0.46264314651489258 0.028716988861560822 0.027006914839148521
0.48948869109153748 0.0090595725923776627 0.027481094002723694
0.4064444899559021 0.061851572245359421 0.031673595309257507
0.47561478614807129 0.06230081245303154 0.092999674379825592
0.49633181095123291 0.022451763972640038 0.029205039143562317
0.47545072436332703 0.041374694555997849 0.032435372471809387
0.46163061261177063 -0.0089927073568105698 0.063636615872383118
0.52838367223739624 0.002186342841014266 0.087091132998466492
0.44164681434631348 0.062285114079713821 0.0273171067237854
0.50968790054321289 -0.0021173355635255575 0.02788078784942627
0.51815325021743774 -0.014158482663333416 0.091984853148460388
0.42805463075637817 0.027995208278298378 0.042519081383943558
0.44058683514595032 0.057764731347560883 0.10367552191019058
0.51727491617202759 -0.029144337400794029 0.048933487385511398
0.42054235935211182 0.076403029263019562 0.060498636215925217
0.53908920288085938 0.0054811788722872734 0.069763995707035065
0.42144137620925903 0.055587835609912872 0.10178851336240768
0.53469890356063843 -0.05113697424530983 0.077408976852893829
0.46634873747825623 -0.021483184769749641 0.066074885427951813
0.46633404493331909 0.013941193930804729 0.10352830588817596
0.45774003863334656 0.068556256592273712 0.10013313591480255
0.52329432964324951 -0.042122319340705872 0.079847045242786407
0.47744306921958923 -0.0042086727917194366 0.097125209867954254
0.49307820200920105 0.059475034475326538 0.06885325163602829
0.44397622346878052 0.072964750230312347 0.10258780419826508
0.49708676338195801 0.00424553407356143 0.029810568317770958
0.51864916086196899 -0.018057230859994888 0.096283875405788422
0.45160737633705139 0.076393894851207733 0.038421306759119034
0.52087664604187012 -0.046002164483070374 0.064967706799507141
0.42763698101043701 0.084287218749523163 0.088492326438426971
0.50222206115722656 0.035793919116258621 0.037771720439195633
0.41663697361946106 0.023493831977248192 0.061704996973276138
0.40215712785720825 0.056036777794361115 0.083403900265693665
0.48518651723861694 -0.024925872683525085 0.093398511409759521
0.41068431735038757 0.065457701683044434 0.036003217101097107
0.46987766027450562 0.0066787390969693661 0.033313613384962082
0.53957659006118774 -0.012303677387535572 0.055298607796430588
0.46365490555763245 0.061322622001171112 0.032830040901899338
0.46315592527389526 -0.0011821530060842633 0.065038993954658508
0.53873133659362793 0.0018496278207749128 0.07686983048915863
0.50707340240478516 0.043440412729978561 0.060489129275083542
0.47475358843803406 0.041697744280099869 0.10442874580621719
0.4357738196849823 0.093309171497821808 0.090607829391956329
0.4721125066280365 -0.004480043426156044 0.037465281784534454
0.47450697422027588 -0.015505112707614899 0.043993651866912842
0.44901040196418762 0.084712579846382141 0.090689174830913544
0.53762078285217285 -0.043432861566543579 0.056895609945058823
0.54028630256652832 -0.012946453876793385 0.07974553108215332
0.51466912031173706 -0.0044243186712265015 0.033953279256820679
0.51412123441696167 -0.031581584364175797 0.082347758114337921
0.53659194707870483 -0.047723960131406784 0.087767831981182098
0.53938865661621094 -0.019878454506397247 0.049220681190490723
0.45649579167366028 0.039956595748662949 0.10581577569246292
0.43091538548469543 0.024377305060625076 0.040318146347999573
0.43193042278289795 0.018579555675387383 0.084734551608562469
0.45559588074684143 0.022772945463657379 0.10401066392660141
0.51158350706100464 -0.041031919419765472 0.059413213282823563
0.5324866771697998 -0.011706977151334286 0.049391224980354309
0.49517813324928284 0.014090697281062603 0.10317619889974594
0.45683002471923828 0.044769961386919022 0.02785286121070385
0.41907748579978943 0.074798472225666046 0.088938049972057343
0.40839293599128723 0.043920494616031647 0.044158492237329483
0.53949004411697388 -0.0046998709440231323 0.056991398334503174
0.55327808856964111 -0.016773559153079987 0.056334581226110458
0.47253945469856262 0.07037913054227829 0.082831531763076782
0.46861118078231812 0.012945490889251232 0.099865101277828217
0.44301193952560425 0.1028711274266243 0.080062106251716614
0.47384604811668396 -0.019757840782403946 0.08159281313419342
0.49986875057220459 0.0419309101998806 0.092658370733261108
0.48577553033828735 0.0082670599222183228 0.027951274067163467
0.51208919286727905 -0.012475022114813328 0.027856482192873955
0.46816077828407288 0.029497846961021423 0.1065986230969429
0.42226043343544006 0.051810901612043381 0.10349033772945404
0.43010082840919495 0.037421751767396927 0.10054961591959
0.39156830310821533 0.048422206193208694 0.058011557906866074
0.44039711356163025 0.0596889927983284 0.027910405769944191
0.4757244884967804 0.030681269243359566 0.10539916157722473
0.49485433101654053 0.054775901138782501 0.071531221270561218
0.42076161503791809 0.03184114396572113 0.041661836206912994
0.50586992502212524 0.034807763993740082 0.092832587659358978
0.42666444182395935 0.083171948790550232 0.034045606851577759
0.52912861108779907 -0.021070964634418488 0.042541626840829849
0.53050726652145386 0.025739016011357307 0.061234407126903534
0.54273194074630737 -0.038806725293397903 0.042227350175380707
0.47688251733779907 -0.00049530359683558345 0.098267138004302979
0.42853009700775146 0.020130040124058723 0.050986677408218384
0.44000652432441711 0.0089110732078552246 0.071767404675483704
0.44259819388389587 0.05468054860830307 0.10577351599931717
0.44212275743484497 0.07819008082151413 0.031429354101419449
0.45853710174560547 0.08756689727306366 0.062184922397136688
0.407939612865448 0.039013821631669998 0.083004117012023926
0.42294275760650635 0.047343418002128601 0.10285958647727966
0.53879743814468384 -0.028012104332447052 0.083585135638713837
0.55185228586196899 -0.020981112495064735 0.076110132038593292
0.49725410342216492 -0.023505387827754021 0.093317635357379913
0.40870609879493713 0.044511362910270691 0.040224373340606689
0.47246605157852173 -0.01090081874281168 0.0833144411444664
0.41161516308784485 0.039682038128376007 0.091705739498138428
0.47587829828262329 0.066042870283126831 0.048821285367012024
0.4521755576133728 0.0026385504752397537 0.0416526198387146
0.51198148727416992 -0.019055711105465889 0.032053519040346146
0.52581959962844849 -0.054990906268358231 0.06010744720697403
0.44530677795410156 0.018585104495286942 0.038106530904769897
0.55102169513702393 -0.020927025005221367 0.056571733206510544
0.47337433695793152 -0.0028833788819611073 0.082238957285881042
0.5186423659324646 0.030457595363259315 0.048640578985214233
0.44280856847763062 0.084127910435199738 0.038290988653898239
0.41627940535545349 0.027248673141002655 0.073441125452518463
0.47477245330810547 0.074084319174289703 0.080049194395542145
0.43705859780311584 0.065083026885986328 0.028136152774095535
0.46119686961174011 0.017153304070234299 0.032458793371915817
0.4891783595085144 -0.033524841070175171 0.067950986325740814
0.4872111976146698 0.06563209742307663 0.064567916095256805
0.49814987182617188 0.024261726066470146 0.10229843854904175
0.52390414476394653 -0.036071106791496277 0.085687756538391113
0.49552297592163086 0.016447478905320168 0.10525916516780853
0.47336876392364502 0.00634428346529603 0.02991015836596489
0.44788673520088196 0.070872761309146881 0.099531367421150208
0.45562836527824402 0.011843010783195496 0.036649614572525024
0.43011337518692017 0.022360311821103096 0.0873398557305336
0.47550582885742188 0.058141659945249557 0.096977367997169495
0.52019315958023071 -0.016324862837791443 0.033263377845287323
0.46474811434745789 0.077414326369762421 0.044654924422502518
0.42230087518692017 0.041634880006313324 0.033202003687620163
0.5169748067855835 -0.03947063535451889 0.057274729013442993
0.5183144211769104 -0.013457552529871464 0.029684437438845634
0.45784783363342285 0.03372630849480629 0.027916090562939644
0.52441161870956421 -0.034945257008075714 0.044627118855714798
0.52570712566375732 -0.045860745012760162 0.067620269954204559
0.45851784944534302 0.085589699447154999 0.07805362343788147
0.53219527006149292 -0.0015599445905536413 0.078824825584888458
0.48468977212905884 0.06788567453622818 0.072096459567546844
0.42277979850769043 0.078884489834308624 0.061988640576601028
0.4146943986415863 0.074394010007381439 0.053293418139219284
0.55438315868377686 -0.02050454169511795 0.059268105775117874
0.51895397901535034 -0.049085810780525208 0.064527943730354309
0.54461979866027832 -0.040155190974473953 0.053198106586933136
0.50967031717300415 0.0051387366838753223 0.10248734056949615
0.4538368284702301 -0.0016158516518771648 0.049403030425310135
0.39676195383071899 0.050048358738422394 0.072680540382862091
0.5311577320098877 -0.037672299891710281 0.047480043023824692
0.39630764722824097 0.047878775745630264 0.053259901702404022
0.53834319114685059 -0.0086822165176272392 0.057703591883182526
0.45334857702255249 0.010671666823327541 0.070750825107097626
0.43023744225502014 0.065968155860900879 0.027710894122719765
0.44179660081863403 0.086327388882637024 0.039106227457523346
0.45628732442855835 0.013629451394081116 0.08738439530134201
0.40337464213371277 0.057359278202056885 0.043430972844362259
0.47490435838699341 0.036230307072401047 0.10557105392217636
0.3933049738407135 0.050697006285190582 0.075747013092041016
0.50668764114379883 -0.024001035839319229 0.090108379721641541
0.45519262552261353 0.0035691950470209122 0.067094676196575165
0.4265306293964386 0.019357513636350632 0.048548813909292221
0.40005537867546082 0.053680520504713058 0.044866088777780533
0.55803906917572021 -0.022795109078288078 0.055072866380214691
0.41742810606956482 0.069019623100757599 0.10346078127622604
0.46674835681915283 0.07485073059797287 0.04958733543753624
0.52510249614715576 -0.0095661608502268791 0.043557725846767426
0.48145198822021484 0.066815890371799469 0.071789734065532684
0.46247959136962891 0.040224134922027588 0.10353778302669525
0.41857683658599854 0.065389081835746765 0.10621757805347443
0.55624580383300781 -0.0210687555372715 0.078385546803474426
0.44664931297302246 0.072146467864513397 0.10176269710063934
0.50454282760620117 -0.032789763063192368 0.073454380035400391
0.40975764393806458 0.068947359919548035 0.091798566281795502
0.53798073530197144 -0.041161481291055679 0.042478557676076889
0.46078911423683167 0.018201790750026703 0.10451036691665649
0.42234069108963013 0.082860812544822693 0.038794614374637604
0.51829254627227783 0.024105565622448921 0.092964887619018555
0.52714765071868896 -0.016923666000366211 0.087624244391918182
0.50808048248291016 0.046271990984678268 0.06424066424369812
0.51168948411941528 0.012900916859507561 0.03387204185128212
0.4978606104850769 0.0075941057875752449 0.027457274496555328
0.54803860187530518 -0.032684553414583206 0.085843414068222046
0.47803258895874023 0.07255447655916214 0.056361213326454163
0.53285479545593262 -0.050101231783628464 0.086250923573970795
0.48079642653465271 0.048472080379724503 0.033897481858730316
0.49026042222976685 -0.0044616288505494595 0.028170907869935036
0.54391300678253174 -0.0094256559386849403 0.064484424889087677
0.49773129820823669 -0.024708997458219528 0.037247851490974426
0.44319400191307068 0.10091405361890793 0.050857733935117722
0.47219100594520569 0.056936461478471756 0.035309240221977234
0.51714080572128296 -0.033847551792860031 0.083626210689544678
0.40369319915771484 0.049879167228937149 0.090926468372344971
0.4001387357711792 0.038334652781486511 0.061441719532012939
0.51487672328948975 -0.042022053152322769 0.068560123443603516
0.49478152394294739 0.058033473789691925 0.065087459981441498
0.50974041223526001 0.0040424317121505737 0.10498970746994019
0.49516746401786804 -0.021072344854474068 0.095855981111526489
0.44055992364883423 0.098600447177886963 0.069196484982967377
0.51927363872528076 -0.002485617296770215 0.037557628005743027
0.55388015508651733 -0.029877584427595139 0.070206373929977417
0.46814748644828796 0.017216458916664124 0.030925210565328598
0.54686444997787476 -0.029325021430850029 0.080197110772132874
0.43476074934005737 0.0097908927127718925 0.065412044525146484
0.49398225545883179 0.053343061357736588 0.078643277287483215
0.40656638145446777 0.060916010290384293 0.070405125617980957
0.50835871696472168 0.017678355798125267 0.10134829580783844
0.41961184144020081 0.075397960841655731 0.099385224282741547
0.46822994947433472 -0.023902293294668198 0.064231827855110168
0.52961158752441406 -0.030338024720549583 0.046276450157165527
0.40202292799949646 0.03938361257314682 0.064427942037582397
0.53503745794296265 -0.049605794250965118 0.055933788418769836
0.44489195942878723 0.095213085412979126 0.08297102153301239
0.49206244945526123 0.058360476046800613 0.055361188948154449
0.55027329921722412 -0.033891059458255768 0.04827563464641571
0.51659697294235229 -0.026023345068097115 0.092681609094142914
0.54675352573394775 -0.018057048320770264 0.067834407091140747
0.47084981203079224 -0.0053216428495943546 0.078787185251712799
0.44734674692153931 0.079394184052944183 0.098199561238288879
0.49056857824325562 0.04472028836607933 0.040820922702550888
0.45391440391540527 0.014201425947248936 0.03337952122092247
0.44227695465087891 0.049882404506206512 0.1036968007683754
0.43758168816566467 0.004896264523267746 0.062897808849811554
0.44153773784637451 0.063691847026348114 0.030552901327610016
0.39952319860458374 0.053113050758838654 0.077890731394290924
0.45095109939575195 0.094717182219028473 0.064765095710754395
0.41864916682243347 0.030200621113181114 0.089264631271362305
0.4803505539894104 0.072197422385215759 0.069475576281547546
0.46529728174209595 0.022151440382003784 0.0274627935141325
0.41857653856277466 0.074232235550880432 0.072993449866771698
0.49610087275505066 0.0096194734796881676 0.030020100995898247
0.51371234655380249 0.03812476247549057 0.068451263010501862
0.52926892042160034 -0.0089991055428981781 0.092435911297798157
0.4641624391078949 -0.011481518857181072 0.067335017025470734
0.44737991690635681 0.028724726289510727 0.10082899034023285
0.48305636644363403 -0.025239385664463043 0.091010972857475281
0.40448743104934692 0.063088499009609222 0.067882634699344635
0.41108185052871704 0.065922483801841736 0.071303315460681915
0.43113806843757629 0.048315223306417465 0.029242765158414841
0.52078288793563843 0.024854753166437149 0.091017290949821472
0.45199376344680786 0.083671249449253082 0.092407152056694031
0.53219783306121826 -0.049403280019760132 0.081450991332530975
0.54057276248931885 -0.034515514969825745 0.091524519026279449
0.52518999576568604 -0.021510008722543716 0.088814206421375275
0.47135171294212341 0.055368039757013321 0.096964575350284576
0.49477359652519226 0.058189917355775833 0.070505090057849884
0.49657386541366577 0.052841398864984512 0.073362879455089569
0.45799407362937927 0.08814605325460434 0.070779308676719666
0.51237839460372925 0.0035301211755722761 0.028173714876174927
0.4243813157081604 0.02252482995390892 0.080205880105495453
0.42608323693275452 0.02131219208240509 0.052720572799444199
0.45608678460121155 0.055194705724716187 0.10208544135093689
0.48246952891349792 -0.034321773797273636 0.075418360531330109
0.52398806810379028 0.03116031177341938 0.061300773173570633
0.41475591063499451 0.031994737684726715 0.081611864268779755
0.51584374904632568 -0.01692749559879303 0.041765429079532623
0.39745226502418518 0.043651636689901352 0.070369720458984375
0.40593671798706055 0.049396183341741562 0.092192783951759338
0.52303928136825562 0.028872687369585037 0.059845026582479477
0.42691230773925781 0.012810403481125832 0.065609365701675415
0.40972837805747986 0.028336862102150917 0.065076053142547607
0.55297023057937622 -0.030893409624695778 0.059813700616359711
0.42031675577163696 0.023664593696594238 0.073674485087394714
0.44668665528297424 0.0080431671813130379 0.066741235554218292
0.4915962815284729 -0.024525662884116173 0.092117942869663239
0.45929348468780518 0.0080576129257678986 0.070521555840969086
0.44267037510871887 0.016215639188885689 0.038482952862977982
0.46668937802314758 -0.012568934820592403 0.043045740574598312
0.53032052516937256 -0.031016454100608826 0.042037203907966614
0.45777130126953125 -0.010933351702988148 0.05462178960442543
0.41408637166023254 0.069262050092220306 0.084182150661945343
0.42122289538383484 0.027580512687563896 0.043910529464483261
0.49747699499130249 -0.033836159855127335 0.067984417080879211
0.54643094539642334 -0.033668398857116699 0.053220700472593307
0.51786291599273682 -0.043195612728595734 0.061470244079828262
0.42712467908859253 0.069955252110958099 0.10366400331258774
0.52219802141189575 -0.028906639665365219 0.042860489338636398
0.40372347831726074 0.037400595843791962 0.054025840014219284
0.44838663935661316 0.032931767404079437 0.10433399677276611
0.41410359740257263 0.032271705567836761 0.046403903514146805
0.48172134160995483 -0.015944071114063263 0.036149807274341583
0.54924315214157104 -0.012986645102500916 0.077074632048606873
0.51803606748580933 -0.0091386660933494568 0.039995759725570679
0.49048703908920288 0.045935973525047302 0.091858118772506714
0.48368766903877258 0.069107212126255035 0.063311867415904999
0.48096904158592224 -0.026377147063612938 0.045460868626832962
0.50238394737243652 -0.0079298922792077065 0.10651152580976486
0.44316062331199646 0.0095712244510650635 0.068745508790016174
0.48985075950622559 -0.016846064478158951 0.098021134734153748
0.51238346099853516 0.037442367523908615 0.076994754374027252
0.5263981819152832 0.00054056075168773532 0.095204778015613556
0.53188186883926392 0.0085736606270074844 0.053544223308563232
0.52365660667419434 0.022277923300862312 0.08938705176115036
0.43815493583679199 0.10042437165975571 0.085588976740837097
0.46623238921165466 0.055038191378116608 0.10229171067476273
0.53230708837509155 0.017074538394808769 0.066462337970733643
0.54712718725204468 -0.028286242857575417 0.085050955414772034
0.48242056369781494 0.03661530464887619 0.030238844454288483
0.53886288404464722 -0.038298081606626511 0.049675259739160538
0.51031649112701416 -0.0092127993702888489 0.03081655316054821
0.54423815011978149 -0.027010461315512657 0.04809122160077095
0.4979383647441864 -0.0076946895569562912 0.10300677269697189
0.4342801570892334 0.022109556943178177 0.090785443782806396
0.50849539041519165 0.015244479291141033 0.030349655076861382
0.43409726023674011 0.091435529291629791 0.068615637719631195
0.46219155192375183 0.025864046066999435 0.027341311797499657
0.43707743287086487 0.048719830811023712 0.028019996359944344
0.44262143969535828 0.030506419017910957 0.033576425164937973
0.40200203657150269 0.060349445790052414 0.091706007719039917
0.46260890364646912 0.021202089264988899 0.10244176536798477
0.41519123315811157 0.070458680391311646 0.042738683521747589
0.45275813341140747 0.044165920466184616 0.029783286154270172
0.43363851308822632 0.070709146559238434 0.030532829463481903
0.44630536437034607 0.058543004095554352 0.027504917234182358
0.41852745413780212 0.074166595935821533 0.056538961827754974
0.4912172257900238 0.057831451296806335 0.060839470475912094
0.50051999092102051 0.038096651434898376 0.095260106027126312
0.52048802375793457 -0.02769133634865284 0.090657077729701996
0.39718741178512573 0.05499788373708725 0.071055606007575989
0.43134394288063049 0.026380091905593872 0.09566236287355423
0.50616806745529175 -0.033901840448379517 0.085786178708076477
0.53040260076522827 -0.01180287916213274 0.047150824218988419
0.3934766948223114 0.045074429363012314 0.057569697499275208
0.51481932401657104 -0.0099420920014381409 0.10103849321603775
0.51192259788513184 0.041137740015983582 0.07930486649274826
0.53409737348556519 -0.047330852597951889 0.068681791424751282
0.5450899600982666 -0.012117858044803143 0.072182975709438324
0.45521065592765808 0.010811310261487961 0.078407317399978638
0.4798882007598877 0.064259134232997894 0.04635566845536232
0.45210433006286621 0.084949113428592682 0.042043481022119522
0.45495066046714783 0.066385276615619659 0.034774187952280045
0.52164965867996216 -0.035409886389970779 0.088259190320968628
0.44875553250312805 0.091683439910411835 0.088205806910991669
0.50630462169647217 0.00031377185950987041 0.10639743506908417
0.46701335906982422 0.062664873898029327 0.098847933113574982
0.47302556037902832 -0.018564071506261826 0.048935834318399429
0.45368480682373047 0.0045468625612556934 0.038917295634746552
0.47253155708312988 0.075015805661678314 0.062611453235149384
0.51323592662811279 0.036542844027280807 0.083131462335586548
0.53436082601547241 0.0020967777818441391 0.067998826503753662
0.47936579585075378 -0.02134566567838192 0.092123225331306458
0.48525330424308777 -0.017128074541687965 0.035356491804122925
0.44831511378288269 0.089129351079463959 0.042752373963594437
0.42565977573394775 0.025553341954946518 0.042986601591110229
0.47009965777397156 -0.013325785286724567 0.041624456644058228
0.46358680725097656 0.059539839625358582 0.1007186695933342
0.55147182941436768 -0.032540880143642426 0.079811811447143555
0.42648956179618835 0.068880826234817505 0.02678065188229084
0.49017497897148132 0.062718003988265991 0.073385864496231079
0.52989262342453003 -0.051996331661939621 0.062690466642379761
0.54696398973464966 -0.018812373280525208 0.070740282535552979
0.42964631319046021 0.086479268968105316 0.0364370197057724
0.49382263422012329 0.053403779864311218 0.084460146725177765
0.54968959093093872 -0.020401621237397194 0.083770878612995148
0.53498309850692749 -0.015283701010048389 0.08899252861738205
0.48256155848503113 0.066269241273403168 0.079274781048297882
0.49408996105194092 -0.03666779026389122 0.05829358845949173
0.47762665152549744 -0.027799760922789574 0.059008777141571045
0.55369538068771362 -0.025598019361495972 0.078171670436859131
0.47589749097824097 0.016017204150557518 0.028044899925589561
0.47452083230018616 -0.0019217552617192268 0.086169175803661346
0.54476726055145264 -0.033555001020431519 0.046944353729486465
0.51806467771530151 0.030006472021341324 0.051862102001905441
0.50752997398376465 0.0055962498299777508 0.10570041090250015
0.47159841656684875 0.033691693097352982 0.027888409793376923
0.44646546244621277 0.019223341718316078 0.096424467861652374
0.52834796905517578 -0.025041043758392334 0.091220155358314514
0.51493310928344727 -0.014462986029684544 0.04406525194644928
0.45413771271705627 0.089444786310195923 0.055257387459278107
0.51595187187194824 -0.036666896194219589 0.052956726402044296
0.43113729357719421 0.034828744828701019 0.097355090081691742
0.50296956300735474 -0.0073910355567932129 0.027973158285021782
0.52119404077529907 -0.031617723405361176 0.047133609652519226
0.55753803253173828 -0.025817744433879852 0.077104084193706512
0.39822307229042053 0.056150037795305252 0.076970450580120087
0.44893211126327515 0.086368627846240997 0.04429125040769577
0.40454426407814026 0.039820462465286255 0.07900470495223999
0.42593315243721008 0.036027245223522186 0.03432546928524971
0.48986929655075073 0.054018843919038773 0.083927109837532043
0.53220570087432861 -0.049411509186029434 0.070770978927612305
0.47937211394309998 -0.021710170432925224 0.087763987481594086
0.48015409708023071 0.065069481730461121 0.087043963372707367
0.46753361821174622 0.080251909792423248 0.08119993656873703
0.39558354020118713 0.053223047405481339 0.075808510184288025
0.47653579711914062 -0.0050527974963188171 0.084029480814933777
0.51130920648574829 0.03461829200387001 0.084031611680984497
0.40828880667686462 0.063945479691028595 0.10403517633676529
0.45334881544113159 0.090813688933849335 0.084907270967960358
0.52609580755233765 -0.042657665908336639 0.052147749811410904
0.50467383861541748 -0.027159089222550392 0.093533731997013092
0.54111140966415405 -0.041316848248243332 0.042273472994565964
0.45976972579956055 0.023488553240895271 0.031180838122963905
0.45905464887619019 0.017675342038273811 0.03068133257329464
0.52185899019241333 -0.040301617234945297 0.085723049938678741
0.49845960736274719 0.051894165575504303 0.068269982933998108
0.48931038379669189 -0.0079434886574745178 0.1012016162276268
0.51458972692489624 -0.032169587910175323 0.05206664651632309
0.51087194681167603 -0.034324992448091507 0.055571418255567551
0.4653632640838623 0.085113316774368286 0.073309279978275299
0.48047840595245361 0.052254863083362579 0.093874439597129822
0.47376978397369385 -0.019222047179937363 0.085445597767829895
0.39628946781158447 0.047343198210000992 0.085626870393753052
0.51827841997146606 -0.030170818790793419 0.046786490827798843
0.51364165544509888 -0.0023231671657413244 0.10038533806800842
0.52832180261611938 -0.0544709712266922 0.0563158318400383
0.48089757561683655 0.027784634381532669 0.10593600571155548
0.4540981650352478 0.05076662078499794 0.030338224023580551
0.55612176656723022 -0.027399459853768349 0.060010436922311783
0.5293123722076416 -0.035834398120641708 0.051134645938873291
0.45406672358512878 0.012665444985032082 0.092379927635192871
0.54703778028488159 -0.022429369390010834 0.076713435351848602
0.53991949558258057 -0.015193403698503971 0.050960011780261993
0.44140860438346863 0.10402090102434158 0.070198193192481995
0.51817542314529419 0.033273071050643921 0.059892851859331131
0.54029738903045654 -0.040463194251060486 0.060357179492712021
0.4423578679561615 0.011861830949783325 0.086593754589557648
0.51926898956298828 0.033043038100004196 0.064125418663024902
0.43089595437049866 0.012887340039014816 0.055122688412666321
0.47980448603630066 0.059264376759529114 0.088513225317001343
0.4718182384967804 0.041503980755805969 0.031588055193424225
0.5413476824760437 -0.043320469558238983 0.089569896459579468
0.43366104364395142 0.090959608554840088 0.079844601452350616
0.47708484530448914 0.068664476275444031 0.083873048424720764
0.53193783760070801 -0.041999027132987976 0.089518457651138306
0.41101637482643127 0.06585317850112915 0.076145105063915253
0.45267614722251892 0.088482245802879333 0.050978317856788635
0.52395367622375488 -0.023892024531960487 0.042335662990808487
0.51260900497436523 0.032076239585876465 0.047763198614120483
0.4441375732421875 0.0067255059257149696 0.064587481319904327
0.45114624500274658 0.014641962945461273 0.097838141024112701
0.54626905918121338 -0.014157911762595177 0.080890066921710968
0.55959922075271606 -0.023537255823612213 0.070470452308654785
0.51288259029388428 -0.025047264993190765 0.094141170382499695
0.51942199468612671 0.0079915942624211311 0.03236890584230423
0.55142080783843994 -0.02418062649667263 0.085496753454208374
0.4432520866394043 0.055574528872966766 0.027159512042999268
0.52646690607070923 -0.051025986671447754 0.063184492290019989
0.42509669065475464 0.018551340326666832 0.068823948502540588
0.47552600502967834 0.072620034217834473 0.067334376275539398
0.54024845361709595 -0.0084844920784235001 0.081509210169315338
0.53854936361312866 -0.040574315935373306 0.090741366147994995
0.49736571311950684 0.039465047419071198 0.092078879475593567
0.53807646036148071 -0.047393389046192169 0.076341524720191956
0.5433192253112793 -0.037107601761817932 0.068560928106307983
0.54096323251724243 -0.027958931401371956 0.091058149933815002
0.46811622381210327 0.076374351978302002 0.054243650287389755
0.48331773281097412 0.029788319021463394 0.031290113925933838
0.41982120275497437 0.041499108076095581 0.038137059658765793
0.53028786182403564 -0.05151783674955368 0.069518223404884338
0.42329931259155273 0.023205682635307312 0.053897392004728317
0.49359720945358276 0.037375576794147491 0.095830336213111877
0.4815407395362854 0.010954631492495537 0.030109809711575508
0.53317952156066895 -0.0091248778626322746 0.050395127385854721
0.43197885155677795 0.021139504387974739 0.045702803879976273
0.53929907083511353 -0.027381446212530136 0.043040946125984192
0.50929903984069824 -0.0065540769137442112 0.035058852285146713
0.53942751884460449 -0.041387565433979034 0.046612035483121872
0.5502045750617981 -0.016824590042233467 0.080995179712772369
0.48383641242980957 -0.030242662876844406 0.047309193760156631
0.45826399326324463 -0.0074010300450026989 0.052383720874786377
0.46643427014350891 0.019922070205211639 0.10540080815553665
0.45668533444404602 0.042535856366157532 0.10593004524707794
0.49005931615829468 -0.011416038498282433 0.033288318663835526
0.44706112146377563 0.01663707010447979 0.099039539694786072
0.51933234930038452 -0.02570185624063015 0.046533726155757904
0.46386289596557617 0.0001637394743738696 0.03603159636259079
0.51876717805862427 0.026797650381922722 0.085495978593826294
0.42551812529563904 0.037167757749557495 0.037651993334293365
0.44956138730049133 0.098396316170692444 0.071604162454605103
0.4285808801651001 0.089803397655487061 0.075031295418739319
0.49368548393249512 0.057944893836975098 0.057555738836526871
0.49564793705940247 -0.031156310811638832 0.081803806126117706
0.53489124774932861 -0.0066477051004767418 0.086976401507854462
0.41149112582206726 0.07084028422832489 0.04951641708612442
0.43487122654914856 0.096758775413036346 0.048455838114023209
0.47644653916358948 -0.01740189827978611 0.04009353369474411
0.45219099521636963 0.027565956115722656 0.10173647850751877
0.43166986107826233 0.041375383734703064 0.03097168356180191
0.54436331987380981 -0.037155844271183014 0.084148913621902466
0.55549919605255127 -0.020294558256864548 0.062473125755786896
0.47380515933036804 0.054828647524118423 0.034960560500621796
0.42979741096496582 0.076534032821655273 0.028830638155341148
0.45665547251701355 0.041900958865880966 0.029816435649991035
0.48733705282211304 0.028422135859727859 0.028659297153353691
0.41754207015037537 0.043451324105262756 0.034397538751363754
0.4653095006942749 0.044098179787397385 0.10506410151720047
0.4905068576335907 -0.0019627711735665798 0.10493592917919159
0.47518762946128845 0.072320125997066498 0.072559751570224762
0.54640382528305054 -0.038179643452167511 0.049935668706893921
0.40670564770698547 0.034303180873394012 0.056097213178873062
0.4823242723941803 -0.027071831747889519 0.049100693315267563
0.53457194566726685 -0.015907188877463341 0.053186643868684769
0.54177844524383545 -0.0074825766496360302 0.055184625089168549
0.48839405179023743 0.063248194754123688 0.05868183821439743
0.43833649158477783 0.095954231917858124 0.044532708823680878
0.53613215684890747 -0.012642937712371349 0.051692098379135132
0.44144737720489502 0.022890375927090645 0.035055749118328094
0.52433955669403076 0.029524775221943855 0.078600011765956879
0.47417047619819641 -0.025667153298854828 0.069465085864067078
0.47507211565971375 -0.023407958447933197 0.048739116638898849
0.43219119310379028 0.012201567180454731 0.06406383216381073
0.43772536516189575 0.099927999079227448 0.055990852415561676
0.43925800919532776 0.009423508308827877 0.05273805558681488
0.54008316993713379 -0.040704254060983658 0.055069033056497574
0.47270411252975464 0.0026964345015585423 0.079736664891242981
0.44590595364570618 0.0051381546072661877 0.049983866512775421
0.49212941527366638 0.02288154698908329 0.031525157392024994
0.50290703773498535 -0.038975454866886139 0.060845788568258286
0.41365587711334229 0.054934747517108917 0.10180160403251648
0.48732855916023254 0.01252407394349575 0.029804425314068794
0.50120210647583008 0.025311317294836044 0.098500683903694153
0.54122227430343628 -0.013099243864417076 0.068198271095752716
0.5158851146697998 0.038806494325399399 0.073262251913547516
0.51987248659133911 0.0047126780264079571 0.10091535001993179
0.51476484537124634 -0.0087090805172920227 0.0979880690574646
0.52415990829467773 -0.048202026635408401 0.052027788013219833
0.52131921052932739 0.00010380117601016536 0.095582790672779083
0.51881760358810425 -0.0070974533446133137 0.095447152853012085
0.50576746463775635 -0.035885512828826904 0.051063809543848038
0.52409827709197998 -0.020492557436227798 0.042234919965267181
0.49792629480361938 -0.0035307719372212887 0.027063732966780663
0.47866854071617126 -0.033853106200695038 0.068269394338130951
0.48282641172409058 -0.028641698881983757 0.044804081320762634
0.49699887633323669 -0.03304155170917511 0.058720491826534271
0.44405028223991394 0.048188626766204834 0.029841860756278038
0.46028709411621094 0.082421794533729553 0.081201225519180298
0.44899177551269531 0.080672517418861389 0.096836335957050323
0.47766244411468506 0.071284405887126923 0.052666101604700089
0.43946889042854309 0.080286301672458649 0.098777063190937042
0.48753920197486877 -0.0030296891927719116 0.10441615432500839
0.52653366327285767 -0.042109653353691101 0.046136442571878433
0.54558646678924561 -0.008282877504825592 0.061134316027164459
0.464447021484375 -0.019381815567612648 0.062047049403190613
0.43638864159584045 0.013765382580459118 0.045459963381290436
0.4753420352935791 0.028242461383342743 0.10357167571783066
0.43806841969490051 0.061596669256687164 0.029958499595522881
0.53072631359100342 0.017593918368220329 0.056515127420425415
0.54353010654449463 -0.026104798540472984 0.043594107031822205
0.46624526381492615 0.014225396327674389 0.10036826133728027
0.52885818481445312 0.0064442837610840797 0.046576179563999176
0.41618001461029053 0.07605995237827301 0.081140033900737762
0.45761418342590332 0.025358337908983231 0.10236477106809616
0.48242911696434021 -0.016942484304308891 0.03943774476647377
0.44772043824195862 0.012565219774842262 0.08689010888338089
0.41425344347953796 0.04903101921081543 0.033846698701381683
0.429056316614151 0.011635967530310154 0.066017642617225647
0.40951123833656311 0.064200624823570251 0.099680155515670776
0.51505857706069946 0.00085004651919007301 0.03594520315527916
0.50671857595443726 0.026182843372225761 0.095445148646831512
0.46307435631752014 -0.0072986078448593616 0.062547266483306885
0.50654745101928711 0.04725361242890358 0.061339106410741806
0.46625298261642456 -0.021450631320476532 0.071309581398963928
0.45344206690788269 -0.00090280157746747136 0.059566117823123932
0.55190771818161011 -0.027987642213702202 0.082167431712150574
0.54756730794906616 -0.019122902303934097 0.049439933151006699
0.40200969576835632 0.045020744204521179 0.089728266000747681
0.50654011964797974 -0.040157582610845566 0.069865651428699493
0.51675444841384888 -0.025010054931044579 0.043094851076602936
0.52512800693511963 -0.050458971410989761 0.079742059111595154
0.43894350528717041 0.058560434728860855 0.029829178005456924
0.45089980959892273 0.013891189359128475 0.084701202809810638
0.52282619476318359 -0.0058766189031302929 0.046589192003011703
0.47431060671806335 -0.0013064739760011435 0.032533068209886551
0.45248791575431824 0.013632192276418209 0.096021004021167755
0.4821636974811554 -0.026184389367699623 0.085497558116912842
0.41789191961288452 0.077952086925506592 0.072783611714839935
0.52113407850265503 -0.043757613748311996 0.051036529242992401
0.51126235723495483 0.036493349820375443 0.081141173839569092
0.5459173321723938 -0.038706868886947632 0.06770344078540802
0.50107890367507935 0.013061854057013988 0.10244548320770264
0.4465334415435791 0.08298029750585556 0.09378216415643692
0.48304769396781921 0.04888514056801796 0.03897571936249733
0.52146506309509277 -0.031720850616693497 0.085207775235176086
0.55089527368545532 -0.028716076165437698 0.057853091508150101
0.52231073379516602 -0.05143548920750618 0.060742426663637161
0.53355175256729126 -0.0010414322605356574 0.087657302618026733
0.50962543487548828 -0.036317642778158188 0.070840105414390564
0.49860039353370667 -0.027963714674115181 0.087637260556221008
0.43501743674278259 0.09244094043970108 0.047037322074174881
0.45298856496810913 0.011857000179588795 0.088059939444065094
0.45802953839302063 0.085795663297176361 0.049578431993722916
0.48181849718093872 0.066944442689418793 0.067052155733108521
0.41418445110321045 0.073862135410308838 0.10237368941307068
0.51610791683197021 0.035481061786413193 0.061396241188049316
0.46896061301231384 0.051362171769142151 0.099729485809803009
0.42371088266372681 0.024158945307135582 0.045864537358283997
0.52939599752426147 4.8608329962007701e-05 0.084900312125682831
0.40729829668998718 0.050809822976589203 0.09805595874786377
0.43829217553138733 0.096097797155380249 0.085885487496852875
0.45427104830741882 0.090304270386695862 0.05776580423116684
0.414192795753479 0.064825832843780518 0.028983000665903091
0.54628384113311768 -0.033820446580648422 0.069406844675540924
0.55694413185119629 -0.021163247525691986 0.069055259227752686
0.53616350889205933 -0.00021818751702085137 0.050004161894321442
0.53933632373809814 -0.045993227511644363 0.081443935632705688
0.44643723964691162 0.074065946042537689 0.032426092773675919
0.47208163142204285 0.013718865811824799 0.030918711796402931
0.46692454814910889 -0.018258294090628624 0.072615928947925568
0.40830641984939575 0.067311987280845642 0.05283530056476593
0.52267301082611084 -0.017693893983960152 0.086230337619781494
0.51273798942565918 -0.037703428417444229 0.081806585192680359
0.46378299593925476 0.016693964600563049 0.031929686665534973
0.47023555636405945 -0.024262284860014915 0.07332342118024826
0.47959467768669128 0.071613982319831848 0.062155701220035553
0.55118894577026367 -0.017435545101761818 0.052958469837903976
0.5269051194190979 -0.026095911860466003 0.087530627846717834
0.51016741991043091 0.00013077519543003291 0.10295780003070831
0.44154864549636841 0.044685818254947662 0.1031830757856369
0.45597422122955322 0.061066288501024246 0.10044241696596146
0.5208088755607605 -0.049069203436374664 0.057117834687232971
0.48409810662269592 0.034823022782802582 0.10399671643972397
0.44930040836334229 0.097696937620639801 0.075648792088031769
0.52933460474014282 -0.039993975311517715 0.048923980444669724
0.53683561086654663 -0.048766393214464188 0.080180555582046509
0.43581181764602661 0.036699876189231873 0.033553790301084518
0.46904879808425903 0.007691709790378809 0.089787282049655914
0.49040096998214722 -0.029227389022707939 0.04882219061255455
0.44753628969192505 0.058912314474582672 0.10524314641952515
0.52070558071136475 -0.031895939260721207 0.08944828063249588
0.45029452443122864 0.095061451196670532 0.071010380983352661
0.55525588989257812 -0.02835649810731411 0.064237266778945923
0.47201281785964966 0.03863920271396637 0.10256293416023254
0.53020721673965454 0.010554065927863121 0.044190283864736557
0.47062218189239502 0.0095009598881006241 0.10356040298938751
0.44633558392524719 0.068299271166324615 0.10312008112668991
0.43293067812919617 0.090136207640171051 0.059754375368356705
0.52460014820098877 -0.0148468017578125 0.041928555816411972
0.44221314787864685 0.012444050051271915 0.075695797801017761
0.52069187164306641 -0.034273449331521988 0.083715975284576416
0.47467958927154541 -0.025583375245332718 0.083057135343551636
0.47701928019523621 -0.0064683263190090656 0.095291078090667725
0.53375434875488281 -0.020111765712499619 0.043485693633556366
0.52537769079208374 -0.032055076211690903 0.042925741523504257
0.46188652515411377 0.077479131519794464 0.043610058724880219
0.4946577250957489 0.051307454705238342 0.045741140842437744
0.51189154386520386 0.0069093876518309116 0.032002188265323639
0.50481599569320679 0.014269564300775528 0.1013234406709671
0.48494765162467957 -0.0065229679457843304 0.033187627792358398
0.5359310507774353 -0.043073084205389023 0.051622487604618073
0.4089219868183136 0.051614169031381607 0.034186124801635742
0.51445817947387695 -0.032340805977582932 0.086912035942077637
0.45912644267082214 0.041944853961467743 0.027211934328079224
0.50634580850601196 0.025679780170321465 0.037643596529960632
0.4389207661151886 0.048057485371828079 0.10537960380315781
0.4590563178062439 0.073650166392326355 0.041177988052368164
0.47597596049308777 0.030076069757342339 0.028114544227719307
0.53689771890640259 0.010692188516259193 0.07354138046503067
0.4736659824848175 0.045692574232816696 0.033300124108791351
0.52218616008758545 0.028337555006146431 0.083347976207733154
0.46571743488311768 0.0091456463560461998 0.091948322951793671
0.49063783884048462 0.045877914875745773 0.038653180003166199
0.50611352920532227 -0.040152575820684433 0.064718037843704224
0.45700088143348694 0.014550987631082535 0.032368317246437073
0.42745169997215271 0.076467633247375488 0.10579413175582886
0.44669872522354126 0.094560407102108002 0.052120432257652283
0.43306821584701538 0.045952163636684418 0.028584569692611694
0.51609283685684204 -0.035636909306049347 0.073091931641101837
0.50024241209030151 -0.028666732832789421 0.047838583588600159
0.42946034669876099 0.047984745353460312 0.10170131921768188
0.54452288150787354 -0.030870143324136734 0.043083671480417252
0.47412407398223877 0.07364189624786377 0.052025880664587021
0.4775809645652771 -0.015364229679107666 0.087596118450164795
0.44563287496566772 0.08106260746717453 0.037973027676343918
0.44187602400779724 0.0089576896280050278 0.074088051915168762
0.44577246904373169 0.074623234570026398 0.10110776126384735
0.51080363988876343 -0.010276305489242077 0.034562747925519943
0.52133828401565552 0.027587044984102249 0.080825425684452057
0.48446565866470337 -0.027930866926908493 0.085649825632572174
0.40640494227409363 0.03828856348991394 0.054192293435335159
0.5348362922668457 0.019013587385416031 0.066897451877593994
0.48473545908927917 -0.032384790480136871 0.083279751241207123
0.54251343011856079 -0.038004349917173386 0.06347820907831192
0.4493756890296936 0.074127860367298126 0.033595938235521317
0.53712981939315796 -0.015203640796244144 0.078337207436561584
0.50542891025543213 -0.02954564057290554 0.04326256737112999
0.51534199714660645 -0.029612647369503975 0.079181984066963196
0.42694342136383057 0.07841501384973526 0.027723412960767746
0.50635641813278198 -0.010463672690093517 0.035787880420684814
0.53508615493774414 -0.050718627870082855 0.061375420540571213
0.49212250113487244 -0.017324801534414291 0.032524481415748596
0.44968205690383911 0.031575094908475876 0.031389523297548294
0.46718233823776245 -0.0012380358530208468 0.038176205009222031
0.43460184335708618 0.072540938854217529 0.10250698029994965
0.39243429899215698 0.045776873826980591 0.077247589826583862
0.44396018981933594 0.092950053513050079 0.042950630187988281
0.42699703574180603 0.01939060166478157 0.084708064794540405
0.50560140609741211 0.0028129820711910725 0.10341251641511917
0.47719880938529968 0.040712535381317139 0.10328730195760727
0.51819360256195068 -0.021150195971131325 0.095034681260585785
0.52788114547729492 -0.009207739494740963 0.048746388405561447
0.439433753490448 0.013139773160219193 0.078485175967216492
0.43190875649452209 0.041756253689527512 0.10378822684288025
0.54473167657852173 -0.01601550355553627 0.084646716713905334
0.46425092220306396 -0.0057950988411903381 0.064375013113021851
0.45802226662635803 0.045311450958251953 0.10646189004182816
0.55641597509384155 -0.01693248376250267 0.070844560861587524
0.54360461235046387 -0.036796674132347107 0.060540683567523956
0.50595611333847046 0.035260196775197983 0.041207350790500641
0.47016516327857971 -0.021530507132411003 0.052031982690095901
0.54363691806793213 -0.034401226788759232 0.049220260232686996
0.47563409805297852 0.047790650278329849 0.034812126308679581
0.45064133405685425 0.094002529978752136 0.074408866465091705
0.49149727821350098 0.014001419767737389 0.10561404377222061
0.54905307292938232 -0.030750004574656487 0.070059947669506073
0.51307284832000732 -0.039113707840442657 0.059731289744377136
0.41548809409141541 0.041264347732067108 0.095433421432971954
0.44443494081497192 0.059194151312112808 0.030292129144072533
0.53446727991104126 0.009055478498339653 0.082516580820083618
0.50362730026245117 0.00978888850659132 0.030956557020545006
0.54645484685897827 -0.015315664932131767 0.074813656508922577
0.52667433023452759 -0.017232511192560196 0.042928311973810196
0.53748810291290283 -0.0051042861305177212 0.079293183982372284
0.43759408593177795 0.095302611589431763 0.054675530642271042
0.468415766954422 0.070878349244594574 0.087065368890762329
0.41882756352424622 0.071906030178070068 0.027741007506847382
0.49904203414916992 -0.031815234571695328 0.078837305307388306
0.46928828954696655 0.0058463895693421364 0.083270825445652008
0.53234404325485229 0.016267498955130577 0.062702469527721405
0.52199143171310425 -0.0072134756483137608 0.092323310673236847
0.42515060305595398 0.081506699323654175 0.053125586360692978
0.45693451166152954 0.089151814579963684 0.063135385513305664
0.53628778457641602 -0.0065706386230885983 0.082153469324111938
0.53192269802093506 -0.0090712606906890869 0.055015299469232559
0.52015030384063721 0.012511727400124073 0.033569477498531342
0.41757562756538391 0.041253704577684402 0.035630293190479279
0.49830469489097595 0.049364574253559113 0.086187213659286499
0.45851784944534302 0.0079521834850311279 0.034651611000299454
0.50946259498596191 0.011312771588563919 0.10351619869470596
0.52100390195846558 0.020821655169129372 0.039243463426828384
0.43865916132926941 0.043620087206363678 0.10259449481964111
0.42091619968414307 0.081289529800415039 0.050377499312162399
0.48623913526535034 -0.035981506109237671 0.067344106733798981
0.49994799494743347 0.026382174342870712 0.10125880688428879
0.47964775562286377 0.05475052073597908 0.09546399861574173
0.53219717741012573 0.015542177483439445 0.073446854948997498
0.47136685252189636 0.074345171451568604 0.056318767368793488
0.40547585487365723 0.035251729190349579 0.076988145709037781
0.54904180765151978 -0.021422397345304489 0.072621941566467285
0.54911589622497559 -0.030676970258355141 0.075034812092781067
0.4714406430721283 -0.0045683793723583221 0.076230853796005249
0.48824572563171387 -0.0061595435254275799 0.10463277995586395
0.50938934087753296 0.023018283769488335 0.098768860101699829
0.40711382031440735 0.066022269427776337 0.10034744441509247
0.53212499618530273 -0.0457502081990242 0.05525386705994606
0.44909003376960754 0.09246768057346344 0.085906237363815308
0.51712268590927124 0.016064437106251717 0.095895193517208099
0.53146272897720337 -0.019651001319289207 0.087845511734485626
0.42386084794998169 0.016900107264518738 0.07344663143157959
0.455544114112854 0.01050180196762085 0.08392498642206192
0.46565994620323181 0.043622191995382309 0.10269580781459808
0.49655130505561829 -0.013574409298598766 0.10465759783983231
0.48876112699508667 0.06171247735619545 0.07671840488910675
0.4728977382183075 -0.022981753572821617 0.057303361594676971
0.46032392978668213 0.077859342098236084 0.090885579586029053
0.51400357484817505 -0.03394664078950882 0.080763377249240875
0.47481772303581238 0.04086623340845108 0.029947357252240181
0.45080026984214783 0.039575811475515366 0.027948716655373573
0.47868001461029053 -0.0090489946305751801 0.036715347319841385
0.42889577150344849 0.016145896166563034 0.074517466127872467
0.41305968165397644 0.026110455393791199 0.059788335114717484
0.49566110968589783 -0.030158301815390587 0.049341391772031784
0.47424191236495972 -0.012016369961202145 0.084932714700698853
0.5347098708152771 -0.01138672698289156 0.046282380819320679
0.43810474872589111 0.058834429830312729 0.10371499508619308
0.54682761430740356 -0.031969014555215836 0.08367764949798584
0.4775393009185791 0.060119431465864182 0.089679673314094543
0.45057347416877747 0.09732384979724884 0.061034489423036575
0.46153852343559265 -0.0078644677996635437 0.044295724481344223
0.44274312257766724 0.10062038898468018 0.057498261332511902
0.42961660027503967 0.090941347181797028 0.05998620018362999
0.42213517427444458 0.078191354870796204 0.093566343188285828
0.44906648993492126 0.096196301281452179 0.062705345451831818
0.53140836954116821 -0.051803566515445709 0.084200732409954071
0.39638572931289673 0.041813209652900696 0.063373170793056488
0.44019302725791931 0.04748554527759552 0.028094740584492683
0.43695509433746338 0.058293122798204422 0.02676749974489212
0.40587177872657776 0.037987805902957916 0.077580541372299194
0.54604893922805786 -0.0092584555968642235 0.075538396835327148
0.45741117000579834 0.069278858602046967 0.037311043590307236
0.46891754865646362 0.0025670526083558798 0.077583968639373779
0.45372116565704346 0.092068403959274292 0.070235684514045715
0.47080519795417786 0.017798949033021927 0.10618893802165985
0.41253834962844849 0.038166876882314682 0.087278209626674652
0.51539808511734009 -0.0023437116760760546 0.028766090050339699
0.53684431314468384 -0.0095488894730806351 0.070281714200973511
0.54569435119628906 -0.020328551530838013 0.086843684315681458
0.44580268859863281 0.016023686155676842 0.092222496867179871
0.49330443143844604 -0.017403105273842812 0.099138438701629639
0.49672305583953857 -0.015931829810142517 0.10001274943351746
0.43038609623908997 0.053013857454061508 0.03059873916208744
0.46784034371376038 0.022646216675639153 0.10339820384979248
0.54056543111801147 0.00063764996593818069 0.063126422464847565
0.4307246208190918 0.077891916036605835 0.10524088144302368
0.46692699193954468 0.0099587868899106979 0.03065057285130024
0.54951143264770508 -0.014889891259372234 0.062482710927724838
0.52691853046417236 -0.040161937475204468 0.083571560680866241
0.54323107004165649 -0.036465916782617569 0.088785111904144287
0.42143571376800537 0.032267678529024124 0.044055953621864319
0.45610871911048889 -0.010007096454501152 0.057827085256576538
0.55462408065795898 -0.02051568403840065 0.072029910981655121
0.49116745591163635 0.054358217865228653 0.081570014357566833
0.42662078142166138 0.018839115276932716 0.057077407836914062
0.5341605544090271 -0.036021269857883453 0.046499058604240417
0.51643729209899902 0.02164292149245739 0.096125304698944092
0.52174866199493408 0.021901238709688187 0.091437578201293945
0.48115530610084534 -0.023424176499247551 0.04595508798956871
0.51860123872756958 -0.039696119725704193 0.05381668359041214
0.49366459250450134 0.042417507618665695 0.092386588454246521
0.52167624235153198 -0.022777101024985313 0.090978167951107025
0.53982454538345337 -0.040978509932756424 0.073376387357711792
0.45621994137763977 0.089674755930900574 0.050904437899589539
0.51704925298690796 0.03839922696352005 0.063898056745529175
0.46162077784538269 0.087615408003330231 0.057087928056716919
0.43850067257881165 0.096303761005401611 0.048957172781229019
0.50370532274246216 -0.037567362189292908 0.055334143340587616
0.42774936556816101 0.084390431642532349 0.057148691266775131
0.4602634608745575 0.058472864329814911 0.031022083014249802
0.48759618401527405 0.058630548417568207 0.079640418291091919
0.50600242614746094 0.043172918260097504 0.056525345891714096
0.40449061989784241 0.060513317584991455 0.032217264175415039
0.50165373086929321 0.0484636090695858 0.072489604353904724
0.4648168683052063 0.079717852175235748 0.048626311123371124
0.41677874326705933 0.026225894689559937 0.063091345131397247
0.4476127028465271 0.0088719632476568222 0.071234479546546936
0.53690546751022339 -0.0095175812020897865 0.051654186099767685
0.51343339681625366 -0.02903653122484684 0.045382373034954071
0.53640460968017578 -0.044786319136619568 0.049201678484678268
0.49938184022903442 0.048482783138751984 0.054951149970293045
0.55079662799835205 -0.028324687853455544 0.050169277936220169
0.45735791325569153 0.029037956148386002 0.10299967229366302
0.47186547517776489 0.075156278908252716 0.080833300948143005
0.4175645112991333 0.073128066956996918 0.099047251045703888
0.46681752800941467 0.079209931194782257 0.075055591762065887
0.41032832860946655 0.065103299915790558 0.095049001276493073
0.42484316229820251 0.021837798878550529 0.086728312075138092
0.45801711082458496 0.072121158242225647 0.039403881877660751
0.52740341424942017 0.024244775995612144 0.076084516942501068
0.45223471522331238 0.080722406506538391 0.038957603275775909
0.47625827789306641 0.063554905354976654 0.046209182590246201
0.53340286016464233 -0.022967550903558731 0.042601097375154495
0.46741020679473877 0.039029937237501144 0.030384059995412827
0.53387558460235596 -0.034938748925924301 0.049849629402160645
0.46715638041496277 -0.0064371107146143913 0.067881911993026733
0.52658051252365112 -0.014392515644431114 0.093543782830238342
0.46081933379173279 0.0088713588193058968 0.032393980771303177
0.5256003737449646 -0.032730549573898315 0.09060504287481308
0.44344392418861389 0.10449457913637161 0.065540991723537445
0.55775731801986694 -0.025132825598120689 0.079584226012229919
0.47227233648300171 0.029025508090853691 0.10370156168937683
0.50941431522369385 0.042454835027456284 0.052390933036804199
0.49267971515655518 0.030099360272288322 0.033880859613418579
0.5458977222442627 -0.020757677033543587 0.083110399544239044
0.51149970293045044 -0.03475048765540123 0.083170779049396515
0.48047474026679993 0.04989498108625412 0.03815547376871109
0.53720110654830933 -0.036000385880470276 0.091262035071849823
0.42398244142532349 0.080199144780635834 0.034697070717811584
0.44480499625205994 0.011703532189130783 0.073275111615657806
0.42850407958030701 0.089704789221286774 0.055261969566345215
0.51345551013946533 -0.025626508519053459 0.048633873462677002
0.43155843019485474 0.049608737230300903 0.10250680893659592
0.43518248200416565 0.038583319634199142 0.10303107649087906
0.54448586702346802 -0.013010702095925808 0.059849172830581665
0.49030604958534241 0.04378470778465271 0.037205234169960022
0.46814286708831787 -0.019963057711720467 0.062150143086910248
0.43110093474388123 0.051111772656440735 0.1056176945567131
0.47525539994239807 -0.019468806684017181 0.047520533204078674
0.5143895149230957 0.034396234899759293 0.079782046377658844
0.46072041988372803 0.088133826851844788 0.060861937701702118
0.42606872320175171 0.052524223923683167 0.031455531716346741
0.51082789897918701 -0.030844865366816521 0.089555978775024414
0.45697149634361267 0.084949396550655365 0.087864950299263
0.53123778104782104 -0.0040120366029441357 0.052880719304084778
0.52794772386550903 0.011823886074125767 0.086881943047046661
0.48289069533348083 0.030915869399905205 0.10212703794240952
0.49648648500442505 0.05250302329659462 0.058670941740274429
0.51864242553710938 -0.036828618496656418 0.074912413954734802
0.41168701648712158 0.04992382600903511 0.099735312163829803
0.45972079038619995 0.044559583067893982 0.10334714502096176
0.43013414740562439 0.017336951568722725 0.048431690782308578
0.48571762442588806 -0.019892781972885132 0.035866055637598038
0.47068101167678833 0.060636382550001144 0.039369534701108932
0.40493988990783691 0.063597947359085083 0.07938086986541748
0.50199723243713379 -0.032650556415319443 0.05867072194814682
0.51369667053222656 -0.032842475920915604 0.059447884559631348
0.43934851884841919 0.02422870509326458 0.095612756907939911
0.55154711008071899 -0.019970068708062172 0.058726698160171509
0.52744853496551514 0.024060366675257683 0.082584001123905182
0.55349349975585938 -0.013860942795872688 0.067079648375511169
0.47330617904663086 -0.01328679546713829 0.042960181832313538
0.51998531818389893 -0.010539163835346699 0.0449935682117939
0.41021138429641724 0.069424234330654144 0.05341576412320137
0.47611519694328308 0.062671437859535217 0.088433109223842621
0.52162069082260132 0.016416320577263832 0.03779880702495575
0.49249351024627686 0.003962966613471508 0.029893578961491585
0.47629368305206299 0.054938435554504395 0.097964972257614136
0.43815377354621887 0.077875338494777679 0.031082127243280411
0.52960300445556641 -0.049753963947296143 0.064420454204082489
0.47340995073318481 -0.0073493886739015579 0.08401200920343399
0.44467031955718994 0.099104166030883789 0.058203365653753281
0.50301545858383179 -0.013270041905343533 0.10037298500537872
0.51744586229324341 -0.010781325399875641 0.099500618875026703
0.40294742584228516 0.03980746865272522 0.058203037828207016
0.53886473178863525 -0.01212453655898571 0.0483245849609375
0.45301374793052673 0.095000565052032471 0.060462348163127899
0.50988060235977173 0.020273119211196899 0.033931601792573929
0.50343334674835205 0.038216367363929749 0.045333359390497208
0.42439761757850647 0.032355304807424545 0.038716360926628113
0.42407450079917908 0.073006704449653625 0.029866071417927742
0.41921108961105347 0.021652502939105034 0.060759566724300385
0.42625948786735535 0.015242356806993484 0.072541706264019012
0.54072213172912598 -0.039985634386539459 0.070213504135608673
0.40448811650276184 0.044149130582809448 0.047738220542669296
0.47432571649551392 0.0067306216806173325 0.093154661357402802
0.42253401875495911 0.059911005198955536 0.10289011895656586
0.46998250484466553 -0.0073125804774463177 0.073790058493614197
0.42516937851905823 0.056818325072526932 0.10585077106952667
0.3913247287273407 0.046523667871952057 0.071177840232849121
0.52230238914489746 -0.027583474293351173 0.087894715368747711
0.52876627445220947 -0.014238166622817516 0.046348787844181061
0.50198280811309814 0.013604613952338696 0.029307272285223007
0.41435426473617554 0.058014862239360809 0.10064427554607391
0.43093210458755493 0.0120655233040452 0.076231122016906738
0.50115549564361572 -0.033601511269807816 0.068900443613529205
0.52417701482772827 -0.0037856237031519413 0.047239605337381363
0.52948558330535889 -0.034276843070983887 0.087744966149330139
0.45437809824943542 0.092236928641796112 0.078058578073978424
0.45983427762985229 0.010401759296655655 0.085978932678699493
0.44719919562339783 -5.5521268222946674e-05 0.050441253930330276
0.46867015957832336 0.076663635671138763 0.083233661949634552
0.5397908091545105 -0.037318896502256393 0.082901805639266968
0.50433504581451416 -0.013827006332576275 0.032811559736728668
0.47957479953765869 -0.03063618391752243 0.065485328435897827
0.47387212514877319 0.0017196288099512458 0.09085720032453537
0.48372548818588257 0.024730054661631584 0.028369132429361343
0.49699580669403076 -0.013100405223667622 0.03210102766752243
0.50242400169372559 -0.0053415014408528805 0.10669901967048645
0.53377187252044678 0.012553167529404163 0.066293627023696899
0.51132082939147949 0.04300549253821373 0.069313369691371918
0.46017876267433167 0.058859866112470627 0.099880732595920563
0.50689703226089478 0.045252483338117599 0.077002532780170441
0.46458595991134644 0.084147900342941284 0.057240206748247147
0.5183829665184021 0.033982332795858383 0.054356783628463745
0.54769259691238403 -0.021872794255614281 0.086219869554042816
0.52416181564331055 -0.030679142102599144 0.050952747464179993
0.53624570369720459 -0.044950835406780243 0.066360220313072205
0.43124175071716309 0.088256843388080597 0.049456063657999039
0.49902322888374329 -0.017328029498457909 0.037332575768232346
0.42301878333091736 0.035440050065517426 0.09329155832529068
0.52430790662765503 -0.010101453401148319 0.046420443803071976
0.52139407396316528 -0.023050464689731598 0.042756520211696625
0.5388718843460083 -0.02933904156088829 0.049826856702566147
0.39926949143409729 0.041745621711015701 0.080165326595306396
0.45189940929412842 0.093528531491756439 0.062043376266956329
0.46215975284576416 0.08097434788942337 0.080775231122970581
0.5462263822555542 -0.033898182213306427 0.048827927559614182
0.45571625232696533 0.090433970093727112 0.053634602576494217
0.50454795360565186 -0.026325590908527374 0.087950043380260468
0.55226790904998779 -0.027191568166017532 0.061954591423273087
0.44077473878860474 0.01008395291864872 0.077599100768566132
0.42882004380226135 0.020137976855039597 0.082956209778785706
0.42195737361907959 0.066407248377799988 0.029931534081697464
0.41409662365913391 0.073747254908084869 0.076674424111843109
0.52192050218582153 -0.020026115700602531 0.048341520130634308
0.41520702838897705 0.024490030482411385 0.070099592208862305
0.49945631623268127 0.045081008225679398 0.049243837594985962
0.53063750267028809 -0.051160208880901337 0.077881224453449249
0.50781583786010742 -0.014344590716063976 0.031180029734969139
0.41566932201385498 0.052489884197711945 0.034469712525606155
0.45347723364830017 0.087843045592308044 0.082407832145690918
0.53022891283035278 -0.0020667682401835918 0.050612732768058777
0.46911531686782837 0.070012874901294708 0.046221118420362473
0.53965151309967041 -0.041175514459609985 0.06577029824256897
0.54589200019836426 -0.01793181337416172 0.055373344570398331
0.48064449429512024 0.067520871758460999 0.061636686325073242
0.54567414522171021 -0.02517264150083065 0.049404539167881012
0.41859912872314453 0.074271589517593384 0.093975789844989777
0.49032878875732422 0.061978802084922791 0.065081782639026642
0.44756600260734558 0.015797948464751244 0.035932380706071854
0.42698130011558533 0.079338081181049347 0.1025184839963913
0.44840243458747864 0.0059571107849478722 0.068275988101959229
0.47545126080513 0.0015328968875110149 0.095704652369022369
0.54633605480194092 -0.038256615400314331 0.04724300280213356
0.4795842170715332 0.012993771582841873 0.027054283767938614
0.53033292293548584 0.022042015567421913 0.061390262097120285
0.50888490676879883 0.032055135816335678 0.044099874794483185
0.54284793138504028 -0.01354777067899704 0.079324468970298767
0.40725573897361755 0.056206941604614258 0.097256757318973541
0.41580691933631897 0.07566167414188385 0.10362620651721954
0.42944836616516113 0.015395134687423706 0.05100269615650177
0.54673993587493896 -0.037803690880537033 0.05486607551574707
0.4345727264881134 0.013891519978642464 0.079172044992446899
0.51139229536056519 -0.023033132776618004 0.088924430310726166
0.54140323400497437 -0.023967962712049484 0.046932540833950043
0.41917523741722107 0.029234971851110458 0.045855112373828888
0.47961479425430298 0.052708335220813751 0.096812210977077484
0.45553988218307495 -0.0011735178995877504 0.063644647598266602
0.50823122262954712 0.026881273835897446 0.039472281932830811
0.43478119373321533 0.090045802295207977 0.03494403138756752
0.4791543185710907 -0.023865165188908577 0.048639245331287384
0.50685709714889526 -0.014714752323925495 0.039899788796901703
0.39611896872520447 0.049402184784412384 0.088702857494354248
0.4986928403377533 0.04124857485294342 0.089486449956893921
0.47351673245429993 0.0042701964266598225 0.099400885403156281
0.50658023357391357 0.038326334208250046 0.048811018466949463
0.51633560657501221 0.035574309527873993 0.070384740829467773
0.53358578681945801 -0.010529119521379471 0.076946496963500977
0.45026904344558716 0.087287940084934235 0.046508945524692535
0.42421784996986389 0.084941275417804718 0.037991002202033997
0.48540419340133667 -0.016397865489125252 0.098708927631378174
0.52018892765045166 -0.035358808934688568 0.055576968938112259
0.53343993425369263 0.0094648627564311028 0.049215678125619888
0.49195221066474915 0.053666777908802032 0.086113587021827698
0.50830584764480591 0.041603755205869675 0.057931706309318542
0.55203580856323242 -0.024981586262583733 0.081977389752864838
0.55083012580871582 -0.016630932688713074 0.072849512100219727
0.52438175678253174 -0.026514094322919846 0.04215177521109581
0.44037860631942749 0.1028716191649437 0.059280168265104294
0.55712562799453735 -0.026281241327524185 0.067816048860549927
0.49784478545188904 0.04222903773188591 0.044303454458713531
0.4736093282699585 0.0010271407663822174 0.085573524236679077
0.53341895341873169 0.0033378505613654852 0.058850716799497604
0.41251081228256226 0.034917134791612625 0.050475951284170151
0.49803996086120605 0.054934103041887283 0.06326591968536377
0.43205192685127258 0.087998323142528534 0.031711436808109283
0.45486053824424744 0.0014096508966758847 0.04476957768201828
0.53548300266265869 -0.0078810825943946838 0.06760946661233902
0.46891686320304871 0.078530780971050262 0.065086670219898224
0.44116854667663574 0.069250255823135376 0.028443910181522369
0.48707163333892822 0.049664057791233063 0.094595886766910553
0.50007671117782593 0.026241393759846687 0.032686717808246613
0.53438156843185425 -0.034611139446496964 0.088584423065185547
0.53704535961151123 0.01197450328618288 0.06901918351650238
0.50884896516799927 0.016745664179325104 0.034376457333564758
0.44539833068847656 0.075168676674365997 0.034837741404771805
0.48596453666687012 0.015847450122237206 0.10617223381996155
0.43737819790840149 0.084344960749149323 0.033266123384237289
0.44695597887039185 0.024790914729237556 0.099281445145606995
0.50755405426025391 0.010061044245958328 0.031808618456125259
0.43012073636054993 0.083645276725292206 0.10066933184862137
0.47159749269485474 0.039062552154064178 0.031007518991827965
0.47587582468986511 0.066352598369121552 0.088715165853500366
0.53802907466888428 -0.047440212219953537 0.084667444229125977
0.48699262738227844 -0.030976932495832443 0.079391829669475555
0.5317569375038147 -0.05440274253487587 0.07115095853805542
0.44980058073997498 0.072631143033504486 0.10043122619390488
0.4042283296585083 0.062798768281936646 0.064212985336780548
0.47976472973823547 0.052904300391674042 0.039687797427177429
0.49722430109977722 0.039218120276927948 0.041197706013917923
0.44003742933273315 0.099155314266681671 0.08773224800825119
0.40764963626861572 0.055062931030988693 0.036651600152254105
0.51813286542892456 -0.038683116436004639 0.06991344690322876
0.43933379650115967 0.027916500344872475 0.097605340182781219
0.44059032201766968 0.098643176257610321 0.082447513937950134
0.43816766142845154 0.067046277225017548 0.10291856527328491
0.46928805112838745 -0.018866574391722679 0.047655094414949417
0.42481133341789246 0.085618764162063599 0.066674135625362396
0.45487889647483826 0.084752321243286133 0.085022509098052979
0.4379885196685791 0.074966944754123688 0.10349655151367188
0.49564501643180847 0.051673687994480133 0.079019121825695038
0.54220461845397949 -0.004681282676756382 0.063686378300189972
0.51250088214874268 0.0098096886649727821 0.033043380826711655
0.49210721254348755 0.0016283990116789937 0.10556672513484955
0.45200902223587036 0.062045484781265259 0.029074810445308685
0.43514779210090637 0.092613145709037781 0.087659336626529694
0.47094583511352539 0.077468030154705048 0.078531160950660706
0.42103886604309082 0.076963894069194794 0.075797781348228455
0.39943581819534302 0.049935169517993927 0.091030493378639221
0.5529860258102417 -0.027306817471981049 0.052668042480945587
0.54189139604568481 -0.038702227175235748 0.051373288035392761
0.46294379234313965 -0.016648368909955025 0.064183518290519714
0.42946252226829529 0.01471154298633337 0.069862067699432373
0.50028532743453979 -0.03808160126209259 0.059110946953296661
0.41133272647857666 0.047316748648881912 0.036601416766643524
0.48534899950027466 0.062945269048213959 0.060113508254289627
0.50665766000747681 0.046902909874916077 0.071584708988666534
0.50430828332901001 -0.032875940203666687 0.060496069490909576
0.43401071429252625 0.023794770240783691 0.038643881678581238
0.51275277137756348 0.038612645119428635 0.071637511253356934
0.45381927490234375 0.049583476036787033 0.10337449610233307
0.41495481133460999 0.061912477016448975 0.029076604172587395
0.49553173780441284 0.028357516974210739 0.10274873673915863
0.53276699781417847 0.021728474646806717 0.056793235242366791
0.43264201283454895 0.089812964200973511 0.054994039237499237
0.45766133069992065 0.061887472867965698 0.033936865627765656
0.44564393162727356 0.01531441044062376 0.089459806680679321
0.51429593563079834 -0.03986193984746933 0.079953990876674652
0.42792809009552002 0.021901791915297508 0.045217514038085938
0.45247247815132141 0.039094947278499603 0.10361304134130478
0.4916720986366272 0.010139561258256435 0.10376067459583282
0.45287522673606873 0.062634088099002838 0.10084249079227448
0.49574485421180725 0.0078694773837924004 0.10614872723817825
0.40279644727706909 0.061196096241474152 0.041775166988372803
0.47744312882423401 0.0061752987094223499 0.031487893313169479
0.46674835681915283 0.042680542916059494 0.030867457389831543
0.4850085973739624 -0.0011434318730607629 0.10197950154542923
0.45260560512542725 0.037929333746433258 0.030007606372237206
0.52192723751068115 0.032086770981550217 0.054228831082582474
0.5507318377494812 -0.033375896513462067 0.058346111327409744
0.52461737394332886 0.027455255389213562 0.073736041784286499
0.48255553841590881 0.047183774411678314 0.098642230033874512
0.55370485782623291 -0.020639752969145775 0.052697945386171341
0.53564494848251343 -0.045614823698997498 0.069242678582668304
0.43060392141342163 0.063541688024997711 0.10579923540353775
0.52189147472381592 -0.049981575459241867 0.075589172542095184
0.46132141351699829 0.083474747836589813 0.04840300977230072
0.44416210055351257 0.10143282264471054 0.078197963535785675
0.46524503827095032 0.013245278969407082 0.098356910049915314
0.47782507538795471 -0.011022171936929226 0.03568137064576149
0.50184887647628784 0.03525254875421524 0.096419177949428558
0.48517149686813354 0.015969488769769669 0.1037578359246254
0.44905486702919006 0.011608290486037731 0.036423347890377045
0.48150843381881714 0.0059294714592397213 0.10489281266927719
0.46704202890396118 -0.0069804033264517784 0.04237760603427887
0.54101318120956421 -0.0042955880053341389 0.058992959558963776
0.43564659357070923 0.080919854342937469 0.033619962632656097
0.42009902000427246 0.057397488504648209 0.10436230897903442
0.46213021874427795 -0.016231238842010498 0.060824025422334671
0.48643648624420166 0.061508860439062119 0.075080312788486481
0.50016844272613525 0.021729787811636925 0.10029605776071548
0.45379233360290527 0.016800642013549805 0.10197130590677261
0.42535400390625 0.055633984506130219 0.1025884822010994
0.53313422203063965 -0.013043376617133617 0.079435959458351135
0.52408349514007568 -0.038841173052787781 0.087910033762454987
0.49402722716331482 -0.033915963023900986 0.069920651614665985
0.42358464002609253 0.065119504928588867 0.10359300673007965
0.41561675071716309 0.038031958043575287 0.093097001314163208
0.47793063521385193 -0.026978468522429466 0.048094816505908966
0.48886260390281677 0.061312969774007797 0.080620899796485901
0.44243437051773071 0.089964166283607483 0.091272488236427307
0.4656517505645752 0.052939463406801224 0.033300850540399551
0.47120147943496704 -0.00050734198885038495 0.078921489417552948
0.53040266036987305 -0.036230619996786118 0.086381345987319946
0.41222473978996277 0.071649819612503052 0.044006954878568649
0.5255206823348999 -0.013973106630146503 0.047929909080266953
0.39475998282432556 0.045843467116355896 0.066108815371990204
0.51889175176620483 0.031632769852876663 0.082818686962127686
0.50281006097793579 0.046909742057323456 0.059025455266237259
0.4140268862247467 0.069190338253974915 0.075708411633968353
0.44909238815307617 0.057704456150531769 0.030698392540216446
0.46645328402519226 0.033673379570245743 0.1067296639084816
0.4320513904094696 0.089180812239646912 0.08815930038690567
0.44676965475082397 0.0025922302156686783 0.065015606582164764
0.47950178384780884 0.036447890102863312 0.028886513784527779
0.53711307048797607 -0.047023545950651169 0.049532998353242874
0.40074640512466431 0.038817789405584335 0.058678843080997467
0.44831496477127075 0.051361259073019028 0.10642588883638382
0.51640832424163818 -0.032217852771282196 0.085182450711727142
0.45053151249885559 0.081503443419933319 0.092218481004238129
0.53193551301956177 -0.015031268820166588 0.045801226049661636
0.4519522488117218 0.012384864501655102 0.09341035783290863
0.43352755904197693 0.052286453545093536 0.10322902351617813
0.51766961812973022 -0.036166273057460785 0.051269181072711945
0.52372539043426514 -0.031652804464101791 0.087043941020965576
0.53328102827072144 -0.019974242895841599 0.050857216119766235
0.47939753532409668 -0.029020208865404129 0.057835794985294342
0.51877099275588989 -0.024669181555509567 0.089028216898441315
0.5367504358291626 -0.044382639229297638 0.079037994146347046
0.5297163724899292 0.0052342517301440239 0.042295850813388824
0.4904535710811615 0.020650887861847878 0.10281680524349213
0.51539057493209839 0.0041290991939604282 0.029910262674093246
0.55214530229568481 -0.018756326287984848 0.063091687858104706
0.48902580142021179 -0.020125759765505791 0.095911718904972076
0.53263789415359497 -0.036769293248653412 0.083162479102611542
0.40963631868362427 0.047425523400306702 0.040296263992786407
0.53090041875839233 0.020362921059131622 0.07196103036403656
0.45814818143844604 0.060451868921518326 0.10329028218984604
0.41340529918670654 0.068497493863105774 0.070203661918640137
0.47036033868789673 -0.022042904049158096 0.079524338245391846
0.41110357642173767 0.036660283803939819 0.045679554343223572
0.45153462886810303 0.0062679462134838104 0.043020542711019516
0.53208839893341064 0.007721401285380125 0.0794081911444664
0.497630774974823 0.055199015885591507 0.057308968156576157
0.46636974811553955 -0.011792981065809727 0.070951566100120544
0.43176478147506714 0.026081705465912819 0.092195503413677216
0.47333717346191406 0.045225866138935089 0.10279037058353424
0.48051059246063232 0.016942692920565605 0.029808305203914642
0.42803668975830078 0.014826684258878231 0.0800471231341362
0.51670998334884644 -0.045161712914705276 0.057208288460969925
0.41612127423286438 0.048025142401456833 0.036349710077047348
0.52118164300918579 -0.037770818918943405 0.050388861447572708
0.5262904167175293 -0.0012438974808901548 0.08944971114397049
0.45984402298927307 0.03771417960524559 0.10376788675785065
0.49878841638565063 0.010527435690164566 0.030375773087143898
0.55095583200454712 -0.030812574550509453 0.084180980920791626
0.5512319803237915 -0.026072120293974876 0.07748422771692276
0.4189201295375824 0.051765408366918564 0.033607553690671921
0.53697168827056885 -0.014611069113016129 0.082746945321559906
0.5317007303237915 -0.051289398223161697 0.067173756659030914
0.49082976579666138 0.00050873903091996908 0.028022807091474533
0.5417444109916687 -0.037482041865587234 0.048604719340801239
0.46971416473388672 0.054098058491945267 0.098305068910121918
0.53416955471038818 0.0029022074304521084 0.063368409872055054
0.44065356254577637 0.066039286553859711 0.10579311847686768
0.50965166091918945 -0.032741427421569824 0.061740763485431671
0.45509526133537292 0.012764842249453068 0.080036565661430359
0.51535207033157349 -0.031179232522845268 0.055741779506206512
0.5137212872505188 0.0020406844560056925 0.033886779099702835
0.50418126583099365 0.030992353335022926 0.093808539211750031
0.4143831729888916 0.070502988994121552 0.027917958796024323
0.46136140823364258 0.081812910735607147 0.087294407188892365
0.45038995146751404 0.097117781639099121 0.055372338742017746
0.50039666891098022 0.0013470685807988048 0.10379286110401154
0.49431675672531128 -0.02595805935561657 0.090444087982177734
0.4422067403793335 0.036155790090560913 0.028754511848092079
0.4853840172290802 0.064337871968746185 0.053077038377523422
0.42683833837509155 0.038098536431789398 0.097042754292488098
0.44512978196144104 0.0989360511302948 0.083828799426555634
0.39451673626899719 0.042952921241521835 0.0592990443110466
0.53359967470169067 -0.037996593862771988 0.08791825920343399
0.48347824811935425 0.015648622065782547 0.027673888951539993
0.51081031560897827 -0.042193703353404999 0.07110016793012619
0.51584500074386597 -0.034340206533670425 0.047659073024988174
0.47346332669258118 0.045310534536838531 0.030436033383011818
0.54016995429992676 -0.0058825314044952393 0.07518971711397171
0.50102639198303223 0.0042327451519668102 0.10364510864019394
0.51464235782623291 0.027792582288384438 0.088579945266246796
0.44543525576591492 0.097011685371398926 0.078882411122322083
0.48053932189941406 0.043486401438713074 0.034864857792854309
0.43601161241531372 0.047972217202186584 0.030596405267715454
0.44083800911903381 0.09889732301235199 0.052461985498666763
0.54030448198318481 -0.039247047156095505 0.091681264340877533
0.51429343223571777 0.0220931526273489 0.097365021705627441
0.48216447234153748 -0.010348758660256863 0.032597731798887253
0.47002610564231873 0.066586814820766449 0.089959554374217987
0.52375286817550659 -0.030610429123044014 0.046088747680187225
0.4091833233833313 0.068312890827655792 0.095033265650272369
0.50460159778594971 0.043850410729646683 0.083878658711910248
0.5347486138343811 -0.046247962862253189 0.088290750980377197
0.47350484132766724 0.0060152015648782253 0.084649629890918732
0.42632564902305603 0.064429834485054016 0.10670451074838638
0.53226041793823242 -0.05384724959731102 0.067238472402095795
0.4511016309261322 0.021194286644458771 0.034216925501823425
0.5306975245475769 0.025086086243391037 0.07233729213476181
0.52850061655044556 0.023153476417064667 0.050802271813154221
0.50120186805725098 -0.031845647841691971 0.055550169199705124
0.50185221433639526 -0.00059489172417670488 0.10598131269216537
0.4477422833442688 -0.0038290629163384438 0.056893087923526764
0.4513816237449646 0.065832041203975677 0.10023090988397598
0.53286570310592651 -0.048436406999826431 0.055142145603895187
0.4661020040512085 -0.010525145567953587 0.041592169553041458
0.51100432872772217 0.039656050503253937 0.052365686744451523
0.52856874465942383 -0.046723693609237671 0.07340715080499649
0.54847162961959839 -0.027078559622168541 0.088174879550933838
0.47875967621803284 0.057298269122838974 0.094208933413028717
0.49381482601165771 -0.030224522575736046 0.089627936482429504
0.48390522599220276 -0.030383935198187828 0.087383128702640533
0.54301989078521729 -0.037448562681674957 0.055212680250406265
0.4442162811756134 0.10243264585733414 0.058490075170993805
0.41207224130630493 0.06703563779592514 0.093648247420787811
0.47240334749221802 0.070194758474826813 0.087475791573524475
0.47584757208824158 -0.0067258002236485481 0.089112237095832825
0.52381283044815063 -0.048009216785430908 0.069350689649581909
0.53353792428970337 -0.052422948181629181 0.07902449369430542
0.51873141527175903 -0.044343944638967514 0.079379014670848846
0.46822065114974976 0.082225576043128967 0.070580430328845978
0.45428174734115601 0.027157064527273178 0.10523446649312973
0.54971295595169067 -0.011060303077101707 0.06208449974656105
0.47683548927307129 0.00060821324586868286 0.08884747326374054
0.4225405752658844 0.078643836081027985 0.098028123378753662
0.50275170803070068 0.04396149143576622 0.052089784294366837
0.41510933637619019 0.034998252987861633 0.047229640185832977
0.47903949022293091 -0.029726868495345116 0.080250874161720276
0.41710799932479858 0.026385931298136711 0.080700963735580444
0.43181532621383667 0.045930556952953339 0.10172025114297867
0.50393843650817871 -0.010567725636065006 0.034145910292863846
0.52862334251403809 -0.019281955435872078 0.08367263525724411
0.4479529857635498 0.027997026219964027 0.10297860205173492
0.53605091571807861 -0.024939518421888351 0.09068625420331955
0.49366259574890137 0.0060123899020254612 0.10589345544576645
0.50181311368942261 -0.025105983018875122 0.090830527245998383
0.53909701108932495 -0.023179082199931145 0.048255804926156998
0.49404853582382202 0.0084879696369171143 0.027799269184470177
0.5048668384552002 0.047586776316165924 0.079103253781795502
0.54667770862579346 -0.017547143623232841 0.084481284022331238
0.40189802646636963 0.051283825188875198 0.042775057256221771
0.49089649319648743 -0.029480928555130959 0.08441954106092453
0.50250452756881714 0.051190543919801712 0.066892854869365692
0.44469866156578064 0.042624782770872116 0.027214054018259048
0.45752343535423279 0.071043521165847778 0.095116168260574341
0.41103649139404297 0.031662289053201675 0.061523448675870895
0.41791912913322449 0.059475809335708618 0.10196352750062943
0.5124778151512146 0.026752712205052376 0.091338828206062317
0.44999969005584717 0.00096880277851596475 0.050693456083536148
0.44489103555679321 0.095468886196613312 0.050920408219099045
0.41067114472389221 0.065477974712848663 0.087176799774169922
0.52060502767562866 0.010114375501871109 0.10047665238380432
0.49928140640258789 0.03149283304810524 0.034651651978492737
0.51253324747085571 -0.036517415195703506 0.079803518950939178
0.47570475935935974 0.074499979615211487 0.055946167558431625
0.46392256021499634 0.051205836236476898 0.032264016568660736
0.45101088285446167 0.079833850264549255 0.09595036506652832
0.50783121585845947 0.035000164061784744 0.087440259754657745
0.40423253178596497 0.058334589004516602 0.079032987356185913
0.46719783544540405 0.082882151007652283 0.06595669686794281
0.44555425643920898 -0.00063873239560052752 0.058872010558843613
0.52310335636138916 -0.020187091082334518 0.089044004678726196
0.4916999340057373 0.057574890553951263 0.053099535405635834
0.47985580563545227 0.017911754548549652 0.026798324659466743
0.52869701385498047 -0.018756747245788574 0.045492421835660934
0.53242850303649902 -0.044574186205863953 0.045389357954263687
0.43593782186508179 0.045027576386928558 0.10492262989282608
0.47704464197158813 0.074335493147373199 0.07038222998380661
0.46819961071014404 0.075808867812156677 0.080238573253154755
0.49473991990089417 -0.027933841571211815 0.045832138508558273
0.4940757155418396 0.047632664442062378 0.087188482284545898
0.44258567690849304 0.0032425704412162304 0.063066333532333374
0.47369521856307983 -0.027211546897888184 0.074081443250179291
0.53383928537368774 0.013550960458815098 0.052491918206214905
0.47719117999076843 -0.022473340854048729 0.045178063213825226
0.54272472858428955 -0.034618400037288666 0.045096755027770996
0.53099560737609863 -0.054833974689245224 0.055785182863473892
0.43042123317718506 0.018595580011606216 0.05073261633515358
0.5357433557510376 -0.011568223126232624 0.075934462249279022
0.44916588068008423 0.0039176070131361485 0.042364776134490967
0.51877343654632568 -0.0035592929925769567 0.09697442501783371
0.43213513493537903 0.089262478053569794 0.071781642735004425
0.42394700646400452 0.047052759677171707 0.099847488105297089
0.44511720538139343 0.012901037931442261 0.077239990234375
0.42277771234512329 0.078888915479183197 0.07188909500837326
0.53819817304611206 -0.017177501693367958 0.087990090250968933
0.43055036664009094 0.059869151562452316 0.027807107195258141
0.50333362817764282 0.015188154764473438 0.032153110951185226
0.52777159214019775 -0.030337031930685043 0.05001039057970047
0.43133988976478577 0.092868052423000336 0.083854518830776215
0.39631855487823486 0.049550391733646393 0.063242353498935699
0.50294953584671021 0.0046067680232226849 0.027843089774250984
0.55621933937072754 -0.016430607065558434 0.064788222312927246
0.49284461140632629 0.033248409628868103 0.032885055989027023
0.41088232398033142 0.027475025504827499 0.069806955754756927
0.42607498168945312 0.019908124580979347 0.077926971018314362
0.41382133960723877 0.045698892325162888 0.09463462233543396
0.45285695791244507 0.0110826026648283 0.082450106739997864
0.52280104160308838 -0.043946076184511185 0.049420591443777084
0.41587990522384644 0.071253448724746704 0.088674783706665039
0.42391985654830933 0.080145202577114105 0.057365290820598602
0.53121966123580933 -0.046037085354328156 0.076161608099937439
0.41969916224479675 0.022151974961161613 0.079612426459789276
0.52548402547836304 -0.049205020070075989 0.057679720222949982
0.48832255601882935 0.061049576848745346 0.053946353495121002
0.43478122353553772 0.078161768615245819 0.029219841584563255
0.53181231021881104 -0.028657834976911545 0.046029925346374512
0.52659088373184204 0.011765351518988609 0.039589423686265945
0.5304943323135376 -0.055809888988733292 0.060291808098554611
0.40298309922218323 0.046268656849861145 0.086687266826629639
0.50975686311721802 0.036839321255683899 0.050780288875102997
0.47932425141334534 0.030281910672783852 0.10288117080926895
0.43448111414909363 0.019840672612190247 0.092123605310916901
0.47697862982749939 0.018193280324339867 0.10671258717775345
0.4294910728931427 0.068414285778999329 0.10362482815980911
0.55354541540145874 -0.015864498913288116 0.073830567300319672
0.44021716713905334 0.01699879951775074 0.094984598457813263
0.3990841805934906 0.040650542825460434 0.056538600474596024
0.45442980527877808 0.08457966148853302 0.042617391794919968
0.4349311888217926 0.096841752529144287 0.072693623602390289
0.47859516739845276 0.013600879348814487 0.10565866529941559
0.45957723259925842 -0.0094799874350428581 0.060564868152141571
0.39828845858573914 0.0447075255215168 0.056251607835292816
0.45895266532897949 0.038538873195648193 0.029787080362439156
0.50268632173538208 -0.003168049268424511 0.027779223397374153
0.42011648416519165 0.075929388403892517 0.058263279497623444
0.4699435830116272 -0.0023628859780728817 0.037374436855316162
0.47139924764633179 -0.00056786177447065711 0.033335980027914047
0.51384830474853516 -0.045352388173341751 0.065124250948429108
0.42674714326858521 0.083307921886444092 0.099020332098007202
0.49944645166397095 0.02994542196393013 0.099792778491973877
0.46474108099937439 0.015019793063402176 0.02997533418238163
0.52448838949203491 0.02379608154296875 0.046452701091766357
0.44713696837425232 0.098227702081203461 0.06700587272644043
0.44888713955879211 0.012469581328332424 0.075349748134613037
0.50711923837661743 0.042322337627410889 0.07664778083562851
0.49153977632522583 -0.030289947986602783 0.050623118877410889
0.55456548929214478 -0.028702162206172943 0.048772130161523819
0.45530992746353149 0.00018922651361208409 0.042207639664411545
0.40958318114280701 0.067553915083408356 0.029556196182966232
0.48302587866783142 0.061476502567529678 0.081944562494754791
0.46616554260253906 0.077586792409420013 0.053186714649200439
0.50291013717651367 0.027083242312073708 0.096891030669212341
0.5083422064781189 -0.026270300149917603 0.047575872391462326
0.43772158026695251 0.055350925773382187 0.10578888654708862
0.4094427227973938 0.034643538296222687 0.056263864040374756
0.51739931106567383 0.01031946949660778 0.10107944905757904
0.51806855201721191 -0.045177116990089417 0.066013827919960022
0.50723737478256226 0.033010542392730713 0.040459383279085159
0.50431162118911743 -0.030782971531152725 0.089700177311897278
0.4909767210483551 0.029589666053652763 0.10043191909790039
0.40392974019050598 0.062459629029035568 0.052270568907260895
0.45749121904373169 0.016335364431142807 0.101980060338974
0.46167698502540588 -0.0027483892627060413 0.063189372420310974
0.51161295175552368 0.036133214831352234 0.045836739242076874
0.48412886261940002 0.042694278061389923 0.033060207962989807
0.4224725067615509 0.083026431500911713 0.067385658621788025
0.44595858454704285 0.052480783313512802 0.02984212152659893
0.39654672145843506 0.045269247144460678 0.052031617611646652
0.46883848309516907 0.046797916293144226 0.1012798547744751
0.47243613004684448 -0.0060202972963452339 0.034407377243041992
0.51458406448364258 -0.045008525252342224 0.069998249411582947
0.50738048553466797 -0.019335947930812836 0.04020165279507637
0.51325064897537231 -0.018702242523431778 0.092001080513000488
0.53078955411911011 -0.0064940745942294598 0.052448749542236328
0.4423639178276062 0.095533236861228943 0.047835197299718857
0.5315324068069458 -0.044260326772928238 0.048577461391687393
0.49690115451812744 -0.022320862859487534 0.034954413771629333
0.45608848333358765 0.0074734883382916451 0.068252027034759521
0.40894243121147156 0.068008571863174438 0.040355309844017029
0.51610106229782104 0.012824775651097298 0.10047187656164169
0.53002327680587769 -0.043087903410196304 0.04582572728395462
0.44070947170257568 0.095128476619720459 0.091270379722118378
0.46707534790039062 0.054729867726564407 0.034483682364225388
0.542519211769104 -0.042462088167667389 0.085232295095920563
0.46336695551872253 -0.013932269066572189 0.056723136454820633
0.47802713513374329 -0.031217344105243683 0.076323039829730988
0.42296263575553894 0.083293318748474121 0.02984178438782692
0.45789778232574463 0.051802054047584534 0.10246340930461884
0.44386062026023865 0.0037019741721451283 0.056015770882368088
0.46367824077606201 0.023526312783360481 0.028448948636651039
0.51756978034973145 -0.033936526626348495 0.086823433637619019
0.41983634233474731 0.034514300525188446 0.094723686575889587
0.44957470893859863 0.003520195372402668 0.047714944928884506
0.49067604541778564 0.035251930356025696 0.035287000238895416
0.42715311050415039 0.037810593843460083 0.099512189626693726
0.44006657600402832 0.088029094040393829 0.039200916886329651
0.41845282912254333 0.078567765653133392 0.063794247806072235
0.554970383644104 -0.023863764479756355 0.065591298043727875
0.42873618006706238 0.085481122136116028 0.05232301726937294
0.43350082635879517 0.066222891211509705 0.027184203267097473
0.43889501690864563 0.096755951642990112 0.070990920066833496
0.52962362766265869 0.019459675997495651 0.0789080411195755
0.42561697959899902 0.027075372636318207 0.091441050171852112
0.51206415891647339 -0.039482485502958298 0.069935746490955353
0.39242002367973328 0.048511557281017303 0.079706549644470215
0.4901488721370697 -0.03607415035367012 0.074415139853954315
0.55607420206069946 -0.017076386138796806 0.068560905754566193
0.47859346866607666 -0.013720539398491383 0.089704476296901703
0.54990357160568237 -0.028295949101448059 0.08534587174654007
0.54971587657928467 -0.034487821161746979 0.079402610659599304
0.467042475938797 0.064498819410800934 0.09669988602399826
0.52490365505218506 -0.018352780491113663 0.038663230836391449
0.43612062931060791 0.093675822019577026 0.064488805830478668
0.52013552188873291 0.020244823768734932 0.042597383260726929
0.43542546033859253 0.0097094783559441566 0.074096933007240295
0.53506338596343994 -0.020556893199682236 0.08715251088142395
0.51616942882537842 0.037768896669149399 0.05679258331656456
0.45287641882896423 0.012053200043737888 0.073922261595726013
0.47873973846435547 0.065476611256599426 0.081717193126678467
0.4693734347820282 -0.021926730871200562 0.055386222898960114
0.499712735414505 -0.033228620886802673 0.072896063327789307
0.52543127536773682 -0.044402491301298141 0.072398126125335693
0.41667261719703674 0.025035656988620758 0.056853644549846649
0.46246618032455444 0.054090674966573715 0.10081307590007782
0.44113901257514954 0.094368353486061096 0.045249480754137039
0.47587397694587708 -0.030920883640646935 0.061610646545886993
0.47321441769599915 0.052338443696498871 0.033478077501058578
0.42227238416671753 0.017476489767432213 0.062178414314985275
0.53368127346038818 0.0075508425943553448 0.061050035059452057
0.54849940538406372 -0.028908886015415192 0.044792279601097107
0.43991187214851379 0.041441917419433594 0.10507301986217499
0.43203037977218628 0.033454600721597672 0.099645175039768219
0.48821908235549927 0.063677258789539337 0.06293785572052002
0.50032228231430054 0.0019261337583884597 0.029822899028658867
0.53059041500091553 0.013116799294948578 0.052421431988477707
0.45616242289543152 0.062874682247638702 0.031520288437604904
0.5188414454460144 -0.020709535107016563 0.040007825940847397
0.47516405582427979 0.0010236655361950397 0.081526130437850952
0.39826685190200806 0.039083622395992279 0.062564395368099213
0.54743528366088867 -0.032536428421735764 0.080454722046852112
0.54958069324493408 -0.030175261199474335 0.055141471326351166
0.41271823644638062 0.034049857407808304 0.081976376473903656
0.42871382832527161 0.029564449563622475 0.04079107940196991
0.4417472779750824 0.076413832604885101 0.10287970304489136
0.40127775073051453 0.041411649435758591 0.057893704622983932
0.49567028880119324 -0.0067624873481690884 0.030793823301792145
0.53587424755096436 -0.0098224794492125511 0.086270883679389954
0.52509063482284546 0.020062845200300217 0.046870358288288116
0.51009267568588257 0.0015502774622291327 0.030698394402861595
0.48121881484985352 -0.013075624592602253 0.037683874368667603
0.49928852915763855 0.028796009719371796 0.03256567195057869
0.46355748176574707 -0.011516427621245384 0.06476198136806488
0.52064979076385498 0.026464328169822693 0.049971863627433777
0.47667863965034485 0.051606986671686172 0.10007773339748383
0.5216107964515686 -0.031029952690005302 0.043538361787796021
0.53300100564956665 -0.026406962424516678 0.091144680976867676
0.53273516893386841 -0.041360907256603241 0.04690219834446907
0.40081620216369629 0.043755095452070236 0.085060328245162964
0.53546923398971558 -0.05030084028840065 0.051210023462772369
0.55716276168823242 -0.023385496810078621 0.052503239363431931
0.53956836462020874 -0.045747898519039154 0.063912428915500641
0.40154367685317993 0.051006261259317398 0.090198084712028503
0.43369311094284058 0.045119557529687881 0.031591027975082397
0.50227290391921997 -0.010667992755770683 0.10204640030860901
0.53798156976699829 -0.0099163763225078583 0.055636122822761536
0.43226107954978943 0.089384108781814575 0.045366808772087097
0.51155334711074829 -0.035060152411460876 0.057845544070005417
0.4173738956451416 0.056806083768606186 0.10433579236268997
0.52069300413131714 0.030186953023076057 0.076370887458324432
0.43184453248977661 0.085055544972419739 0.09962790459394455
0.47085478901863098 0.024957602843642235 0.027621978893876076
0.44842836260795593 0.088913634419441223 0.092108987271785736
0.48286816477775574 -0.03514411672949791 0.069975182414054871
0.54472082853317261 -0.019646387547254562 0.081473715603351593
0.51868695020675659 0.023055167868733406 0.089654162526130676
0.44096982479095459 0.029619444161653519 0.099041171371936798
0.47315877676010132 0.026038512587547302 0.10581707209348679
0.45032238960266113 0.01654452458024025 0.034196868538856506
0.47152075171470642 0.06928601861000061 0.047915883362293243
0.50645923614501953 -0.021023055538535118 0.045684985816478729
0.54182595014572144 -0.015025662258267403 0.047881610691547394
0.52828681468963623 0.028852934017777443 0.063126944005489349
0.53031772375106812 -0.053167205303907394 0.051620565354824066
0.51971173286437988 0.023401349782943726 0.040388945490121841
0.4389527440071106 0.096806801855564117 0.051685307174921036
0.52418810129165649 -0.028693171218037605 0.083273075520992279
0.54385852813720703 -0.0099155297502875328 0.071596436202526093
0.55303466320037842 -0.020347096025943756 0.080983087420463562
0.53197067975997925 -0.025329921394586563 0.088722579181194305
0.47895675897598267 0.023760367184877396 0.10585391521453857
0.39242354035377502 0.047748852521181107 0.05388801172375679
0.48616290092468262 -0.031548522412776947 0.047911010682582855
0.55305927991867065 -0.021981885656714439 0.055201679468154907
0.53373253345489502 -0.0095479032024741173 0.088483452796936035
0.41223874688148499 0.071659870445728302 0.035957358777523041
0.52456796169281006 -0.022357514128088951 0.084201522171497345
0.50119215250015259 0.035427775233983994 0.041042942553758621
0.53158354759216309 -0.048560086637735367 0.057257276028394699
0.40457829833030701 0.058707877993583679 0.064301811158657074
0.43849897384643555 0.10079732537269592 0.073149830102920532
0.4743710458278656 -0.015066817402839661 0.081772610545158386
0.53609347343444824 -0.045126672834157944 0.055947620421648026
0.45813870429992676 0.087598368525505066 0.052281785756349564
0.53449106216430664 0.019219063222408295 0.071531347930431366
0.50774389505386353 -0.019166426733136177 0.094784349203109741
0.54015988111495972 -0.0069656516425311565 0.07892155647277832
0.43484798073768616 0.019689248874783516 0.041198793798685074
0.4470684826374054 0.038485504686832428 0.10301648825407028
0.47574418783187866 0.070220202207565308 0.050212040543556213
0.48089000582695007 -0.031124703586101532 0.060521189123392105
0.41474243998527527 0.074442848563194275 0.046798776835203171
0.4388405978679657 0.063905432820320129 0.10534755885601044
0.41612514853477478 0.0759853795170784 0.060968123376369476
0.52002531290054321 -0.04507610946893692 0.059096824377775192
0.43439209461212158 0.062746539711952209 0.029829159379005432
0.53520023822784424 -0.00801099743694067 0.063578806817531586
0.46149230003356934 0.054784324020147324 0.032670389860868454
0.48700201511383057 0.064573220908641815 0.076884731650352478
0.52772831916809082 0.028561919927597046 0.069414079189300537
0.55056518316268921 -0.013258525170385838 0.073448702692985535
0.48865318298339844 0.05845259502530098 0.055591944605112076
0.49967643618583679 0.019672701135277748 0.032494440674781799
0.47270295023918152 0.011137800291180611 0.028208183124661446
0.41879481077194214 0.041625451296567917 0.098744437098503113
0.52416324615478516 -0.0063530304469168186 0.096539348363876343
0.48860499262809753 0.014565654098987579 0.10574474930763245
0.52277630567550659 0.018543882295489311 0.090402983129024506
0.53736060857772827 0.0067465784959495068 0.057001717388629913
0.47531834244728088 -0.018399473279714584 0.089870437979698181
0.43700334429740906 0.046261291950941086 0.027741117402911186
0.516154944896698 0.035303603857755661 0.072873935103416443
0.53310948610305786 0.0084221195429563522 0.075535133481025696
0.52859419584274292 -0.047437265515327454 0.079340606927871704
0.41000449657440186 0.030626077204942703 0.058151155710220337
0.52741128206253052 0.020158784464001656 0.049720495939254761
0.49289089441299438 0.028736399486660957 0.031135685741901398
0.46593934297561646 -0.013622159138321877 0.068528972566127777
0.41575959324836731 0.062126405537128448 0.10426308214664459
0.46317225694656372 0.0074316412210464478 0.077818065881729126
0.40190735459327698 0.036509763449430466 0.069488994777202606
0.40029424428939819 0.041834037750959396 0.074092917144298553
0.47856178879737854 -0.0057611549273133278 0.08993963897228241
0.52841824293136597 0.0070216660387814045 0.087637878954410553
0.4824657142162323 0.066261708736419678 0.064339920878410339
0.43940442800521851 0.011336534284055233 0.072688214480876923
0.44210141897201538 0.038467347621917725 0.031373202800750732
0.51426643133163452 -0.038615070283412933 0.052363108843564987
0.47743043303489685 0.064089179039001465 0.044312801212072372
0.45543950796127319 0.065894193947315216 0.032411124557256699
0.52386832237243652 -0.049537688493728638 0.061469323933124542
0.42158877849578857 0.02473914623260498 0.048323925584554672
0.53021818399429321 -0.051609329879283905 0.057583875954151154
0.53543806076049805 -0.038920894265174866 0.045580241829156876
0.48832988739013672 0.014718366786837578 0.029884187504649162
0.49165156483650208 -0.0064932974055409431 0.10428441315889359
0.42819255590438843 0.048581130802631378 0.1047375276684761
0.52910721302032471 -0.022837905213236809 0.087521538138389587
0.46869105100631714 0.013190219178795815 0.10396461933851242
0.45882561802864075 0.063735798001289368 0.035153727978467941
0.52240616083145142 0.019008098170161247 0.043321423232555389
0.44450953602790833 0.10059827566146851 0.066501975059509277
0.46779993176460266 0.079466663300991058 0.06946275383234024
0.47456854581832886 0.061167199164628983 0.042412538081407547
0.53091007471084595 -0.018916230648756027 0.0431969054043293
0.43514996767044067 0.018692018464207649 0.088293217122554779
0.45406028628349304 0.0083231804892420769 0.036167353391647339
0.43066665530204773 0.091011956334114075 0.099566735327243805
0.48355486989021301 -0.028261506929993629 0.09006500244140625
0.54042553901672363 -0.044804062694311142 0.054467819631099701
0.50766724348068237 -0.037730410695075989 0.071791492402553558
0.5593077540397644 -0.019145609810948372 0.067972712218761444
0.54359787702560425 -0.015750229358673096 0.07885095477104187
0.5557674765586853 -0.027782987803220749 0.073615528643131256
0.43617382645606995 0.098231203854084015 0.090071439743041992
0.4359595775604248 0.026118706911802292 0.038653213530778885
0.50440013408660889 -0.027458762750029564 0.047320686280727386
0.44510167837142944 0.02917935699224472 0.10254479199647903
0.54564690589904785 -0.039003796875476837 0.071881912648677826
0.52415812015533447 -0.036141585558652878 0.080136708915233612
0.43700700998306274 0.094665594398975372 0.07494141161441803
0.52169102430343628 -0.045584242790937424 0.060645915567874908
0.46706894040107727 0.012818405404686928 0.032184425741434097
0.48674976825714111 -0.001268380437977612 0.031287100166082382
0.45902067422866821 0.01243183296173811 0.080573901534080505
0.52271980047225952 -0.0015611803391948342 0.09386395663022995
0.47236534953117371 -0.022354032844305038 0.076672092080116272
0.43470883369445801 0.074347406625747681 0.028987228870391846
0.43297484517097473 0.037312667816877365 0.034300908446311951
0.40805181860923767 0.062546223402023315 0.046119004487991333
0.43137550354003906 0.010110672563314438 0.064949370920658112
0.48985666036605835 0.016030700877308846 0.027926797047257423
0.45797199010848999 0.081383906304836273 0.047759667038917542
0.46448856592178345 0.081896618008613586 0.060639489442110062
0.4988953173160553 -0.033647924661636353 0.063645616173744202
0.47489601373672485 0.07084270566701889 0.078003697097301483
0.42961099743843079 0.015825442969799042 0.082030072808265686
0.54797053337097168 -0.036438528448343277 0.056235767900943756
0.44335201382637024 0.093544289469718933 0.086988106369972229
0.52133196592330933 -0.039847373962402344 0.04826117679476738
0.51420450210571289 0.024499105289578438 0.041692689061164856
0.53150522708892822 -0.03479946032166481 0.083397865295410156
0.53016394376754761 -0.049399502575397491 0.06122271716594696
0.54340195655822754 -0.021268891170620918 0.048887964338064194
0.43739232420921326 0.030501754954457283 0.10083530843257904
0.40530312061309814 0.064002566039562225 0.082222342491149902
0.52201074361801147 -0.0088573098182678223 0.030084116384387016
0.43099525570869446 0.087991230189800262 0.060674227774143219
0.51992034912109375 -0.030077379196882248 0.084851682186126709
0.48859855532646179 0.04071049764752388 0.037086121737957001
0.52270388603210449 -0.035352088510990143 0.083683386445045471
0.4409143328666687 0.053642187267541885 0.027449818328022957
0.4089120626449585 0.029473574832081795 0.062622241675853729
0.52852553129196167 0.022412633523344994 0.055452983826398849
0.4937388002872467 -0.021395659074187279 0.033809870481491089
0.43260669708251953 0.069441206753253937 0.1032867431640625
0.45406490564346313 0.015139883384108543 0.093927823007106781
0.4179210364818573 0.034573953598737717 0.088623873889446259
0.45357254147529602 0.032482482492923737 0.028318654745817184
0.56001263856887817 -0.021135129034519196 0.062770545482635498
0.40019658207893372 0.058349158614873886 0.093513078987598419
0.52414977550506592 -0.038179028779268265 0.078693747520446777
0.40872308611869812 0.036672145128250122 0.053280998021364212
0.49657905101776123 0.052461050450801849 0.081975884735584259
0.42106744647026062 0.062644258141517639 0.027616001665592194
0.46574777364730835 -0.010311477817595005 0.046822533011436462
0.45902231335639954 0.064465820789337158 0.10036852210760117
0.44038832187652588 0.0064628338441252708 0.056974098086357117
0.42979985475540161 0.074760004878044128 0.10288452357053757
0.47811630368232727 0.027279980480670929 0.10342934727668762
0.45024967193603516 0.087602384388446808 0.086658120155334473
0.48182195425033569 0.066202655434608459 0.082988940179347992
0.46545785665512085 0.011385777033865452 0.092809773981571198
0.51079410314559937 0.031417779624462128 0.045166667550802231
0.43605101108551025 0.0051998058333992958 0.065263383090496063
0.53272485733032227 -0.019444053992629051 0.047638971358537674
0.55655354261398315 -0.026924125850200653 0.055166404694318771
0.43881553411483765 0.088623963296413422 0.097415193915367126
0.45668819546699524 0.019143370911478996 0.033112358301877975
0.53864413499832153 -0.0031457699369639158 0.060832306742668152
0.43551632761955261 0.021401306614279747 0.094498805701732635
0.54184365272521973 -0.012815912254154682 0.083325989544391632
0.47312361001968384 -0.012461358681321144 0.038034986704587936
0.51556003093719482 -0.041314221918582916 0.066507495939731598
0.42390760779380798 0.034649904817342758 0.096086122095584869
0.49593967199325562 0.036857388913631439 0.034871425479650497
0.3993394672870636 0.057363014668226242 0.040776416659355164
0.54616242647171021 -0.019379712641239166 0.07948516309261322
0.51038366556167603 0.015798954293131828 0.032200463116168976
0.49365842342376709 0.047554552555084229 0.042146801948547363
0.45443817973136902 0.095234021544456482 0.062754571437835693
0.49927899241447449 0.050244104117155075 0.0811929851770401
0.55560839176177979 -0.022544052451848984 0.05828104168176651
0.54001224040985107 -0.0452466681599617 0.077393777668476105
0.52086222171783447 -0.044545087963342667 0.082174107432365417
0.470589280128479 -0.017127452418208122 0.0815858393907547
0.46880978345870972 -0.018746493384242058 0.055886931717395782
0.51686924695968628 0.037788998335599899 0.070953831076622009
0.51130610704421997 -0.0068166875280439854 0.036934737116098404
0.5072903037071228 -0.014814374037086964 0.098281331360340118
0.40442535281181335 0.058540694415569305 0.067811600863933563
0.4146711528301239 0.074375100433826447 0.063356079161167145
0.54257702827453613 -0.010380608960986137 0.069121949374675751
0.45195534825325012 -0.005579768680036068 0.055099241435527802
0.44101262092590332 0.036458328366279602 0.1014128178358078
0.53836089372634888 -0.020575109869241714 0.086199730634689331
0.43103358149528503 0.055592279881238937 0.10608368366956711
0.45931181311607361 0.080897599458694458 0.08872782438993454
0.44553077220916748 0.039060566574335098 0.10535049438476562
0.48593345284461975 -0.034947492182254791 0.075737647712230682
0.47740167379379272 -0.00526408851146698 0.086516857147216797
0.51239138841629028 -0.036692656576633453 0.053478650748729706
0.5481264591217041 -0.024344105273485184 0.055998567491769791
0.52238309383392334 -0.043824914842844009 0.077089570462703705
0.51669174432754517 0.03490162268280983 0.082543909549713135
0.44653612375259399 0.005612214095890522 0.04317818209528923
0.39886078238487244 0.048868328332901001 0.044384021311998367
0.41667440533638 0.072099886834621429 0.038311947137117386
0.51585298776626587 0.027528420090675354 0.042405515909194946
0.40642505884170532 0.06075780838727951 0.06814507395029068
0.41351661086082458 0.068633705377578735 0.08896811306476593
0.40775513648986816 0.04693865031003952 0.039017263799905777
0.52544879913330078 -0.039031125605106354 0.050683874636888504
0.4669501781463623 0.032178670167922974 0.027759037911891937
0.54071235656738281 -0.0026599515695124865 0.066620044410228729
0.41693201661109924 0.033245019614696503 0.086166143417358398
0.54693806171417236 -0.037567935883998871 0.078460045158863068
0.46285268664360046 0.083965525031089783 0.069000564515590668
0.53247004747390747 -0.044715248048305511 0.083818502724170685
0.39657941460609436 0.053100313991308212 0.090925015509128571
0.43587011098861694 0.093774355947971344 0.037314578890800476
0.39957201480865479 0.053174149245023727 0.088149532675743103
0.46262910962104797 0.085607126355171204 0.076476745307445526
0.5165562629699707 -0.042096495628356934 0.052819203585386276
0.53583812713623047 0.014012614265084267 0.059966471046209335
0.40644776821136475 0.065275520086288452 0.088083691895008087
0.4401819109916687 0.088661156594753265 0.093810945749282837
0.55242562294006348 -0.025907782837748528 0.086569555103778839
0.44919323921203613 0.00018218635523226112 0.058132171630859375
0.52022719383239746 0.031961407512426376 0.071153685450553894
0.5233919620513916 0.0057468735612928867 0.097938172519207001
0.53343486785888672 0.0052634240128099918 0.047490093857049942
0.41045761108398438 0.065057173371315002 0.10155346989631653
0.4457848072052002 0.10317883640527725 0.062385570257902145
0.49343645572662354 -0.0089065385982394218 0.031661361455917358
0.46950775384902954 0.033414449542760849 0.10357432067394257
0.53508108854293823 -0.011518030427396297 0.083957076072692871
0.43048712611198425 0.04509357362985611 0.10335364937782288
0.50900053977966309 -0.017562942579388618 0.043869845569133759
0.43254351615905762 0.087760850787162781 0.10060622543096542
0.4311983585357666 0.092688940465450287 0.051250427961349487
0.40474656224250793 0.05256517231464386 0.096591182053089142
0.48593875765800476 -0.0058131362311542034 0.030461236834526062
0.42288309335708618 0.083496503531932831 0.089224629104137421
0.41431102156639099 0.073972530663013458 0.058457877486944199
0.4643951952457428 -0.0021197623573243618 0.036645848304033279
0.46488237380981445 0.0039094351232051849 0.07463228702545166
0.41154411435127258 0.033809661865234375 0.086686141788959503
0.4610828161239624 0.0018689081771299243 0.065675646066665649
0.45061540603637695 0.03137577697634697 0.029124608263373375
0.39504462480545044 0.045474398881196976 0.07899022102355957
0.54314684867858887 -0.023627214133739471 0.044952087104320526
0.39914020895957947 0.039358038455247879 0.070381157100200653
0.48401501774787903 0.010910480283200741 0.027871731668710709
0.46855717897415161 0.069852598011493683 0.091423675417900085
0.52149635553359985 0.011965002864599228 0.095271304249763489
0.46017080545425415 0.012433930300176144 0.089335285127162933
0.48087763786315918 -0.0099635180085897446 0.099611431360244751
0.43381676077842712 0.016896408051252365 0.048788394778966904
0.52053934335708618 -0.027665210887789726 0.045554175972938538
0.42049747705459595 0.02184872142970562 0.056143350899219513
0.44639891386032104 0.064697697758674622 0.10188958048820496
0.47461417317390442 -0.022261025384068489 0.081206068396568298
0.54130160808563232 -0.043831620365381241 0.056347355246543884
0.41097518801689148 0.0702948197722435 0.088387094438076019
0.528522789478302 -0.0032410486601293087 0.085641555488109589
0.52577513456344604 -0.03376765176653862 0.047772854566574097
0.47722244262695312 0.054388269782066345 0.03913937509059906
0.47007176280021667 0.076819218695163727 0.060478083789348602
0.48493480682373047 0.055764254182577133 0.042757302522659302
0.5198742151260376 -0.046920355409383774 0.078569523990154266
0.39879143238067627 0.043535985052585602 0.051656752824783325
0.50296854972839355 0.014764053747057915 0.10427363216876984
0.52874314785003662 -0.048574533313512802 0.068019084632396698
0.51224994659423828 0.014378685504198074 0.098927311599254608
0.48706930875778198 -0.014161479659378529 0.032929819077253342
0.46415829658508301 0.033320285379886627 0.10377037525177002
0.53575050830841064 -0.049972925335168839 0.074875667691230774
0.54929584264755249 -0.031584274023771286 0.051959298551082611
0.45781511068344116 0.034104872494935989 0.10662437975406647
0.51550334692001343 -0.028593288734555244 0.091053470969200134
0.54510623216629028 -0.022729147225618362 0.050427798181772232
0.55565005540847778 -0.023442039266228676 0.062118623405694962
0.49336910247802734 0.01187557727098465 0.10660956799983978
0.46810108423233032 -0.0090527283027768135 0.069543763995170593
0.41678920388221741 0.022196955978870392 0.069555953145027161
0.4715210497379303 0.078155539929866791 0.055631376802921295
0.44288808107376099 0.01228229608386755 0.088748574256896973
0.52689987421035767 -0.027873916551470757 0.045259587466716766
0.49549910426139832 0.056309804320335388 0.074561767280101776
0.48149552941322327 0.06547875702381134 0.057030685245990753
0.46069619059562683 0.0042451447807252407 0.035775434225797653
0.48431181907653809 0.060804348438978195 0.05243198573589325
0.4675520658493042 -0.018890229985117912 0.052430950105190277
0.46325403451919556 0.037111107259988785 0.02685198187828064
0.5120232105255127 0.0056540565565228462 0.10505121201276779
0.43745243549346924 0.071115568280220032 0.10226708650588989
0.49736937880516052 -0.02541952021420002 0.095654740929603577
0.40780240297317505 0.066779427230358124 0.091271847486495972
0.47252646088600159 0.057012390345335007 0.095432117581367493
0.48628562688827515 0.060016456991434097 0.084447704255580902
0.51648056507110596 -0.047066081315279007 0.066698789596557617
0.5359196662902832 -0.046854864805936813 0.053578689694404602
0.42339730262756348 0.079559929668903351 0.048625007271766663
0.40345299243927002 0.057479400187730789 0.092263385653495789
0.41366118192672729 0.030880831182003021 0.056155603379011154
0.5290837287902832 -0.048864439129829407 0.054853938519954681
0.43901899456977844 0.050204165279865265 0.027468781918287277
0.52181899547576904 -0.051999054849147797 0.06681755930185318
0.53455352783203125 -0.0051805530674755573 0.063508927822113037
0.46658784151077271 0.065577574074268341 0.0402325838804245
0.40777668356895447 0.054853823035955429 0.1002282127737999
0.42120477557182312 0.081633992493152618 0.086413629353046417
0.53776872158050537 -0.033841278403997421 0.04943736270070076
0.48438549041748047 0.024410611018538475 0.10561972111463547
0.40006217360496521 0.058189127594232559 0.07735724002122879
0.40251502394676208 0.05544063076376915 0.094317793846130371
0.45741957426071167 0.010149297304451466 0.036690264940261841
0.53412431478500366 -0.026959378272294998 0.084064498543739319
0.48107650876045227 0.037722419947385788 0.1006874218583107
0.55074018239974976 -0.015422716736793518 0.077390506863594055
0.49519991874694824 -0.01144133135676384 0.10170993953943253
0.46554660797119141 0.018665736541152 0.1024676188826561
0.43969160318374634 0.030023656785488129 0.031869731843471527
0.48748359084129333 0.034985780715942383 0.030856691300868988
0.42465314269065857 0.064965292811393738 0.027744833379983902
0.4258955717086792 0.047080151736736298 0.033045507967472076
0.46102192997932434 0.089730903506278992 0.065564967691898346
0.53092098236083984 0.020124591886997223 0.049778465181589127
0.43999794125556946 0.092803686857223511 0.090717867016792297
0.52377808094024658 -0.0038422760553658009 0.043344907462596893
0.48745861649513245 -0.032153628766536713 0.075594060122966766
0.5343782901763916 -0.030341994017362595 0.044824760407209396
0.45344769954681396 0.02315676212310791 0.03275734931230545
0.51703870296478271 -0.0063272984698414803 0.028306350111961365
0.51134788990020752 0.01635136641561985 0.10079313069581985
0.48773878812789917 -0.034051552414894104 0.080198176205158234
0.53543597459793091 -0.045840583741664886 0.077936500310897827
0.44170302152633667 0.071828365325927734 0.10110414773225784
0.53635102510452271 -0.0060277483426034451 0.052599228918552399
0.52027440071105957 -0.049712348729372025 0.059410728514194489
0.48973345756530762 0.0024894431699067354 0.1064085066318512
0.509429931640625 0.0379643514752388 0.045670196413993835
0.47512680292129517 0.0042915646918118 0.088175952434539795
0.41967296600341797 0.075468502938747406 0.10345757752656937
0.41665992140769958 0.076582744717597961 0.067599453032016754
0.4351450502872467 0.014495967887341976 0.081323154270648956
0.54788506031036377 -0.015086782164871693 0.064598977565765381
0.39581269025802612 0.053471043705940247 0.066947661340236664
0.53904157876968384 -0.0049108890816569328 0.068071670830249786
0.45003467798233032 0.080540619790554047 0.036822598427534103
0.42128017544746399 0.044438131153583527 0.10035089403390884
0.49161916971206665 0.053733736276626587 0.051630746573209763
0.46078991889953613 0.085745073854923248 0.063711106777191162
0.53101933002471924 0.015156824141740799 0.078491091728210449
0.41240498423576355 0.028277914971113205 0.075253680348396301
0.40250700712203979 0.060898151248693466 0.075425662100315094
0.44478750228881836 0.046011831611394882 0.10360726714134216
0.5489078164100647 -0.035391204059123993 0.068326234817504883
0.45038250088691711 0.018926138058304787 0.033083826303482056
0.48703587055206299 0.058312613517045975 0.04752499982714653
0.51065355539321899 0.040933508425951004 0.06647944450378418
0.43797004222869873 0.050676055252552032 0.10555087029933929
0.53379732370376587 -0.049066796898841858 0.052318502217531204
0.52020180225372314 0.024365944787859917 0.043180607259273529
0.44475159049034119 0.03644978255033493 0.10529841482639313
0.49167618155479431 -0.017850907519459724 0.035292431712150574
0.53273510932922363 -0.05332709476351738 0.058247644454240799
0.42162278294563293 0.07759210467338562 0.047727663069963455
0.416861891746521 0.032531663775444031 0.044391825795173645
0.46568366885185242 0.079884663224220276 0.082506775856018066
0.44821876287460327 0.066589370369911194 0.030405787751078606
0.45033159852027893 0.017499392852187157 0.097128570079803467
0.40183904767036438 0.038476508110761642 0.053444765508174896
0.53604727983474731 -0.010471533983945847 0.047837719321250916
0.41833606362342834 0.07544456422328949 0.10674025863409042
0.41467496752738953 0.069884315133094788 0.039785377681255341
0.4027315080165863 0.056662902235984802 0.067792348563671112
0.43880888819694519 0.10112813115119934 0.054432108998298645
0.41749447584152222 0.073025994002819061 0.063214719295501709
0.49382346868515015 -0.022517379373311996 0.094455480575561523
0.47650378942489624 -0.0012385179288685322 0.084359191358089447
0.459299236536026 0.025732250884175301 0.10582359135150909
0.45610705018043518 0.032745994627475739 0.030213542282581329
0.5067024827003479 -0.01222836971282959 0.028155937790870667
0.48705905675888062 -0.010194236412644386 0.099768482148647308
0.41192537546157837 0.071337848901748657 0.073201358318328857
0.51277261972427368 0.041641734540462494 0.063930757343769073
0.46678191423416138 0.0038559890817850828 0.076016657054424286
0.4794524610042572 0.049654610455036163 0.099137172102928162
0.54638087749481201 -0.012669751420617104 0.061215613037347794
0.51571750640869141 -0.016218997538089752 0.092353150248527527
0.4497966468334198 0.085878938436508179 0.088940910995006561
0.41065302491188049 0.038594711571931839 0.043108642101287842
0.4809374213218689 -0.022752156481146812 0.093026593327522278
0.52008408308029175 -0.028141787275671959 0.086788967251777649
0.4566473662853241 0.05144670233130455 0.03080047108232975
0.49187701940536499 -0.0023418620694428682 0.1029849573969841
0.47045052051544189 0.028652073815464973 0.029796898365020752
0.54934799671173096 -0.024897130206227303 0.046859752386808395
0.45376667380332947 0.012599246576428413 0.077741257846355438
0.47417241334915161 0.025389529764652252 0.029802482575178146
0.47222506999969482 0.079005949199199677 0.060845036059617996
0.4378182590007782 0.069943562150001526 0.031074199825525284
0.46265503764152527 -0.012572242878377438 0.047233134508132935
0.45804363489151001 0.088375784456729889 0.065689384937286377
0.52427679300308228 -0.01878022775053978 0.090336479246616364
0.51624631881713867 -0.0026850632857531309 0.034468512982130051
0.44318488240242004 0.013279212638735771 0.079041749238967896
0.43774449825286865 0.0091027505695819855 0.074903182685375214
0.45993044972419739 0.037765838205814362 0.10640069842338562
0.52765858173370361 -0.051543943583965302 0.081434883177280426
0.53980147838592529 -0.045486181974411011 0.068758606910705566
0.51067119836807251 -0.035815663635730743 0.051996085792779922
0.43288114666938782 0.032658189535140991 0.036485888063907623
0.48464152216911316 0.033017784357070923 0.030225904658436775
0.41777646541595459 0.073323145508766174 0.040514517575502396
0.41218265891075134 0.071614876389503479 0.061175700277090073
0.49757719039916992 0.015117792412638664 0.030930133536458015
0.54263895750045776 -0.022450864315032959 0.084375850856304169
0.45360344648361206 0.020799687132239342 0.03350897878408432
0.54452246427536011 -0.03197392076253891 0.083312638103961945
0.45118403434753418 0.045063082128763199 0.1037624254822731
0.48888131976127625 0.01740049384534359 0.10345341265201569
0.42479345202445984 0.0172698013484478 0.07544795423746109
0.46544653177261353 0.08337150514125824 0.077400684356689453
0.53117644786834717 0.014177995733916759 0.047115962952375412
0.48016366362571716 0.06654231995344162 0.076880894601345062
0.46231558918952942 0.076617427170276642 0.086786776781082153
0.51209568977355957 -0.037138022482395172 0.061591513454914093
0.44622796773910522 0.089248217642307281 0.088791169226169586
0.41161784529685974 0.071000590920448303 0.078589156270027161
0.42095232009887695 0.038718465715646744 0.036291200667619705
0.48145845532417297 0.063446067273616791 0.08100862056016922
0.51457655429840088 -0.038445215672254562 0.076180465519428253
0.44508731365203857 0.10013400018215179 0.054394211620092392
0.40219736099243164 0.056073721498250961 0.072154097259044647
0.53331667184829712 -0.0065838797017931938 0.058061178773641586
0.41365015506744385 0.068786613643169403 0.096139721572399139
0.4222012460231781 0.022132528945803642 0.059204604476690292
0.48164203763008118 0.040712419897317886 0.03141307458281517
0.39719638228416443 0.045603901147842407 0.048392947763204575
0.5189509391784668 0.034518688917160034 0.056974850594997406
0.4453481137752533 0.03693775087594986 0.10246618092060089
0.51102280616760254 -0.030824655666947365 0.056010808795690536
0.53982800245285034 -0.040147509425878525 0.088234931230545044
0.50250506401062012 0.021325986832380295 0.09966769814491272
0.42674437165260315 0.083280555903911591 0.063404716551303864
0.45541602373123169 0.088791392743587494 0.077057406306266785
0.42264372110366821 0.023846803233027458 0.07973296195268631
0.49503946304321289 0.054406434297561646 0.060962550342082977
0.52466946840286255 0.027881873771548271 0.071543969213962555
0.42576327919960022 0.018937239423394203 0.059137601405382156
0.52084612846374512 -0.042392462491989136 0.076315633952617645
0.49316942691802979 -0.020127104595303535 0.10029777884483337
0.41467306017875671 0.069922864437103271 0.099424123764038086
0.48297518491744995 0.063594333827495575 0.055633191019296646
0.55116963386535645 -0.013207246549427509 0.059583548456430435
0.46929749846458435 -0.02423986978828907 0.059406492859125137
0.4994598925113678 0.050794482231140137 0.07039710134267807
0.49690154194831848 0.036962300539016724 0.097005970776081085
0.49715572595596313 0.022474318742752075 0.032645829021930695
0.4988064169883728 0.054760288447141647 0.07410893589258194
0.4071347713470459 0.066025011241436005 0.070286273956298828
0.53866547346115112 -0.0055691595189273357 0.072613731026649475
0.44398096203804016 0.10449066013097763 0.069014601409435272
0.4459405243396759 0.026655379682779312 0.10300344973802567
0.41224879026412964 0.071685247123241425 0.056865528225898743
0.46113568544387817 0.005017389077693224 0.070560745894908905
0.44657221436500549 0.063448697328567505 0.10428569465875626
0.52617990970611572 -0.016105299815535545 0.038384944200515747
0.52845597267150879 -0.018858440220355988 0.090165182948112488
0.53535449504852295 -0.047777023166418076 0.083070151507854462
0.46510708332061768 -0.018673049286007881 0.056937515735626221
0.48135414719581604 0.031590349972248077 0.10440780967473984
0.52493005990982056 0.030377676710486412 0.07236519455909729
0.50201165676116943 0.051865573972463608 0.074125483632087708
0.48610672354698181 -0.021827515214681625 0.093062765896320343
0.52877241373062134 -0.025592081248760223 0.042420554906129837
0.55182754993438721 -0.027674267068505287 0.069993875920772552
0.46266567707061768 0.066028378903865814 0.095351330935955048
0.47871652245521545 -0.022012902423739433 0.041956689208745956
0.53866249322891235 0.0018413569778203964 0.056535061448812485
0.50990796089172363 0.020994355902075768 0.036824256181716919
0.5297163724899292 0.026542287319898605 0.069851644337177277
0.52490741014480591 -0.0039329398423433304 0.090389102697372437
0.41308671236038208 0.029404968023300171 0.0794563889503479
0.54115688800811768 -0.039499223232269287 0.07670004665851593
0.55749708414077759 -0.023853486403822899 0.064558684825897217
0.47041681408882141 0.074315853416919708 0.079255759716033936
0.50882399082183838 0.036790329962968826 0.089846253395080566
0.41222795844078064 0.063542105257511139 0.029651841148734093
0.50619536638259888 -0.0073296208865940571 0.10228455811738968
0.49352055788040161 0.032167967408895493 0.035052035003900528
0.48673960566520691 0.036866068840026855 0.034438963979482651
0.46253323554992676 0.021324560046195984 0.031113138422369957
0.51428735256195068 0.039320651441812515 0.074726372957229614
0.48329654335975647 0.06195414811372757 0.085835672914981842
0.52534025907516479 -0.033525601029396057 0.082020454108715057
0.52320384979248047 -0.04036138579249382 0.052968237549066544
0.54322206974029541 -0.0052578807808458805 0.071754768490791321
0.53982698917388916 -0.0036039252299815416 0.073524422943592072
0.51627635955810547 -0.021907743066549301 0.039181582629680634
0.48167064785957336 0.03442397341132164 0.032052051275968552
0.51025271415710449 -0.033192642033100128 0.06634066253900528
0.49699783325195312 0.040068741887807846 0.037632681429386139
0.45872378349304199 0.01052585057914257 0.033231049776077271
0.55451184511184692 -0.017113426700234413 0.058244429528713226
0.41152432560920715 0.057552531361579895 0.033929828554391861
0.53780663013458252 -0.04321766272187233 0.070320799946784973
0.39229175448417664 0.044447928667068481 0.071806319057941437
0.4680418074131012 0.015313179232180119 0.029206519946455956
0.43408167362213135 0.046573065221309662 0.10447468608617783
0.44043496251106262 0.010092915967106819 0.04582701250910759
0.46574711799621582 0.036332368850708008 0.027821531519293785
0.46533462405204773 0.060261722654104233 0.03383028507232666
0.4486994743347168 -0.00071497762110084295 0.060589436441659927
0.40850302577018738 0.033445525914430618 0.066846475005149841
0.47519457340240479 0.052269905805587769 0.036780908703804016
0.5333210825920105 0.0044260961003601551 0.075068585574626923
0.51011818647384644 0.044662918895483017 0.059898171573877335
0.47711247205734253 0.00068753416417166591 0.033134192228317261
0.44598948955535889 0.040618263185024261 0.028110044077038765
0.46401557326316833 0.0098726935684680939 0.093719974160194397
0.50250577926635742 0.050195973366498947 0.056727319955825806
0.49398913979530334 -0.0067717903293669224 0.028960905969142914
0.52602118253707886 0.012953704223036766 0.044123165309429169
0.53159600496292114 -0.038222279399633408 0.090588971972465515
0.54871922731399536 -0.011915587820112705 0.057624354958534241
0.51438027620315552 0.026483954861760139 0.093203693628311157
0.44935476779937744 0.051591601222753525 0.029977593570947647
0.55256384611129761 -0.030125342309474945 0.079497255384922028
0.50582116842269897 -0.033421140164136887 0.066317781805992126
0.49668648838996887 -0.037027917802333832 0.075905829668045044
0.55054712295532227 -0.028039978817105293 0.053402099758386612
0.5133744478225708 0.03033093549311161 0.090605676174163818
0.44367137551307678 0.059442516416311264 0.10633176565170288
0.41151565313339233 0.059973698109388351 0.1030096635222435
0.52917921543121338 -0.033282283693552017 0.043098490685224533
0.5260201096534729 -0.039951406419277191 0.046035535633563995
0.51751065254211426 -0.010476932860910892 0.094742245972156525
0.54794740676879883 -0.015966705977916718 0.081303231418132782
0.48790726065635681 0.0086235664784908295 0.10673171281814575
0.42532280087471008 0.083519645035266876 0.02867489866912365
0.4157368540763855 0.075538367033004761 0.036695022135972977
0.52552026510238647 0.023121360689401627 0.082009859383106232
0.40883570909500122 0.06344035267829895 0.08294677734375
0.50291627645492554 0.00040204147808253765 0.027800871059298515
0.52899980545043945 -0.025489147752523422 0.044822003692388535
0.43946754932403564 0.097387716174125671 0.06665656715631485
0.47946792840957642 -0.033361110836267471 0.061232853680849075
0.42767494916915894 0.014050716534256935 0.059812456369400024
0.53129386901855469 -0.022865988314151764 0.091579973697662354
0.53569811582565308 -0.025842007249593735 0.046228416264057159
0.47100025415420532 0.0086967535316944122 0.029139792546629906
0.48113787174224854 0.0012478794669732451 0.10141906142234802
0.50469744205474854 0.044255286455154419 0.077304869890213013
0.46771606802940369 0.077452279627323151 0.077700391411781311
0.5139385461807251 -0.012717416509985924 0.030829248949885368
0.46091198921203613 0.05390588566660881 0.02905198372900486
0.50773614645004272 -0.0080579156056046486 0.10483474284410477
0.42738357186317444 0.012813056819140911 0.063441462814807892
0.50574874877929688 -0.036084122955799103 0.082188673317432404
0.48384881019592285 -0.032385770231485367 0.068005003035068512
0.53790175914764404 -0.0035338052548468113 0.069657608866691589
0.43721279501914978 0.041001103818416595 0.031827744096517563
0.44771039485931396 0.013722985051572323 0.082163386046886444
0.49518817663192749 0.050382509827613831 0.051412396132946014
0.47598376870155334 0.036174044013023376 0.02877335250377655
0.41039881110191345 0.069634564220905304 0.05715256929397583
0.45495316386222839 0.080234907567501068 0.093475162982940674
0.47135168313980103 -0.010252362117171288 0.076499737799167633
0.520366370677948 0.034903332591056824 0.075605660676956177
0.50922709703445435 -0.022489342838525772 0.096664711833000183
0.45262140035629272 0.022491166368126869 0.030801098793745041
0.54095476865768433 -0.039719440042972565 0.082383967936038971
0.52412819862365723 -0.041335474699735641 0.058132894337177277
0.52027297019958496 -0.039202272891998291 0.06015724316239357
0.45625430345535278 0.0070513514801859856 0.070617020130157471
0.41586998105049133 0.071223266422748566 0.060562364757061005
0.4070524275302887 0.034799966961145401 0.068348214030265808
0.49137064814567566 0.055012915283441544 0.048536729067564011
0.45314732193946838 0.017335038632154465 0.035070724785327911
0.49325516819953918 -0.03738553449511528 0.064104028046131134
0.50239384174346924 0.039503403007984161 0.041338294744491577
0.45091953873634338 0.053688459098339081 0.027294406667351723
0.45530340075492859 0.076533116400241852 0.092725642025470734
0.43376612663269043 0.010250185616314411 0.055220130831003189
0.45014169812202454 0.03746027871966362 0.027947371825575829
0.50637626647949219 0.031616907566785812 0.094793431460857391
0.48487553000450134 0.06686757504940033 0.064607493579387665
0.42753228545188904 0.084169313311576843 0.085793733596801758
0.49303615093231201 0.026025470346212387 0.10421586036682129
0.49687227606773376 -0.036566939204931259 0.05597417801618576
0.4847588837146759 0.042140554636716843 0.097549311816692352
0.46822023391723633 -0.0056979353539645672 0.036851756274700165
0.45845454931259155 0.049049168825149536 0.028571853414177895
0.46706512570381165 -0.0070822816342115402 0.07217242568731308
0.40694180130958557 0.051785256713628769 0.036294154822826385
0.48881235718727112 0.040836282074451447 0.096307322382926941
0.44735100865364075 0.097800180315971375 0.063161157071590424
0.49508240818977356 -0.037848338484764099 0.068204551935195923
0.44623798131942749 0.042186204344034195 0.10339053720235825
0.52714008092880249 -0.0096683567389845848 0.085636958479881287
0.4053725004196167 0.057355038821697235 0.033747874200344086
0.4423413872718811 0.037454016506671906 0.10412600636482239
0.5084502100944519 -0.039639312773942947 0.068876571953296661
0.49684876203536987 0.0014725277433171868 0.10676918178796768
0.51683324575424194 -0.037834662944078445 0.065722599625587463
0.43672323226928711 0.086439967155456543 0.032991271466016769
0.42150190472602844 0.052137609571218491 0.02961021289229393
0.42189145088195801 0.028300577774643898 0.04792780801653862
0.42023751139640808 0.027650846168398857 0.082607977092266083
0.43388208746910095 0.016369519755244255 0.088147528469562531
0.43803006410598755 0.010100346989929676 0.048595238476991653
0.43471440672874451 0.029482109472155571 0.03361709788441658
0.45252352952957153 0.089703083038330078 0.052815388888120651
0.47988447546958923 -0.0065095792524516582 0.10171771794557571
0.5224689245223999 -0.0028489998076111078 0.04596279188990593
0.43835592269897461 0.084830224514007568 0.097097523510456085
0.41666984558105469 0.0766163170337677 0.10070303082466125
0.53067910671234131 -0.031680457293987274 0.091573424637317657
0.47117584943771362 0.075336724519729614 0.084007084369659424
0.49045425653457642 -0.015729388222098351 0.031400255858898163
0.50076305866241455 -0.02986481785774231 0.042909350246191025
0.49964812397956848 0.030393971130251884 0.09668847918510437
0.51945537328720093 -0.020528512075543404 0.04702332615852356
0.5250585675239563 -0.016639411449432373 0.093850739300251007
0.41379284858703613 0.06556352972984314 0.031026381999254227
0.40651670098304749 0.035164289176464081 0.081404924392700195
0.454445481300354 0.072851426899433136 0.03500095009803772
0.42669141292572021 0.087723806500434875 0.09713909775018692
0.50548797845840454 0.049352101981639862 0.070951014757156372
0.44900527596473694 0.053203299641609192 0.10344612598419189
0.53818029165267944 -0.016054790467023849 0.049155581742525101
0.45683437585830688 0.038929224014282227 0.027441712096333504
0.42190194129943848 0.04662664607167244 0.032113067805767059
0.52947580814361572 -0.0524161197245121 0.073729574680328369
0.54275548458099365 -0.018331635743379593 0.051407452672719955
0.46486815810203552 0.0076477318070828915 0.083029039204120636
0.47683507204055786 -0.0069507947191596031 0.036491762846708298
0.39903602004051208 0.044176302850246429 0.077634565532207489
0.45097440481185913 0.095208071172237396 0.081153213977813721
0.54162400960922241 -0.04346749559044838 0.066154107451438904
0.41759544610977173 0.027616711333394051 0.055473223328590393
0.50347727537155151 0.033365204930305481 0.038181349635124207
0.47165566682815552 -0.024452129378914833 0.080214552581310272
0.55136561393737793 -0.032670143991708755 0.062911659479141235
0.42551720142364502 0.029303746297955513 0.090143829584121704
0.52357304096221924 0.0171333197504282 0.039568483829498291
0.41201493144035339 0.036373626440763474 0.090127833187580109
0.42810326814651489 0.061816621571779251 0.10364924371242523
0.42921465635299683 0.086023382842540741 0.069628365337848663
0.47689202427864075 0.0037035145796835423 0.030075596645474434
0.41172653436660767 0.07112438976764679 0.083422668278217316
0.54736554622650146 -0.037103120237588882 0.065148584544658661
0.44276881217956543 0.011847445741295815 0.083689235150814056
0.53237086534500122 0.0089550074189901352 0.086519889533519745
0.53755360841751099 -0.033568058162927628 0.087219603359699249
0.48140478134155273 0.070642769336700439 0.060422610491514206
0.51514863967895508 -0.0090865762904286385 0.037337314337491989
0.50527036190032959 0.011147432029247284 0.10203671455383301
0.4623691737651825 0.008951134979724884 0.080477379262447357
0.40973618626594543 0.044808480888605118 0.04226582869887352
0.47182726860046387 -0.016386635601520538 0.077971659600734711
0.46937102079391479 0.06485430896282196 0.038670282810926437
0.47471928596496582 0.037882603704929352 0.10220906138420105
0.46120563149452209 0.081649869680404663 0.05242389440536499
0.54862046241760254 -0.020326102152466774 0.054748989641666412
0.53977119922637939 -0.012173477560281754 0.052931509912014008
0.43684801459312439 0.0069090430624783039 0.053445044904947281
0.47063058614730835 0.0030704934615641832 0.031037461012601852
0.47103485465049744 -0.02064376138150692 0.049839634448289871
0.42076161503791809 0.023814313113689423 0.057973645627498627
0.51065236330032349 -0.038053955882787704 0.078072585165500641
0.43293201923370361 0.077279336750507355 0.03173895925283432
0.51722556352615356 -0.04140869528055191 0.060298975557088852
0.54418462514877319 -0.036141976714134216 0.077711440622806549
0.53656005859375 -0.0072343526408076286 0.050540082156658173
0.54013818502426147 -0.01249841321259737 0.070201858878135681
0.45300477743148804 0.087604336440563202 0.04595092311501503
0.4167325496673584 0.034538906067609787 0.041842274367809296
0.45399782061576843 0.078408583998680115 0.038439929485321045
0.41629287600517273 0.076152756810188293 0.033703740686178207
0.50058519840240479 -0.034546740353107452 0.049831129610538483
0.52940976619720459 0.0099570034071803093 0.085137300193309784
0.4502309262752533 0.0047119925729930401 0.064253069460391998
0.46127942204475403 0.011247951537370682 0.096970498561859131
0.4942164421081543 -0.0046804198063910007 0.10601472854614258
0.51826208829879761 -0.047263894230127335 0.075610034167766571
0.51934266090393066 0.0039188363589346409 0.038920465856790543
0.44842445850372314 0.035621747374534607 0.028425188735127449
0.49452432990074158 0.016984689980745316 0.0307721346616745
0.48388087749481201 -0.031033093109726906 0.056328833103179932
0.55916768312454224 -0.022094666957855225 0.058139238506555557
0.42945060133934021 0.070787712931632996 0.027296759188175201
0.4855685830116272 0.050944365561008453 0.095711715519428253
0.44077348709106445 0.02641632966697216 0.099949590861797333
0.42047262191772461 0.023012684658169746 0.062257152050733566
0.43797570466995239 0.082312777638435364 0.032671503722667694
0.40856611728668213 0.067613951861858368 0.073449485003948212
0.49432504177093506 -0.037372071295976639 0.071799479424953461
0.5171668529510498 -0.027544582262635231 0.047267753630876541
0.46110716462135315 0.069964759051799774 0.096558555960655212
0.49877911806106567 0.01754801906645298 0.029545428231358528
0.55115211009979248 -0.01665603369474411 0.06540314108133316
0.45380511879920959 -0.0031418700236827135 0.051799699664115906
0.53053879737854004 -0.033630911260843277 0.050177313387393951
0.54253649711608887 -0.042458251118659973 0.062707111239433289
0.50200915336608887 -0.0084951305761933327 0.030987605452537537
0.48702064156532288 0.050224091857671738 0.03887774795293808
0.42595717310905457 0.069210387766361237 0.10673525184392929
0.46452122926712036 0.077296063303947449 0.083297193050384521
0.41409817337989807 0.071517892181873322 0.1059001237154007
0.52406281232833862 0.027234280481934547 0.08304353803396225
0.47274872660636902 -0.011314908973872662 0.078961089253425598
0.44484677910804749 0.088059984147548676 0.042462863028049469
0.40065121650695801 0.045978151261806488 0.049928728491067886
0.40618357062339783 0.03291594609618187 0.073362581431865692
0.54272705316543579 -0.010205008089542389 0.080349951982498169
0.53202342987060547 0.021103726699948311 0.08010149747133255
0.54899793863296509 -0.01640370674431324 0.057879343628883362
0.41773158311843872 0.043668147176504135 0.037960868328809738
0.48671180009841919 0.050573099404573441 0.042734723538160324
0.43853262066841125 0.01446619164198637 0.041463460773229599
0.44331458210945129 0.016920644789934158 0.092725746333599091
0.50579917430877686 0.049344345927238464 0.065673738718032837
0.45293104648590088 0.097002401947975159 0.065019331872463226
0.55342769622802734 -0.019471308216452599 0.067503727972507477
0.55581259727478027 -0.026553751900792122 0.062531709671020508
0.39796793460845947 0.043343815952539444 0.062082324177026749
0.46929475665092468 0.025250280275940895 0.10370434820652008
0.4618663489818573 0.05688047781586647 0.031044155359268188
0.53321486711502075 -0.048310402780771255 0.066895194351673126
0.41743123531341553 0.077426664531230927 0.051240768283605576
0.55363088846206665 -0.030164303258061409 0.054936069995164871
0.53151345252990723 -0.050672277808189392 0.049342643469572067
0.47361963987350464 0.008260013535618782 0.096549145877361298
0.53858381509780884 -0.035822808742523193 0.087584026157855988
0.44012069702148438 0.012080933898687363 0.08685728907585144
0.52485626935958862 0.010072451084852219 0.096253491938114166
0.40618997812271118 0.050469681620597839 0.095970377326011658
0.53568285703659058 -0.037992622703313828 0.08722880482673645
0.53827530145645142 -0.019554926082491875 0.084258913993835449
0.42536941170692444 0.029414087533950806 0.043411467224359512
0.44152411818504333 0.10317247360944748 0.055290453135967255
0.45874935388565063 0.0098443226888775826 0.077939651906490326
0.51668250560760498 -0.029920993372797966 0.088642820715904236
0.44323328137397766 0.067624382674694061 0.10186993330717087
0.40478846430778503 0.063439249992370605 0.092826209962368011
0.48308670520782471 -0.032648522406816483 0.081623844802379608
0.45292371511459351 0.05808548629283905 0.029219402000308037
0.46071892976760864 0.032992027699947357 0.027574021369218826
0.52959179878234863 -0.041951075196266174 0.050243191421031952
0.40229657292366028 0.06066136434674263 0.070285484194755554
0.45146960020065308 0.08183133602142334 0.042258985340595245
0.45219051837921143 0.094772525131702423 0.076623506844043732
0.53794270753860474 -0.0093856118619441986 0.0774955153465271
0.51846641302108765 0.0018927438650280237 0.034469921141862869
0.43053692579269409 0.074485525488853455 0.028593946248292923
0.41732224822044373 0.039232484996318817 0.038359180092811584
0.4853653609752655 0.055056296288967133 0.087653644382953644
0.46176153421401978 -0.011474027298390865 0.058154884725809097
0.54649573564529419 -0.013353805057704449 0.068984299898147583
0.52884560823440552 -0.021268492564558983 0.046097688376903534
0.55068069696426392 -0.027489995583891869 0.088184252381324768
0.52056831121444702 0.030425222590565681 0.083819285035133362
0.53560471534729004 -0.022481450811028481 0.047102265059947968
0.42128700017929077 0.081703461706638336 0.05459204688668251
0.52962261438369751 -0.020668454468250275 0.08723730593919754
0.46705964207649231 0.073063723742961884 0.091229148209095001
0.51426130533218384 0.0071770069189369678 0.10090810805559158
0.46896374225616455 -0.014108780771493912 0.076792106032371521
0.51676523685455322 -0.022284625098109245 0.035370923578739166
0.47168919444084167 0.062346108257770538 0.038377288728952408
0.52340048551559448 0.015554669313132763 0.041245568543672562
0.54272729158401489 -0.042236350476741791 0.078009016811847687
0.45639267563819885 0.083536267280578613 0.048698920756578445
0.4891924262046814 0.031529322266578674 0.10032258927822113
0.44770833849906921 0.010051417164504528 0.04272320494055748
0.52794134616851807 -0.052303500473499298 0.064446359872817993
0.55854165554046631 -0.019455969333648682 0.063907578587532043
0.4902006983757019 -0.036798983812332153 0.068456932902336121
0.44984561204910278 0.022914271801710129 0.031692780554294586
0.4838491678237915 -8.2901628047693521e-05 0.031611334532499313
0.41330274939537048 0.072851695120334625 0.053973250091075897
0.51321214437484741 -0.042357567697763443 0.076274074614048004
0.44514906406402588 0.09237273782491684 0.091646075248718262
0.53203320503234863 -0.035098414868116379 0.090974681079387665
0.49047690629959106 0.034538887441158295 0.098698943853378296
0.4702751636505127 0.040340203791856766 0.10477287322282791
0.41353550553321838 0.073100641369819641 0.040642611682415009
0.44207501411437988 0.0023311648983508348 0.056301511824131012
0.50954794883728027 -0.031790595501661301 0.05806250125169754
0.53583413362503052 -0.015286694280803204 0.085005827248096466
0.52959251403808594 0.016558215022087097 0.081296928226947784
0.43379047513008118 0.066458441317081451 0.10348518937826157
0.48061180114746094 0.050080802291631699 0.03564056009054184
0.40668666362762451 0.060223154723644257 0.10215076059103012
0.51302230358123779 -0.02736813947558403 0.050697512924671173
0.45251113176345825 0.04633500799536705 0.029838014394044876
0.41343000531196594 0.073003925383090973 0.070316791534423828
0.40128040313720703 0.036075450479984283 0.064672090113162994
0.44281145930290222 0.0043245283886790276 0.06623346358537674
0.49943658709526062 -0.012728544883430004 0.028510941192507744
0.4628756046295166 0.0076074562966823578 0.087028130888938904
0.43089577555656433 0.080868370831012726 0.029907982796430588
0.45919853448867798 -0.00051168934442102909 0.039845142513513565
0.47975388169288635 0.026702146977186203 0.030238676816225052
0.52473080158233643 0.019986884668469429 0.04272957518696785
0.47226175665855408 0.015893459320068359 0.030525203794240952
0.48131102323532104 -0.032693151384592056 0.052820403128862381
0.44141858816146851 0.0075238673016428947 0.046023771166801453
0.51309990882873535 -0.032346688210964203 0.074121400713920593
0.43836206197738647 0.012851262465119362 0.085356548428535461
0.52771788835525513 0.0205122921615839 0.082950085401535034
0.53719395399093628 -0.023076454177498817 0.043307408690452576
0.52720290422439575 -0.0024692474398761988 0.087812662124633789
0.51748180389404297 -0.033812124282121658 0.056410655379295349
0.51468771696090698 -0.034924600273370743 0.078620575368404388
0.55169218778610229 -0.022536911070346832 0.078297264873981476
0.40424624085426331 0.050677690654993057 0.041516739875078201
0.45255106687545776 0.046485636383295059 0.10575234889984131
0.53594595193862915 -0.022486988455057144 0.090866386890411377
0.42260551452636719 0.08317141979932785 0.063753776252269745
0.4488486647605896 0.096679277718067169 0.06583983451128006
0.5302196741104126 0.022821273654699326 0.070963166654109955
0.39515909552574158 0.05274026095867157 0.057834766805171967
0.40658783912658691 0.044905759394168854 0.092021740972995758
0.4697001576423645 0.079999454319477081 0.060400649905204773
0.42229390144348145 0.075029470026493073 0.10361197590827942
0.482627272605896 -0.021739162504673004 0.043005697429180145
0.41704833507537842 0.041994635015726089 0.094098888337612152
0.43915066123008728 0.018369503319263458 0.042206335812807083
0.49330586194992065 0.029724856838583946 0.099624820053577423
0.45002433657646179 0.012220387347042561 0.091255813837051392
0.49599534273147583 0.056467495858669281 0.061697646975517273
0.40759548544883728 0.058237940073013306 0.098379038274288177
0.51773327589035034 0.028477219864726067 0.043459698557853699
0.54390078783035278 -0.011959705501794815 0.062670707702636719
0.43263867497444153 0.094314783811569214 0.093973070383071899
0.46080684661865234 0.016102481633424759 0.10393106937408447
0.51908230781555176 -0.011696637608110905 0.098392866551876068
0.46062669157981873 0.074211239814758301 0.09071706235408783
0.47679385542869568 0.015666056424379349 0.10351776331663132
0.46588236093521118 -0.012241622433066368 0.04909113422036171
0.4188942015171051 0.048417046666145325 0.098556846380233765
0.55842947959899902 -0.02216801792383194 0.077093087136745453
0.53573864698410034 0.01232215017080307 0.057187929749488831
0.41073104739189148 0.034331716597080231 0.049146566540002823
0.43591344356536865 0.092916674911975861 0.096472233533859253
0.52111190557479858 0.014809246174991131 0.03917534276843071
0.54272383451461792 -0.012181086465716362 0.051550816744565964
0.46886953711509705 0.064488239586353302 0.040953129529953003
0.4456612765789032 0.011964797042310238 0.042662497609853745
0.55089074373245239 -0.033190615475177765 0.071667134761810303
0.39799085259437561 0.042948368936777115 0.065567322075366974
0.40683123469352722 0.061227612197399139 0.096781469881534576
0.4664461612701416 0.062119252979755402 0.034125983715057373
0.47316673398017883 -0.0083136633038520813 0.036549404263496399
0.4140038788318634 0.047717548906803131 0.037553764879703522
0.44696450233459473 0.10114913433790207 0.058325871825218201
0.45416465401649475 0.039804134517908096 0.027770595625042915
0.52453804016113281 0.018245698884129524 0.041168566793203354
0.41948249936103821 0.075212158262729645 0.037154078483581543
0.49771472811698914 0.028626974672079086 0.10157646238803864
0.48704847693443298 -0.024264320731163025 0.0949520543217659
0.48182392120361328 0.061909586191177368 0.050575915724039078
0.51471966505050659 -0.030372306704521179 0.04968179389834404
0.43094474077224731 0.092425324022769928 0.077001787722110748
0.48438787460327148 0.067288123071193695 0.069173552095890045
0.51069051027297974 0.03697546198964119 0.085844799876213074
0.47217011451721191 -0.017417535185813904 0.084094956517219543
0.48631209135055542 -0.020011616870760918 0.097462654113769531
0.43002840876579285 0.028200790286064148 0.036779530346393585
0.51105266809463501 -0.0023815853055566549 0.033814422786235809
0.43313628435134888 0.079857878386974335 0.032499708235263824
0.55393564701080322 -0.028385285288095474 0.085878781974315643
0.45626929402351379 0.056351978331804276 0.10391544550657272
0.51026153564453125 -0.01148337684571743 0.10238894075155258
0.43775516748428345 0.012511773966252804 0.076257631182670593
0.4589686393737793 0.081726506352424622 0.084141857922077179
0.53046315908432007 0.01177089661359787 0.08227095752954483
0.49187234044075012 0.057626839727163315 0.063079588115215302
0.51207506656646729 0.020925713703036308 0.095710784196853638
0.54499083757400513 -0.030838880687952042 0.051776308566331863
0.51787352561950684 -0.019320880994200706 0.088564611971378326
0.48443379998207092 -0.0032785169314593077 0.029818400740623474
0.45641511678695679 0.054310198873281479 0.031327363103628159
0.47515213489532471 7.1483875217381865e-05 0.091459788382053375
0.40372306108474731 0.034405287355184555 0.060334887355566025
0.4653829038143158 0.041050702333450317 0.028326641768217087
0.43369260430335999 0.010587139055132866 0.075067847967147827
0.46529325842857361 0.010249573737382889 0.0888371542096138
0.54820168018341064 -0.030834520235657692 0.086968354880809784
0.41948902606964111 0.047465730458498001 0.035155203193426132
0.51528251171112061 0.035216357558965683 0.08454778790473938
0.45893245935440063 0.0624508336186409 0.098904147744178772
0.40675678849220276 0.032183736562728882 0.059709388762712479
0.47307825088500977 0.0099025173112750053 0.099240735173225403
0.52835315465927124 -0.035932105034589767 0.043340686708688736
0.55437707901000977 -0.016384515911340714 0.060314632952213287
0.42056825757026672 0.064192451536655426 0.10325115919113159
0.52165156602859497 -0.040186613798141479 0.073929421603679657
0.52833235263824463 -0.015653258189558983 0.043391536921262741
0.4300420880317688 0.020447975024580956 0.04859108105301857
0.44533079862594604 0.0021844352595508099 0.056510493159294128
0.4969540536403656 -0.0018106693169102073 0.030017031356692314
0.54921132326126099 -0.015059434808790684 0.071739286184310913
0.53417038917541504 0.0040040393359959126 0.069650076329708099
0.45944827795028687 -0.0022353401873260736 0.064168713986873627
0.48210811614990234 0.020393399521708488 0.10574231296777725
0.48382663726806641 -0.031983800232410431 0.072591707110404968
0.54547232389450073 -0.03918880969285965 0.084432139992713928
0.47509869933128357 -0.0012579085305333138 0.094134718179702759
0.53371411561965942 -0.047752466052770615 0.073463156819343567
0.52914881706237793 -0.04953669011592865 0.084062844514846802
0.4786955714225769 0.068902209401130676 0.07361554354429245
0.47763249278068542 -0.00082282134098932147 0.090383701026439667
0.4928077757358551 0.015345202758908272 0.10329718887805939
0.5032963752746582 -0.0026083257980644703 0.029814131557941437
0.54541921615600586 -0.034771505743265152 0.080363191664218903
0.48489966988563538 -0.025216478854417801 0.044329285621643066
0.49063163995742798 0.019048629328608513 0.10514067858457565
0.47851252555847168 0.0077951573766767979 0.028836434707045555
0.53189462423324585 -0.0070422631688416004 0.046170365065336227
0.48789840936660767 -0.033294402062892914 0.082337923347949982
0.53510946035385132 -0.016752663999795914 0.04935888946056366
0.54788815975189209 -0.010170373134315014 0.059768892824649811
0.4253714382648468 0.071101084351539612 0.029831131920218468
0.43210312724113464 0.073063760995864868 0.030694145709276199
0.40119850635528564 0.040396567434072495 0.062259215861558914
0.54866600036621094 -0.028110196813941002 0.047884322702884674
0.47411128878593445 -0.025954036042094231 0.079700842499732971
0.53400933742523193 -0.0042809071019291878 0.073027484118938446
0.53995364904403687 -0.044877827167510986 0.089002750813961029
0.43307560682296753 0.06132785975933075 0.10375127196311951
0.51617473363876343 -0.040785565972328186 0.07255689799785614
0.52021294832229614 -0.0093940002843737602 0.029002828523516655
0.51422792673110962 -0.035238988697528839 0.069584541022777557
0.47970911860466003 -0.00096917833434417844 0.032910402864217758
0.42939287424087524 0.073230072855949402 0.10524526983499527
0.47409301996231079 -0.024500273168087006 0.050776034593582153
0.41657871007919312 0.035375025123357773 0.091569133102893829
0.43571498990058899 0.09769073873758316 0.04343777522444725
0.47507947683334351 0.058011185377836227 0.04030715674161911
0.3957594633102417 0.053399085998535156 0.047920729964971542
0.44944047927856445 0.022825999185442924 0.10214585065841675
0.50676792860031128 0.040805328637361526 0.08738214522600174
0.52962654829025269 0.025437232106924057 0.058707509189844131
0.53223228454589844 0.011167165823280811 0.047723375260829926
0.48950093984603882 0.031257364898920059 0.033260218799114227
0.44491314888000488 0.080182276666164398 0.09893953800201416
0.42148205637931824 0.078153342008590698 0.10621041059494019
0.43866679072380066 0.10066733509302139 0.047749374061822891
0.43026289343833923 0.089160777628421783 0.032612171024084091
0.52705943584442139 -0.013715839013457298 0.049425460398197174
0.4201991856098175 0.078671969473361969 0.027794394642114639
0.44019567966461182 0.016256079077720642 0.043227288872003555
0.52623677253723145 -0.050515562295913696 0.071566566824913025
0.49802243709564209 0.051414664834737778 0.059731621295213699
0.46910446882247925 -0.0053647914901375771 0.077514298260211945
0.46201241016387939 0.0061449501663446426 0.074230246245861053
0.46893975138664246 0.074681192636489868 0.047773398458957672
0.41956588625907898 0.062288559973239899 0.10283582657575607
0.42030221223831177 0.076139762997627258 0.064836002886295319
0.47698944807052612 0.073118329048156738 0.077873691916465759
0.54045671224594116 -0.033300478011369705 0.04229225218296051
0.41948625445365906 0.079704500734806061 0.050705194473266602
0.44610777497291565 0.054438505321741104 0.10568228363990784
0.47941815853118896 0.069098606705665588 0.065750330686569214
0.5389285683631897 -0.04645155742764473 0.072208374738693237
0.48931008577346802 0.030689563602209091 0.10351902991533279
0.41812214255332947 0.073703296482563019 0.036007210612297058
0.47345492243766785 0.0068776905536651611 0.08701632171869278
0.43808230757713318 0.028662281110882759 0.036135468631982803
0.5120086669921875 0.0078829359263181686 0.10349056869745255
0.55486029386520386 -0.028798680752515793 0.058920394629240036
0.53943634033203125 -0.0067071798257529736 0.058480706065893173
0.40530750155448914 0.063975520431995392 0.035416033118963242
0.43690401315689087 0.012434949167072773 0.051227826625108719
0.55499166250228882 -0.022477557882666588 0.051313024014234543
0.39787089824676514 0.040330376476049423 0.068532556295394897
0.44534525275230408 0.085251756012439728 0.040600299835205078
0.45400074124336243 0.0071863015182316303 0.067448370158672333
0.52629208564758301 -0.047292564064264297 0.054436869919300079
0.40276503562927246 0.049295555800199509 0.039274424314498901
0.44585075974464417 0.098355583846569061 0.081315860152244568
0.51352739334106445 0.03463117778301239 0.052772656083106995
0.41282361745834351 0.055323850363492966 0.034357771277427673
0.44001510739326477 0.012255777604877949 0.042277485132217407
0.39095264673233032 0.048052288591861725 0.069702640175819397
0.40688541531562805 0.061266232281923294 0.065340287983417511
0.52841323614120483 -0.046334028244018555 0.085483275353908539
0.40643966197967529 0.065237589180469513 0.045597530901432037
0.51302909851074219 -0.03601224347949028 0.075280636548995972
0.48194599151611328 0.023173118010163307 0.027051722630858421
0.48814332485198975 0.012538953684270382 0.10378516465425491
0.48529171943664551 -0.023878337815403938 0.039725467562675476
0.45042860507965088 0.010630419477820396 0.070655845105648041
0.4748370349407196 0.014720077626407146 0.10529255867004395
0.48336130380630493 0.03946656733751297 0.034252125769853592
0.45638981461524963 0.057704813778400421 0.032174307852983475
0.41193705797195435 0.066891483962535858 0.10200001299381256
0.46954885125160217 -0.021367976441979408 0.070538237690925598
0.47075596451759338 0.075849875807762146 0.074448943138122559
0.47557735443115234 0.071825355291366577 0.052610013633966446
0.53563284873962402 -0.010129949077963829 0.053298763930797577
0.52949672937393188 0.0082479799166321754 0.090992830693721771
0.48832136392593384 -0.0092781400308012962 0.10370242595672607
0.49096289277076721 0.051133889704942703 0.091592386364936829
0.53498828411102295 -0.046349432319402695 0.059578642249107361
0.4578457772731781 0.048554755747318268 0.10559462755918503
0.40372553467750549 0.057473696768283844 0.096184417605400085
0.53328788280487061 -0.04397311806678772 0.053528383374214172
0.53037256002426147 -0.022831184789538383 0.041982796043157578
0.50114905834197998 -0.014769715256989002 0.099926464259624481
0.45916187763214111 0.026302305981516838 0.030747557058930397
0.45800524950027466 0.036734126508235931 0.027759125456213951
0.53472214937210083 -0.029549194499850273 0.084203571081161499
0.54958218336105347 -0.034639034420251846 0.07504657655954361
0.45010107755661011 0.01630738191306591 0.095227271318435669
0.49699908494949341 0.020710920915007591 0.1046808585524559
0.48466968536376953 0.023649305105209351 0.10315872728824615
0.50176757574081421 0.023751972243189812 0.034631472080945969
0.55262643098831177 -0.026833144947886467 0.046668943017721176
0.51781409978866577 0.037221454083919525 0.067698128521442413
0.44304943084716797 0.01989438384771347 0.094999901950359344
0.5084041953086853 -0.037018276751041412 0.081104077398777008
0.42739316821098328 0.065048500895500183 0.029769266024231911
0.53372734785079956 -0.028897851705551147 0.087613105773925781
0.47433695197105408 0.067331694066524506 0.084860317409038544
0.48544278740882874 0.03724907711148262 0.102815181016922
0.54757440090179443 -0.034193728119134903 0.050477460026741028
0.41121909022331238 0.070525512099266052 0.030158810317516327
0.41881611943244934 0.074510551989078522 0.091654576361179352
0.4855821430683136 0.03939712792634964 0.031619396060705185
0.39233574271202087 0.044039931148290634 0.064811751246452332
0.538565993309021 -0.0027408886235207319 0.064825288951396942
0.39976903796195984 0.053364872932434082 0.047485668212175369
0.54256272315979004 -0.030268331989645958 0.042438708245754242
0.42444762587547302 0.033675491809844971 0.04059378057718277
0.47819733619689941 -0.0045126518234610558 0.10032737255096436
0.49283668398857117 -0.0095839528366923332 0.10380464047193527
0.50708788633346558 -0.02107950858771801 0.098077908158302307
0.47853368520736694 0.068655222654342651 0.051761213690042496
0.55463689565658569 -0.017923900857567787 0.077198877930641174
0.41578277945518494 0.071122676134109497 0.054800223559141159
0.46392521262168884 -0.0090185282751917839 0.042960390448570251
0.47309920191764832 -0.027777004987001419 0.069707415997982025
0.42391827702522278 0.041404116898775101 0.03614484891295433
0.54062086343765259 -0.031145293265581131 0.046331498771905899
0.53019708395004272 -0.032167032361030579 0.087301976978778839
0.41387408971786499 0.034178223460912704 0.08378119021654129
0.43434092402458191 0.096179336309432983 0.060904096812009811
0.54653012752532959 -0.038030676543712616 0.0630827397108078
0.50357025861740112 0.017732594162225723 0.030761115252971649
0.43463036417961121 0.036744032055139542 0.099605180323123932
0.44686493277549744 0.012112950906157494 0.074163548648357391
0.48624944686889648 0.065406970679759979 0.071640454232692719
0.42782026529312134 0.042864382266998291 0.099592648446559906
0.51794534921646118 -0.022709466516971588 0.04792502149939537
0.41673517227172852 0.072170644998550415 0.043287172913551331
0.42982402443885803 0.091177552938461304 0.069192461669445038
0.52534091472625732 -0.044481828808784485 0.054289106279611588
0.53376418352127075 -0.042421497404575348 0.043672189116477966
0.50727176666259766 -0.039373774081468582 0.058853995054960251
0.40520671010017395 0.063889123499393463 0.072620712220668793
0.47887852787971497 0.066558443009853363 0.079512067139148712
0.48640653491020203 -0.032304748892784119 0.059736467897891998
0.40375596284866333 0.040746018290519714 0.084551781415939331
0.43674230575561523 0.08483404666185379 0.10023374855518341
0.54091238975524902 -0.028299057856202126 0.08636222779750824
0.45143288373947144 0.00074281339766457677 0.045182898640632629
0.50934112071990967 0.038838174194097519 0.079994089901447296
0.42176830768585205 0.022912183776497841 0.051491551101207733
0.52490538358688354 -0.010917275212705135 0.034472726285457611
0.50363677740097046 0.012627057731151581 0.10203420370817184
0.51412302255630493 -0.037038147449493408 0.055043917149305344
0.4600067138671875 -0.0045928768813610077 0.046206001192331314
0.41552004218101501 0.075331874191761017 0.086390621960163116
0.52709776163101196 -0.0089196851477026939 0.044367838650941849
0.5006260871887207 -0.034692235291004181 0.08351626992225647
0.40021666884422302 0.058362565934658051 0.080520607531070709
0.49442511796951294 0.056588035076856613 0.080021224915981293
0.49879330396652222 0.048017386347055435 0.052944887429475784
0.4055420458316803 0.042070936411619186 0.045229073613882065
0.42757955193519592 0.088677510619163513 0.051847949624061584
0.45125490427017212 0.058448191732168198 0.10232138633728027
0.40789508819580078 0.048645231872797012 0.040555503219366074
0.47775104641914368 0.063865162432193756 0.085377350449562073
0.54757189750671387 -0.029240202158689499 0.089254647493362427
0.4515267014503479 0.01209760457277298 0.086513735353946686
0.46554285287857056 0.019756034016609192 0.027871109545230865
0.52129745483398438 -0.041634656488895416 0.055841881781816483
0.54819625616073608 -0.0090838391333818436 0.066520288586616516
0.48853218555450439 0.054191034287214279 0.089121632277965546
0.44311898946762085 0.021828966215252876 0.037361018359661102
0.52518022060394287 0.025649344548583031 0.085481643676757812
0.49752864241600037 -0.011174538172781467 0.031332831829786301
0.5448041558265686 -0.035460155457258224 0.070388749241828918
0.41491100192070007 0.074664220213890076 0.097396887838840485
0.50836241245269775 -0.027940394356846809 0.083960101008415222
0.43397670984268188 0.039273694157600403 0.10031447559595108
0.53027445077896118 -0.016905795782804489 0.085902340710163116
0.45529934763908386 0.036793328821659088 0.10585252940654755
0.4642949104309082 0.0095178317278623581 0.034133478999137878
0.47849172353744507 -0.023497451096773148 0.084659382700920105
0.39877903461456299 0.052274696528911591 0.058273833245038986
0.45924615859985352 0.089825630187988281 0.071213960647583008
0.55228084325790405 -0.031652707606554031 0.067032784223556519
0.42786559462547302 0.031459126621484756 0.039955832064151764
0.49195373058319092 0.06167752668261528 0.06355169415473938
0.43656265735626221 0.054144240915775299 0.029878024011850357
0.43294784426689148 0.0085100522264838219 0.067642763257026672
0.47191208600997925 0.028418974950909615 0.10674482583999634
0.50811439752578735 -0.0027904394082725048 0.03145618736743927
0.51402109861373901 0.033429373055696487 0.046898573637008667
0.43262970447540283 0.051100227981805801 0.027976036071777344
0.54237371683120728 -0.038143310695886612 0.086861677467823029
0.52841860055923462 0.027668686583638191 0.065935239195823669
0.43743261694908142 0.095128424465656281 0.061731662601232529
0.40005752444267273 0.047091137617826462 0.084394969046115875
0.48889341950416565 -0.014730796217918396 0.098597623407840729
0.53206467628479004 -0.0081375781446695328 0.090041466057300568
0.48093849420547485 -0.026678005233407021 0.088448531925678253
0.52543765306472778 -0.043106108903884888 0.047988571226596832
0.42225402593612671 0.066791735589504242 0.10362482815980911
0.52240937948226929 -0.011939283460378647 0.036810033023357391
0.42518216371536255 0.071722790598869324 0.10366176068782806
0.51347696781158447 0.018626075237989426 0.037301350384950638
0.53860270977020264 -0.0040210094302892685 0.080864697694778442
0.51236635446548462 -0.018071403726935387 0.098503880202770233
0.5327986478805542 -0.047354523092508316 0.045944809913635254
0.43693938851356506 0.091217830777168274 0.036730550229549408
0.54814666509628296 -0.011059119366109371 0.074196666479110718
0.54891210794448853 -0.030908683314919472 0.066577188670635223
0.44245964288711548 0.096523120999336243 0.084258504211902618
0.51043182611465454 0.039974059909582138 0.058837629854679108
0.45200303196907043 0.014010176062583923 0.034311987459659576
0.49513676762580872 0.029051264747977257 0.034342776983976364
0.46334630250930786 0.064735233783721924 0.034736394882202148
0.44631990790367126 0.097571365535259247 0.075444817543029785
0.50122320652008057 0.048337701708078384 0.059013817459344864
0.49245238304138184 0.01482672430574894 0.030202616006135941
0.45664861798286438 0.0066820625215768814 0.039172571152448654
0.49819615483283997 0.041578590869903564 0.093936920166015625
0.52780991792678833 0.013420239090919495 0.041518639773130417
0.5045056939125061 0.0020802749786525965 0.030028248205780983
0.46680256724357605 -0.015289271250367165 0.073539920151233673
0.55421298742294312 -0.029505422338843346 0.074869334697723389
0.51418185234069824 -0.044084183871746063 0.061333741992712021
0.51639342308044434 -0.046066828072071075 0.06110367551445961
0.4280419647693634 0.056562628597021103 0.030389288440346718
0.39930585026741028 0.052875760942697525 0.083267167210578918
0.47094741463661194 0.0714460089802742 0.050159480422735214
0.45816826820373535 0.01767406240105629 0.10040222853422165
0.55008268356323242 -0.031839314848184586 0.089465565979480743
0.4676443338394165 -0.01237956527620554 0.068215258419513702
0.52359938621520996 -0.044701866805553436 0.05627770721912384
0.48547238111495972 0.05504482239484787 0.091022305190563202
0.46337360143661499 0.063706003129482269 0.0372052863240242
0.42668262124061584 0.05723533034324646 0.10305424779653549
0.54639184474945068 -0.033702131360769272 0.067280873656272888
0.44402623176574707 0.059049852192401886 0.10330308973789215
0.40300741791725159 0.056977164000272751 0.080128870904445648
0.45201012492179871 0.093405462801456451 0.053257472813129425
0.54155296087265015 -0.030004782602190971 0.050165586173534393
0.42110359668731689 0.021069129928946495 0.078384667634963989
0.53714239597320557 -0.048434160649776459 0.068565107882022858
0.43921205401420593 0.0063925781287252903 0.066736653447151184
0.46702131628990173 -0.01626908965408802 0.071296751499176025
0.43652758002281189 0.051468290388584137 0.10343893617391586
0.41012871265411377 0.064875297248363495 0.085207283496856689
0.54585886001586914 -0.034288670867681503 0.0737152099609375
0.54694056510925293 -0.013795263133943081 0.053836476057767868
0.50191259384155273 -0.03930976614356041 0.068063132464885712
0.51052045822143555 0.0061741829849779606 0.029372546821832657
0.45080339908599854 0.011600536294281483 0.039406783878803253
0.42649960517883301 0.060164261609315872 0.030121665447950363
0.42570015788078308 0.041575264185667038 0.098237663507461548
0.42586028575897217 0.030538992956280708 0.094455860555171967
0.5295831561088562 -0.050118573009967804 0.066818766295909882
0.47869336605072021 0.071240410208702087 0.075345359742641449
0.47668710350990295 -0.0071949600242078304 0.084585823118686676
0.44835019111633301 0.084605947136878967 0.095625624060630798
0.47667375206947327 0.074562251567840576 0.06323523074388504
0.44724690914154053 0.097653329372406006 0.071853727102279663
0.47350472211837769 0.071353934705257416 0.053935069590806961
0.4718630313873291 -0.026132773607969284 0.071885913610458374
0.45559898018836975 0.064046576619148254 0.10177798569202423
0.55690348148345947 -0.023392612114548683 0.080920793116092682
0.53334611654281616 -0.002157917944714427 0.058170858770608902
0.4543975293636322 0.054715383797883987 0.10497083514928818
0.41752326488494873 0.073074325919151306 0.087308496236801147
0.41814851760864258 0.078226879239082336 0.058584727346897125
0.49543458223342896 0.046805258840322495 0.046840623021125793
0.41038325428962708 0.069627672433853149 0.072369575500488281
0.4654984176158905 -0.015652921050786972 0.050062298774719238
0.52403444051742554 -0.033362455666065216 0.052066061645746231
0.48094895482063293 0.056458927690982819 0.040228232741355896
0.42015570402145386 0.024392964318394661 0.075666211545467377
0.49921545386314392 0.023594379425048828 0.099924169480800629
0.53250503540039062 -0.045778792351484299 0.050147339701652527
0.44594550132751465 0.012742617167532444 0.09158056229352951
0.53125989437103271 -0.050050605088472366 0.074801146984100342
0.48871293663978577 0.042946480214595795 0.095112346112728119
0.53881543874740601 -0.04211142286658287 0.05255093052983284
0.51048779487609863 0.043764874339103699 0.075756929814815521
0.47740617394447327 -0.018759408965706825 0.092193953692913055
0.41422656178474426 0.062861613929271698 0.10197494924068451
0.40627077221870422 0.060578320175409317 0.055752109736204147
0.54944223165512085 -0.018004423007369041 0.073688633739948273
0.43704292178153992 0.016029257327318192 0.042714431881904602
0.41052576899528503 0.030086519196629524 0.054679181426763535
0.44449996948242188 0.022350013256072998 0.09972381591796875
0.54376024007797241 -0.016047576442360878 0.071124643087387085
0.53798830509185791 -0.02932225726544857 0.086978398263454437
0.46241587400436401 0.0590314120054245 0.034521780908107758
0.4796612560749054 -0.027151564136147499 0.053011845797300339
0.53909033536911011 -0.021483840420842171 0.089733652770519257
0.47882679104804993 0.066612444818019867 0.047609694302082062
0.48749738931655884 0.053492695093154907 0.041415661573410034
0.49140533804893494 0.048800908029079437 0.088519208133220673
0.51649188995361328 -0.027196375653147697 0.088158756494522095
0.51381456851959229 0.023803189396858215 0.095571853220462799
0.47122353315353394 -0.025153996422886848 0.077672094106674194
0.4604390561580658 0.060968641191720963 0.10237282514572144
0.47189700603485107 0.066902525722980499 0.087972983717918396
0.48460742831230164 0.042613834142684937 0.10095548629760742
0.52282458543777466 -0.0027285015676170588 0.041808873414993286
0.4898739755153656 0.042847428470849991 0.039060927927494049
0.51498895883560181 -0.018535628914833069 0.035387471318244934
0.54289090633392334 -0.013909001834690571 0.076673075556755066
0.51608318090438843 0.033170502632856369 0.079181075096130371
0.49763822555541992 -0.037991087883710861 0.06135830283164978
0.54900509119033813 -0.016492856666445732 0.075906537473201752
0.4498540461063385 0.064721710979938507 0.032493788748979568
0.54168540239334106 -0.038911033421754837 0.080017469823360443
0.49109071493148804 0.061512231826782227 0.059036575257778168
0.55884802341461182 -0.024376086890697479 0.061562784016132355
0.48322540521621704 0.021720878779888153 0.030047887936234474
0.41843795776367188 0.078567281365394592 0.087264209985733032
0.52707219123840332 -0.017381127923727036 0.04615875706076622
0.43539255857467651 0.050241392105817795 0.030350912362337112
0.56031155586242676 -0.022363506257534027 0.066743843257427216
0.54558753967285156 -0.018159294500946999 0.048588763922452927
0.4656088650226593 0.047035973519086838 0.029421970248222351
0.52276712656021118 -0.049562320113182068 0.056466147303581238
0.41716364026069641 0.072667606174945831 0.075503967702388763
0.42120712995529175 0.029915569350123405 0.046733982861042023
0.40683293342590332 0.055112786591053009 0.034516200423240662
0.4917493462562561 0.043347548693418503 0.092978067696094513
0.51363205909729004 -0.017068022862076759 0.044692952185869217
0.46528184413909912 0.067728005349636078 0.092586368322372437
0.42254352569580078 0.076637990772724152 0.02796308696269989
0.53741425275802612 -0.0056926975958049297 0.075311779975891113
0.52240097522735596 -0.047540478408336639 0.053010720759630203
0.54823583364486694 -0.0224915761500597 0.052489638328552246
0.44440004229545593 0.024201620370149612 0.098016314208507538
0.43237769603729248 0.094002798199653625 0.060722514986991882
0.53808289766311646 -0.030477035790681839 0.041935939341783524
0.53673237562179565 -0.012098120525479317 0.082531251013278961
0.43737292289733887 0.073701053857803345 0.029684340581297874
0.48031067848205566 0.040312085300683975 0.033523723483085632
0.45206528902053833 0.050230324268341064 0.030070675536990166
0.4960193932056427 -0.0011421279050409794 0.10357365012168884
0.43894240260124207 0.01164745818823576 0.080302312970161438
0.47040635347366333 0.058109268546104431 0.095920301973819733
0.5364035964012146 -0.033546160906553268 0.0419309101998806
0.44066217541694641 0.073167465627193451 0.030331186950206757
0.42763090133666992 0.084249012172222137 0.042348422110080719
0.49835869669914246 -0.025382528081536293 0.042328055948019028
0.4554499089717865 0.068865858018398285 0.033700510859489441
0.46956238150596619 -0.017507050186395645 0.073035508394241333
0.53735411167144775 -0.043724469840526581 0.062799505889415741
0.47156459093093872 0.075660504400730133 0.072174884378910065
0.47515261173248291 -0.010301372967660427 0.035681523382663727
0.42728334665298462 0.019145779311656952 0.0548865906894207
0.53590178489685059 -0.039420336484909058 0.083236642181873322
0.42265483736991882 0.059881284832954407 0.028521355241537094
0.55166548490524292 -0.021067056804895401 0.049929015338420868
0.47814550995826721 0.032708983868360519 0.028820935636758804
0.40689533948898315 0.038127094507217407 0.086843729019165039
0.5575675368309021 -0.025798715651035309 0.057043198496103287
0.51463687419891357 0.026272324845194817 0.09005235880613327
0.41386166214942932 0.073454961180686951 0.029998727142810822
0.5480656623840332 -0.033648043870925903 0.082892552018165588
0.47456654906272888 0.016970032826066017 0.10344303399324417
0.51658272743225098 -0.044485185295343399 0.076344944536685944
0.42874020338058472 0.02372540719807148 0.091350540518760681
0.51931220293045044 -0.03270682692527771 0.050245650112628937
0.42263481020927429 0.069557584822177887 0.027720656245946884
0.40616542100906372 0.044943299144506454 0.040322106331586838
0.43591907620429993 0.058211240917444229 0.10375282913446426
0.47824996709823608 -0.0085302358493208885 0.094752043485641479
0.42441388964653015 0.032170381397008896 0.094696290791034698
0.45798388123512268 0.076672643423080444 0.038446102291345596
0.51143342256546021 -0.037750411778688431 0.059678718447685242
0.48966443538665771 -0.020270837470889091 0.099826417863368988
0.51030313968658447 0.013247818686068058 0.10337414592504501
0.46400469541549683 0.062656126916408539 0.03443320095539093
0.41987726092338562 0.080171197652816772 0.099440164864063263
0.46424001455307007 0.059826388955116272 0.097938410937786102
0.51513051986694336 -0.037859108299016953 0.083612509071826935
0.50933045148849487 -0.0027939425781369209 0.10567798465490341
0.53387373685836792 -0.0010977528290823102 0.060368701815605164
0.50544732809066772 0.045472729951143265 0.069758489727973938
0.54950392246246338 -0.03446352481842041 0.04473426565527916
0.45289173722267151 0.0017339716432616115 0.062127035111188889
0.45653495192527771 0.0019412328256294131 0.066982775926589966
0.5404776930809021 -0.033411420881748199 0.045113760977983475
0.47303888201713562 0.048983749002218246 0.10161467641592026
0.49839937686920166 -0.023682769387960434 0.097272075712680817
0.51603209972381592 -0.016918715089559555 0.030392255634069443
0.50286000967025757 -0.035569604486227036 0.051181614398956299
0.51529628038406372 -0.042567331343889236 0.054979931563138962
0.53793901205062866 -0.0083510233089327812 0.082143887877464294
0.44880691170692444 0.06160590797662735 0.10211946070194244
0.50189054012298584 0.0381583571434021 0.043893612921237946
0.54038578271865845 -0.007854558527469635 0.064580604434013367
0.49553903937339783 0.0054656383581459522 0.1037897914648056
0.54738456010818481 -0.037086017429828644 0.059297911822795868
0.46359476447105408 0.037793148308992386 0.029920360073447227
0.41858786344528198 0.07422994077205658 0.051216106861829758
0.4283486008644104 0.012250258587300777 0.072906859219074249
0.53774350881576538 -0.010487595573067665 0.062901489436626434
0.47596204280853271 -0.016322007402777672 0.089033469557762146
0.49870291352272034 -0.035974640399217606 0.053435780107975006
0.40923124551773071 0.068360775709152222 0.087345391511917114
0.52941346168518066 -0.0082310736179351807 0.050584845244884491
0.52638357877731323 -0.027771562337875366 0.083858735859394073
0.51554882526397705 0.02510836161673069 0.040136490017175674
0.52801817655563354 -0.024538394063711166 0.046427864581346512
0.52074337005615234 0.0074305450543761253 0.037377540022134781
0.4793369472026825 -0.032323062419891357 0.056219276040792465
0.4248364269733429 0.018219718709588051 0.054876741021871567
0.44362163543701172 0.080501176416873932 0.036631561815738678
0.53061211109161377 -0.041701506823301315 0.053353618830442429
0.52157729864120483 0.029313834384083748 0.050948131829500198
0.55852341651916504 -0.024728734046220779 0.07215871661901474
0.45767545700073242 0.091570742428302765 0.075165383517742157
0.40877199172973633 0.063364982604980469 0.076012775301933289
0.44457182288169861 0.010001118294894695 0.045473013073205948
0.4486110508441925 0.061606429517269135 0.031377077102661133
0.46833539009094238 0.057985451072454453 0.034060649573802948
0.46794620156288147 0.037617675960063934 0.10633782297372818
0.40811142325401306 0.062634535133838654 0.07874954491853714
0.52817505598068237 -0.045825794339179993 0.051411416381597519
0.50680887699127197 0.016460161656141281 0.030691063031554222
0.52769660949707031 -0.046922750771045685 0.06242244690656662
0.45924520492553711 0.072583779692649841 0.093020036816596985
0.46681678295135498 0.0019574535544961691 0.036551028490066528
0.51983517408370972 0.026944279670715332 0.04383927583694458
0.44655048847198486 0.067521005868911743 0.032439481467008591
0.40323567390441895 0.056245826184749603 0.035482574254274368
0.44112429022789001 0.013799685053527355 0.081287764012813568
0.49867865443229675 -0.021016841754317284 0.038622159510850906
0.55514287948608398 -0.023994024842977524 0.077212095260620117
0.5370064377784729 -0.0044756713323295116 0.056240953505039215
0.52894717454910278 -0.030519535765051842 0.088486991822719574
0.47596541047096252 -0.0032943987753242254 0.08851063996553421
0.44975966215133667 0.043284352868795395 0.027670565992593765
0.52026915550231934 0.017652032896876335 0.09297257661819458
0.52874010801315308 -0.030913939699530602 0.083686955273151398
0.46383583545684814 0.04138607531785965 0.10537184029817581
0.50181478261947632 0.030884256586432457 0.034540168941020966
0.54631787538528442 -0.021621085703372955 0.081238396465778351
0.51841205358505249 -0.005287249106913805 0.038124211132526398
0.49650391936302185 -0.028110448271036148 0.087724022567272186
0.4727078378200531 -0.017538998275995255 0.044210702180862427
0.44001537561416626 0.086345747113227844 0.034313000738620758
0.53978472948074341 -0.014287545345723629 0.085682503879070282
0.44328045845031738 0.015146349556744099 0.088003970682621002
0.41283154487609863 0.072324097156524658 0.046284571290016174
0.54631966352462769 -0.0085646025836467743 0.063163943588733673
0.46924901008605957 -0.010412920266389847 0.072245150804519653
0.41713419556617737 0.077089250087738037 0.039297517389059067
0.54680043458938599 -0.032726917415857315 0.042693842202425003
0.52209627628326416 -0.032778196036815643 0.049000110477209091
0.47656556963920593 -0.027008760720491409 0.051293991506099701
0.44633471965789795 0.010662275366485119 0.079908758401870728
0.42389869689941406 0.080112822353839874 0.04427054151892662
0.46906441450119019 0.049905043095350266 0.033317729830741882
0.50669485330581665 0.042461786419153214 0.048311226069927216
0.47425276041030884 -0.0010333064710721374 0.084284663200378418
0.48382589221000671 0.0059445989318192005 0.10520987212657928
0.50216519832611084 -0.022758595645427704 0.097672253847122192
0.53464007377624512 -0.03637903556227684 0.08366258442401886
0.5251116156578064 0.026131151244044304 0.076556764543056488
0.42805489897727966 0.08471362292766571 0.034363068640232086
0.48434159159660339 -0.028779087588191032 0.043356310576200485
0.51979023218154907 0.031189316883683205 0.057766888290643692
0.51786667108535767 -0.048799112439155579 0.069909550249576569
0.48715880513191223 0.030460650101304054 0.029128080233931541
0.52183693647384644 -0.015462266281247139 0.045368634164333344
0.5303763747215271 -0.055936191231012344 0.066842220723628998
0.43422526121139526 0.043200258165597916 0.10475623607635498
0.49289369583129883 0.055529374629259109 0.057993844151496887
0.54517430067062378 -0.039541993290185928 0.050954010337591171
0.40861672163009644 0.034645251929759979 0.084078170359134674
0.52202415466308594 -0.0082832258194684982 0.033576268702745438
0.39868345856666565 0.052170597016811371 0.060989707708358765
0.54782497882843018 -0.019932257011532784 0.061920210719108582
0.48906835913658142 0.055923514068126678 0.051442947238683701
0.49098107218742371 -0.027986584231257439 0.087100155651569366
0.50430995225906372 0.037400662899017334 0.040470261126756668
0.55574101209640503 -0.027816744521260262 0.067071765661239624
0.55390012264251709 -0.029846666380763054 0.083072036504745483
0.43961507081985474 0.040173895657062531 0.029340773820877075
0.47130307555198669 0.052134014666080475 0.10115329176187515
0.42895647883415222 0.058085892349481583 0.10548029839992523
0.44357919692993164 0.098699353635311127 0.054652553051710129
0.52404475212097168 0.015522017143666744 0.09158257395029068
0.47035703063011169 0.067187495529651642 0.040894325822591782
0.53912854194641113 -0.017374703660607338 0.084736280143260956
0.43629428744316101 0.010034401901066303 0.057287704199552536
0.48006483912467957 0.033444028347730637 0.10525888204574585
0.4252723753452301 0.054855067282915115 0.10471612215042114
0.45762327313423157 -0.0091620692983269691 0.059062972664833069
0.46173915266990662 0.067884676158428192 0.097372695803642273
0.40823653340339661 0.032420210540294647 0.054065383970737457
0.39337459206581116 0.044345397502183914 0.06760869175195694
0.40509060025215149 0.046345092356204987 0.088810384273529053
0.43110495805740356 0.092615529894828796 0.09548642486333847
