ply
format ascii 1.0
element vertex 3000
property double x
property double y
property double z
end_header
0.47983923554420471 -0.00030922074802219868 0.098760418593883514
0.42951244115829468 0.090733736753463745 0.034160010516643524
0.55140954256057739 -0.032630175352096558 0.045958567410707474
0.41538617014884949 0.047256853431463242 0.10008335113525391
0.48491168022155762 0.036222111433744431 0.030439410358667374
0.47290512919425964 0.074009276926517487 0.08364453911781311
0.53291434049606323 0.023496316745877266 0.071661435067653656
0.48630255460739136 -0.027110857889056206 0.040343139320611954
0.43482953310012817 0.0078439777716994286 0.05546925961971283
0.39547884464263916 0.047562476247549057 0.047815121710300446
0.51965069770812988 -0.033884599804878235 0.088446922600269318
0.43096798658370972 0.092465147376060486 0.097641244530677795
0.43895357847213745 0.045055132359266281 0.027818350121378899
0.51778000593185425 0.0051532844081521034 0.032111089676618576
0.45735692977905273 0.036915373057126999 0.10642826557159424
0.49938857555389404 0.039567440748214722 0.093545988202095032
0.46758508682250977 0.071544937789440155 0.042248714715242386
0.48197084665298462 -0.033482242375612259 0.07854827493429184
0.41520372033119202 0.074967995285987854 0.067019864916801453
0.51776641607284546 0.0044973655603826046 0.10249994695186615
0.55592489242553711 -0.0239604152739048 0.082921423017978668
0.44993314146995544 0.098419450223445892 0.065099738538265228
0.46450537443161011 0.0043579782359302044 0.032796300947666168
0.49681970477104187 0.056125160306692123 0.05932723730802536
0.52806335687637329 -0.056458782404661179 0.061020229011774063
0.43295019865036011 0.017421554774045944 0.089893251657485962
0.4657166600227356 -0.0033774280454963446 0.066563092172145844
0.5189477801322937 -0.024827953428030014 0.050401847809553146
0.40839537978172302 0.031380601227283478 0.072644062340259552
0.5425952672958374 -0.0050954637117683887 0.06057262048125267
0.51300525665283203 0.033609803766012192 0.044878643006086349
0.44244730472564697 0.06446993350982666 0.1049966961145401
0.41111880540847778 0.065793164074420929 0.02836400642991066
0.41966515779495239 0.030179381370544434 0.043706327676773071
0.49081864953041077 -0.0020314007997512817 0.027650456875562668
0.39888820052146912 0.056889235973358154 0.079660169780254364
0.50002872943878174 -0.019202655181288719 0.10078073292970657
0.53357648849487305 -0.0096456753090023994 0.086191646754741669
0.45908734202384949 0.012781882658600807 0.087271824479103088
0.41417300701141357 0.073505036532878876 0.10481828451156616
0.50524693727493286 -0.040030628442764282 0.067605555057525635
0.47796174883842468 0.052982181310653687 0.098745174705982208
0.44433024525642395 0.020536169409751892 0.033760342746973038
0.48180913925170898 0.024978892877697945 0.10539361834526062
0.51419657468795776 0.041042331606149673 0.07192692905664444
0.4445892870426178 0.069984830915927887 0.029411047697067261
0.5408625602722168 -0.04430253803730011 0.079516574740409851
0.46438518166542053 0.049795150756835938 0.029816437512636185
0.45338982343673706 0.089079372584819794 0.087196029722690582
0.53118383884429932 0.01672632060945034 0.048366934061050415
0.5103420615196228 -0.017499674111604691 0.029500020667910576
0.51868969202041626 0.026188002899289131 0.091548509895801544
0.47111666202545166 -0.024482976645231247 0.058134019374847412
0.45096674561500549 0.087842851877212524 0.044171344488859177
0.46533432602882385 0.081579849123954773 0.063178978860378265
0.42904120683670044 0.090301826596260071 0.057586472481489182
0.48982006311416626 0.059147395193576813 0.080472514033317566
0.50120335817337036 0.020251993089914322 0.0308812465518713
0.4648088812828064 0.026352012529969215 0.027042549103498459
0.4835609495639801 0.055735893547534943 0.040812931954860687
0.43609502911567688 0.038011427968740463 0.10052889585494995
0.53173482418060303 -0.042607784271240234 0.044340319931507111
0.45198199152946472 -0.0040883300825953484 0.048824410885572433
0.55888980627059937 -0.019433051347732544 0.061748862266540527
0.49757879972457886 0.010495818220078945 0.10639920085668564
0.47241166234016418 -0.015257722698152065 0.084111407399177551
0.41961973905563354 0.075370095670223236 0.045644335448741913
0.42320072650909424 0.016385314986109734 0.070615388453006744
0.52621287107467651 -0.0047812811098992825 0.048058249056339264
0.43042409420013428 0.087369762361049652 0.077841237187385559
0.47963827848434448 0.067699983716011047 0.058659728616476059
0.53142434358596802 0.010720818303525448 0.087441980838775635
0.44442853331565857 0.0093130283057689667 0.073193974792957306
0.4718361496925354 -0.0130357276648283 0.039822306483983994
0.41813129186630249 0.047691192477941513 0.033210255205631256
0.46150454878807068 0.06595892459154129 0.099336028099060059
0.5383649468421936 -0.028234045952558517 0.090861521661281586
0.48112985491752625 0.015494214370846748 0.027703983709216118
0.40275272727012634 0.061160620301961899 0.06084909662604332
0.5011368989944458 -0.029411802068352699 0.083999194204807281
0.48748710751533508 -0.035683881491422653 0.060018349438905716
0.41988074779510498 0.032652735710144043 0.088473543524742126
0.54265987873077393 -0.042323000729084015 0.060515493154525757
0.53632080554962158 -0.021081218495965004 0.04318339005112648
0.51834934949874878 -0.014358978718519211 0.097862645983695984
0.41102218627929688 0.070345200598239899 0.085858747363090515
0.39466220140457153 0.043169371783733368 0.066445045173168182
0.46376752853393555 0.017860144376754761 0.10508088022470474
0.52038776874542236 -0.048056472092866898 0.076101690530776978
0.50280410051345825 -0.034542016685009003 0.04933769628405571
0.44095724821090698 0.10231731832027435 0.081504814326763153
0.49784904718399048 0.044105324894189835 0.042755309492349625
0.40255603194236755 0.060642782598733902 0.098823942244052887
0.47410878539085388 0.0033295266330242157 0.08211449533700943
0.44644778966903687 0.022342296317219734 0.10057368874549866
0.4285549521446228 0.061827979981899261 0.029843831434845924
0.51732802391052246 -0.04356345534324646 0.054879169911146164
0.40378919243812561 0.041275244206190109 0.086629383265972137
0.52372205257415771 0.031991042196750641 0.058916114270687103
0.40795499086380005 0.036342456936836243 0.055402372032403946
0.44044449925422668 0.10118506103754044 0.048864580690860748
0.48389539122581482 -0.023197602480649948 0.094815805554389954
0.54371011257171631 -0.016851000487804413 0.073091417551040649
0.42628875374794006 0.058909956365823746 0.10628063231706619
0.53831064701080322 0.0073352432809770107 0.071383245289325714
0.44349768757820129 0.079644680023193359 0.097378842532634735
0.40582868456840515 0.06007973849773407 0.043316259980201721
0.50336211919784546 0.024131301790475845 0.09814859926700592
0.50478225946426392 -0.0048663807101547718 0.10679405182600021
0.55191493034362793 -0.032056722790002823 0.069505244493484497
0.50084793567657471 0.046893909573554993 0.079213738441467285
0.42344218492507935 0.079638905823230743 0.091495238244533539
0.50874221324920654 0.043800581246614456 0.057084072381258011
0.42445561289787292 0.077194593846797943 0.02723357267677784
0.44698983430862427 0.049130462110042572 0.10580012947320938
0.47368651628494263 0.038662206381559372 0.10437040776014328
0.42545068264007568 0.020701991394162178 0.055099733173847198
0.5188448429107666 0.02070380374789238 0.037714570760726929
0.45162099599838257 0.03511786088347435 0.027370145544409752
0.52357727289199829 -0.0095171686261892319 0.032554123550653458
0.43278849124908447 0.032151136547327042 0.034306041896343231
0.42954111099243164 0.075405269861221313 0.10505476593971252
0.46254870295524597 0.051369566470384598 0.10476384311914444
0.49546524882316589 -0.015515734441578388 0.033518072217702866
0.45199000835418701 0.0089106019586324692 0.040551457554101944
0.4501858651638031 0.055608641356229782 0.030518822371959686
0.54472911357879639 -0.021073715761303902 0.056198339909315109
0.45953452587127686 -0.014729376882314682 0.057518664747476578
0.50647443532943726 -0.018988760188221931 0.04405704140663147
0.45930314064025879 0.0085099777206778526 0.073015622794628143
0.46788322925567627 -0.023574084043502808 0.072723381221294403
0.44865259528160095 -0.00026750034885481 0.062767617404460907
0.50546437501907349 -0.0025752468500286341 0.029830828309059143
0.4904218316078186 -0.00840727798640728 0.10456001758575439
0.52326309680938721 -0.02046608179807663 0.084277547895908356
0.52294641733169556 0.031578242778778076 0.078411705791950226
0.47772544622421265 -0.0013807903742417693 0.033673427999019623
0.45959416031837463 0.088832996785640717 0.07403884083032608
0.43231141567230225 0.018686741590499878 0.042777284979820251
0.51320666074752808 -0.031282994896173477 0.076023317873477936
0.53321081399917603 0.0058487220667302608 0.058213140815496445
0.43521648645401001 0.097155012190341949 0.0682649165391922
0.40815854072570801 0.04181186854839325 0.042412057518959045
0.53000384569168091 -0.043338708579540253 0.088403694331645966
0.4887111485004425 0.048767980188131332 0.090832978487014771
0.50934356451034546 0.036151926964521408 0.084351055324077606
0.46031928062438965 0.075921580195426941 0.089404605329036713
0.45524179935455322 0.076085746288299561 0.037575036287307739
0.48297396302223206 0.069158479571342468 0.073628552258014679
0.47812926769256592 0.061656050384044647 0.087570644915103912
0.47962626814842224 0.011246235109865665 0.10636265575885773
0.53411340713500977 -0.0064326450228691101 0.072804056107997894
0.46977880597114563 0.008678327314555645 0.096454828977584839
0.4869999885559082 0.039270408451557159 0.10050032287836075
0.46184042096138 0.063574731349945068 0.032793276011943817
0.44176289439201355 0.081417568027973175 0.036243263632059097
0.50173389911651611 0.032580319792032242 0.036585129797458649
0.53273963928222656 -0.053311791270971298 0.073397554457187653
0.41269198060035706 0.067695945501327515 0.05441758781671524
0.5097472071647644 -0.025825774297118187 0.094112969934940338
0.41479951143264771 0.025267299264669418 0.06205899640917778
0.5490993857383728 -0.035166420042514801 0.086507044732570648
0.47138795256614685 0.038466528058052063 0.02777458168566227
0.52499192953109741 -0.0007303511374630034 0.091354288160800934
0.44512024521827698 0.012206459417939186 0.088059552013874054
0.40692603588104248 0.065796054899692535 0.073886081576347351
0.49397093057632446 -0.033600028604269028 0.072852812707424164
0.51153892278671265 -0.031873088330030441 0.058957625180482864
0.46054404973983765 0.080309875309467316 0.04939347505569458
0.45674940943717957 0.016486100852489471 0.03070351667702198
0.45600792765617371 0.090953774750232697 0.056004688143730164
0.41962537169456482 0.079877793788909912 0.078669130802154541
0.5134851336479187 0.015863317996263504 0.097752660512924194
0.52008581161499023 -0.021344253793358803 0.036977984011173248
0.53813719749450684 -0.010065932758152485 0.049633841961622238
0.54447036981582642 -0.018009506165981293 0.086134657263755798
0.52776604890823364 0.0058125797659158707 0.040095619857311249
0.52770459651947021 -0.030476491898298264 0.042408764362335205
0.51282304525375366 -0.0082402266561985016 0.039204951375722885
0.42816570401191711 0.084843941032886505 0.045339658856391907
0.39645788073539734 0.050861537456512451 0.090573213994503021
0.47717240452766418 -0.032446540892124176 0.066874049603939056
0.41692021489143372 0.024214832112193108 0.078607767820358276
0.4330085813999176 0.011974857188761234 0.078505523502826691
0.44240620732307434 0.093551971018314362 0.09131370484828949
0.43478783965110779 0.050284303724765778 0.10310933738946915
0.42616206407546997 0.082637481391429901 0.067034468054771423
0.50500136613845825 0.050062552094459534 0.067912198603153229
0.53824311494827271 -0.031637322157621384 0.049499083310365677
0.471600741147995 0.057270608842372894 0.037763733416795731
0.46234151721000671 -0.0047456449829041958 0.040976334363222122
0.47770145535469055 0.065505035221576691 0.046188164502382278
0.48317432403564453 -0.012462006881833076 0.03279745951294899
0.53581357002258301 -0.049917619675397873 0.053456012159585953
0.53277027606964111 0.023101171478629112 0.058813013136386871
0.41365894675254822 0.060526013374328613 0.10419619083404541
0.48000538349151611 -0.011342834681272507 0.093001626431941986
0.48986908793449402 0.024840544909238815 0.029371948912739754
0.47931209206581116 0.047004170715808868 0.03243747353553772
0.47723191976547241 -0.021538807079195976 0.047863747924566269
0.47346007823944092 0.078054443001747131 0.071713447570800781
0.48663511872291565 0.059175040572881699 0.053300045430660248
0.42854732275009155 0.028063276782631874 0.095756947994232178
0.49508965015411377 0.010420992970466614 0.026990346610546112
0.49324843287467957 0.028665767982602119 0.10335256904363632
0.51952815055847168 -0.040314536541700363 0.066741064190864563
0.47693607211112976 0.027350746095180511 0.027127513661980629
0.39296120405197144 0.046264544129371643 0.079593673348426819
0.5300678014755249 0.022595601156353951 0.083435721695423126
0.49865981936454773 -0.027604676783084869 0.040308337658643723
0.52387702465057373 0.026351757347583771 0.047482386231422424
0.45422419905662537 0.013317231088876724 0.098372861742973328
0.55385464429855347 -0.029914610087871552 0.05737011507153511
0.47194334864616394 0.076128840446472168 0.052407599985599518
0.52738296985626221 -0.016415262594819069 0.050346612930297852
0.42071288824081421 0.081068374216556549 0.056606777012348175
0.54349601268768311 -0.041190169751644135 0.043773151934146881
0.55556344985961914 -0.016846468672156334 0.073220469057559967
0.4896622896194458 0.059845767915248871 0.068003877997398376
0.50731337070465088 0.0099205505102872849 0.029434949159622192
0.44278979301452637 0.0054713720455765724 0.047056194394826889
0.42437884211540222 0.038584604859352112 0.099012084305286407
0.4536527693271637 0.059142343699932098 0.10481952875852585
0.53685498237609863 0.00080549437552690506 0.081940405070781708
0.46981900930404663 0.014682082459330559 0.031132349744439125
0.45109304785728455 0.096386231482028961 0.078383542597293854
0.48925146460533142 -0.030855070799589157 0.087823785841464996
0.40832242369651794 0.053922951221466064 0.033584903925657272
0.43908408284187317 0.057465534657239914 0.027613867074251175
0.43324214220046997 0.011129211634397507 0.066953703761100769
0.49129858613014221 -0.032862138003110886 0.049060296267271042
0.44624984264373779 0.03415369987487793 0.10493255406618118
0.44153061509132385 0.093698441982269287 0.040154539048671722
0.41495212912559509 0.074667006731033325 0.034622564911842346
0.39693590998649597 0.054717365652322769 0.068558394908905029
0.5300716757774353 -0.033018998801708221 0.083512835204601288
0.45203697681427002 0.072332583367824554 0.099647857248783112
0.52440625429153442 0.01290286798030138 0.096421577036380768
0.42846986651420593 0.042659979313611984 0.033794291317462921
0.47632735967636108 -0.025795036926865578 0.085135549306869507
0.54075437784194946 -0.041641876101493835 0.091332651674747467
0.47014546394348145 -0.010338887572288513 0.074246682226657867
0.52507758140563965 -0.035705510526895523 0.052772235125303268
0.47021687030792236 0.026882050558924675 0.10677962750196457
0.4668983519077301 -0.017412874847650528 0.049582816660404205
0.48806396126747131 0.0039989743381738663 0.10640605539083481
0.55085462331771851 -0.011690505780279636 0.064032010734081268
0.39349585771560669 0.050896674394607544 0.05823725089430809
0.47894012928009033 -0.031445365399122238 0.054305750876665115
0.42368310689926147 0.084392242133617401 0.10221229493618011
0.46604835987091064 0.082056961953639984 0.080274723470211029
0.40251290798187256 0.040323846042156219 0.075706183910369873
0.46985569596290588 0.067793995141983032 0.092217564582824707
0.53427070379257202 -0.019888008013367653 0.082448191940784454
0.50689107179641724 0.0054614227265119553 0.10289006680250168
0.51366996765136719 -0.03479335829615593 0.048435848206281662
0.43184381723403931 0.093428708612918854 0.086796768009662628
0.43391340970993042 0.071056120097637177 0.027560599148273468
0.45630994439125061 0.026289792731404305 0.10444119572639465
0.49328279495239258 0.053206823766231537 0.046489231288433075
0.54254257678985596 -0.037967003881931305 0.070883937180042267
0.45357170701026917 0.046007856726646423 0.026852820068597794
0.48784974217414856 0.044043648988008499 0.03865325078368187
0.42212584614753723 0.082620911300182343 0.036265302449464798
0.49798187613487244 -0.033381342887878418 0.06097426638007164
0.52689194679260254 -0.044875361025333405 0.059666190296411514
0.40617647767066956 0.048368878662586212 0.094498485326766968
0.44210019707679749 0.10406684875488281 0.060436829924583435
0.53189879655838013 0.013960499316453934 0.07678697258234024
0.52012008428573608 -0.05105184018611908 0.065675094723701477
0.40398940443992615 0.062549874186515808 0.087638050317764282
0.41215607523918152 0.067130200564861298 0.09599003940820694
0.49740767478942871 -0.026964951306581497 0.094008825719356537
0.53424698114395142 0.002742427634075284 0.047938961535692215
0.542155921459198 -0.0082693258300423622 0.079480357468128204
0.52218347787857056 -0.037339489907026291 0.077901393175125122
0.49094828963279724 0.018355062231421471 0.1031113788485527
0.53303992748260498 0.01477180328220129 0.065712220966815948
0.41081053018569946 0.033447436988353729 0.083125896751880646
0.42677870392799377 0.020312031731009483 0.080110862851142883
0.55323952436447144 -0.0225248783826828 0.049899205565452576
0.51288068294525146 -0.0050219809636473656 0.10008059442043304
0.50872147083282471 0.023561863228678703 0.037658993154764175
0.46850019693374634 0.05733567476272583 0.097270362079143524
0.5050780177116394 -0.037617310881614685 0.078746408224105835
0.53583353757858276 -0.049888323992490768 0.063954703509807587
0.45780685544013977 -0.0040952335111796856 0.059387180954217911
0.44292488694190979 0.030584368854761124 0.031068064272403717
0.42970415949821472 0.051647957414388657 0.027853235602378845
0.45229858160018921 0.013005306012928486 0.079387597739696503
0.48336365818977356 0.0053470917046070099 0.027678228914737701
0.44107651710510254 0.013306854292750359 0.040468573570251465
0.41080692410469055 0.070077307522296906 0.042938459664583206
0.41403883695602417 0.040778897702693939 0.091130144894123077
0.43288609385490417 0.094556637108325958 0.046389710158109665
0.52658849954605103 -0.026868918910622597 0.091673776507377625
0.4012683629989624 0.055030539631843567 0.052670523524284363
0.53377074003219604 -0.051665183156728745 0.083536639809608459
0.43538433313369751 0.084161557257175446 0.10185949504375458
0.50083965063095093 0.049120921641588211 0.05292573943734169
0.40005597472190857 0.043226003646850586 0.055959016084671021
0.4190143346786499 0.056938294321298599 0.028763381764292717
0.41897353529930115 0.037996549159288406 0.037043578922748566
0.39833590388298035 0.054055538028478622 0.039646483957767487
0.52854317426681519 -0.014213293790817261 0.040243308991193771
0.46425268054008484 -0.01592014916241169 0.066920153796672821
0.44337984919548035 0.10428454726934433 0.071724295616149902
0.51420634984970093 0.035289138555526733 0.055355090647935867
0.50757718086242676 0.033322542905807495 0.094047039747238159
0.51482373476028442 -0.0066510653123259544 0.028067545965313911
0.52761101722717285 -0.016320634633302689 0.092496566474437714
0.45309904217720032 0.081347472965717316 0.093966059386730194
0.54549592733383179 -0.027291344478726387 0.081287823617458344
0.51446807384490967 -0.025728488340973854 0.084376543760299683
0.53306359052658081 -0.0045060417614877224 0.057275000959634781
0.40390464663505554 0.037678085267543793 0.064556919038295746
0.46160417795181274 0.039691142737865448 0.029926219955086708
0.44846659898757935 0.097355276346206665 0.054032418876886368
0.42482462525367737 0.049088887870311737 0.10406217724084854
0.46763482689857483 0.0029422801453620195 0.074152432382106781
0.41637146472930908 0.029824757948517799 0.053186308592557907
0.50873106718063354 -0.014007531106472015 0.10176309198141098
0.43778806924819946 0.028129292652010918 0.10039172321557999
0.45245900750160217 0.026122670620679855 0.032139711081981659
0.51683783531188965 -0.015966271981596947 0.044733155518770218
0.52095615863800049 -0.0024944604374468327 0.039466783404350281
0.49715730547904968 0.05526990070939064 0.072658829391002655
0.52988314628601074 -0.043621540069580078 0.078480653464794159
0.52018994092941284 0.032254137098789215 0.068905733525753021
0.47784677147865295 -0.0025435863062739372 0.089081324636936188
0.5044054388999939 -0.0121143888682127 0.035841397941112518
0.51264274120330811 -0.042217664420604706 0.073664575815200806
0.46178540587425232 -0.0090727852657437325 0.049827408045530319
0.44136700034141541 0.0062400130555033684 0.062997795641422272
0.42091602087020874 0.067298747599124908 0.027166703715920448
0.54469960927963257 -0.0062080877833068371 0.070038482546806335
0.43366560339927673 0.081144168972969055 0.030830178409814835
0.47546383738517761 0.076255783438682556 0.061488155275583267
0.50631999969482422 0.040792990475893021 0.046146787703037262
0.55045759677886963 -0.02137095108628273 0.066325999796390533
0.41575956344604492 0.071112185716629028 0.077160097658634186
0.54515767097473145 -0.024749057367444038 0.045042354613542557
0.437416672706604 0.095107614994049072 0.057108845561742783
0.54630410671234131 -0.038288414478302002 0.052558138966560364
0.49047139286994934 -0.018188018351793289 0.10007525980472565
0.52657043933868408 -0.048137500882148743 0.050304990261793137
0.49804189801216125 0.0012767747975885868 0.10378991812467575
0.43309274315834045 0.06583954393863678 0.10660224407911301
0.42324012517929077 0.067969903349876404 0.10672689974308014
0.4519544243812561 0.06526937335729599 0.03328360989689827
0.41163909435272217 0.066535539925098419 0.064428254961967468
0.43687233328819275 0.094517849385738373 0.077220946550369263
0.51000463962554932 -0.033916089683771133 0.0860886350274086
0.50532597303390503 0.016138432547450066 0.10284091532230377
0.49284043908119202 0.035753428936004639 0.036481555551290512
0.40396934747695923 0.062490779906511307 0.033566668629646301
0.54640430212020874 -0.033692091703414917 0.061754722148180008
0.46663862466812134 0.0068336222320795059 0.086655311286449432
0.48001834750175476 -0.018509585410356522 0.039258692413568497
0.45687013864517212 0.0034969868138432503 0.065171048045158386
0.47414776682853699 0.019038904458284378 0.10359147936105728
0.53941804170608521 -0.01376614160835743 0.059212498366832733
0.45782867074012756 0.091305337846279144 0.065225735306739807
0.53443753719329834 0.0007167152944020927 0.065891921520233154
0.52610766887664795 0.015260928310453892 0.039644509553909302
0.44033929705619812 0.074051141738891602 0.10404400527477264
0.50073939561843872 -0.010260442271828651 0.027547551319003105
0.53702747821807861 -0.040884818881750107 0.051869813352823257
0.42744621634483337 0.026349781081080437 0.040619414299726486
0.55728214979171753 -0.026103561744093895 0.07400793582201004
0.46482330560684204 0.04117516428232193 0.10319866985082626
0.52707010507583618 -0.046731807291507721 0.069953694939613342
0.51393419504165649 0.013471713289618492 0.034936223179101944
0.47535544633865356 0.0073017277754843235 0.031675230711698532
0.52673172950744629 0.026407482102513313 0.065567813813686371
0.54782652854919434 -0.012505119666457176 0.055347342044115067
0.44303110241889954 0.00088826188584789634 0.054968785494565964
0.50874543190002441 -0.028326751664280891 0.04424232617020607
0.54026889801025391 -0.034576348960399628 0.084209099411964417
0.49753713607788086 0.047932993620634079 0.088791564106941223
0.53059488534927368 -0.024865048006176949 0.049485944211483002
0.4714210033416748 0.047384493052959442 0.10260891169309616
0.42582300305366516 0.014118822291493416 0.062225300818681717
0.54870098829269409 -0.035614427179098129 0.077200606465339661
0.4746914803981781 -0.029087640345096588 0.075046375393867493
0.51197695732116699 -0.043153654783964157 0.062157861888408661
0.47260373830795288 -0.0057041109539568424 0.08244025707244873
0.53628522157669067 -0.044903542846441269 0.071424774825572968
0.44209012389183044 0.018603656440973282 0.093569926917552948
0.41839373111724854 0.074045494198799133 0.096357695758342743
0.47971850633621216 0.044181555509567261 0.09871799498796463
0.41301214694976807 0.036260195076465607 0.047983411699533463
0.50457996129989624 -0.038658246397972107 0.058137185871601105
0.4250427782535553 0.024171201512217522 0.08794838935136795
0.51502686738967896 0.039519138634204865 0.063145957887172699
0.48582541942596436 -0.032770007848739624 0.068935506045818329
0.48404738306999207 0.056243330240249634 0.092061445116996765
0.45684024691581726 0.0018330176826566458 0.038309454917907715
0.522208571434021 -0.04379817470908165 0.083975926041603088
0.42588073015213013 0.086818128824234009 0.086935050785541534
0.46963396668434143 -0.0042175068520009518 0.03600805252790451
0.43189749121665955 0.088997200131416321 0.069107145071029663
0.48231911659240723 -0.0095654940232634544 0.10131002217531204
0.54942339658737183 -0.014961563050746918 0.079529605805873871
0.54628646373748779 -0.029494466260075569 0.052886664867401123
0.51833105087280273 -0.024019915610551834 0.093463331460952759
0.51253753900527954 -0.033977363258600235 0.0677017942070961
0.52145946025848389 -0.0057731219567358494 0.098454192280769348
0.45527374744415283 0.046343374997377396 0.10561821609735489
0.54350882768630981 -0.016858860850334167 0.048473577946424484
0.4347802996635437 0.01491987332701683 0.050353564321994781
0.51753151416778564 0.03278423473238945 0.08513621985912323
0.43812820315361023 0.024274690076708794 0.038585390895605087
0.54294240474700928 -0.03261256217956543 0.042150780558586121
0.53399592638015747 -0.036046259105205536 0.090818271040916443
0.48800173401832581 -0.020362479612231255 0.035230573266744614
0.52398455142974854 0.019332112744450569 0.088618449866771698
0.48028942942619324 0.032840549945831299 0.10221616923809052
0.49400588870048523 0.051733866333961487 0.081679403781890869
0.4982374906539917 0.0024299914948642254 0.026802301406860352
0.44600972533226013 0.085830293595790863 0.092013895511627197
0.40553292632102966 0.064236283302307129 0.051332857459783554
0.46293330192565918 0.085986711084842682 0.055849503725767136
0.49452272057533264 -0.034459572285413742 0.082153692841529846
0.53517985343933105 0.014405482448637486 0.057482946664094925
0.47983771562576294 0.067510485649108887 0.081660144031047821
0.48709243535995483 0.064354628324508667 0.060920510441064835
0.50021624565124512 0.032038211822509766 0.09805028885602951
0.50236797332763672 -0.033220559358596802 0.071873120963573456
0.50925499200820923 0.043827462941408157 0.078203938901424408
0.52465081214904785 -0.0094397068023681641 0.08857562392950058
0.5150599479675293 -0.039431367069482803 0.082167454063892365
0.40943968296051025 0.055404067039489746 0.097841426730155945
0.44944432377815247 0.0072664595209062099 0.066553846001625061
0.4705791175365448 0.011533187702298164 0.10495149344205856
0.4453204870223999 0.040241658687591553 0.030501842498779297
0.41630280017852783 0.026626065373420715 0.070209518074989319
0.45856520533561707 0.055803824216127396 0.029119351878762245
0.52546614408493042 -0.022204829379916191 0.043403148651123047
0.4623228907585144 0.013049779459834099 0.096255891025066376
0.41657289862632751 0.076500110328197479 0.087884284555912018
0.45997840166091919 0.084085144102573395 0.085963405668735504
0.44049456715583801 0.056533392518758774 0.10671509802341461
0.49804148077964783 -0.011741017922759056 0.10526502132415771
0.4411793053150177 0.043145626783370972 0.10597983747720718
0.53220152854919434 0.0024913542438298464 0.088676661252975464
0.4410882294178009 0.01169277261942625 0.080432146787643433
0.53541302680969238 -0.018640482798218727 0.052144739776849747
0.50511801242828369 0.042959202080965042 0.086535006761550903
0.546500563621521 -0.027216563001275063 0.089559979736804962
0.41734865307807922 0.072861418128013611 0.058943666517734528
0.51215213537216187 0.025662878528237343 0.096621803939342499
0.40340274572372437 0.048349611461162567 0.04422653466463089
0.40455314517021179 0.058684129267930984 0.070375964045524597
0.48958361148834229 0.016622446477413177 0.030118076130747795
0.47837156057357788 -0.018884135410189629 0.089153081178665161
0.44976755976676941 0.082477979362010956 0.037934798747301102
0.53516954183578491 -0.035376559942960739 0.042418844997882843
0.47226908802986145 0.051279854029417038 0.031654700636863708
0.46645271778106689 0.083693645894527435 0.071043826639652252
0.52614396810531616 -0.055589709430932999 0.068961285054683685
0.53589308261871338 -0.013228771276772022 0.077564291656017303
0.53461152315139771 -0.020394250750541687 0.090619407594203949
0.43722188472747803 0.099391907453536987 0.088399946689605713
0.53653395175933838 -0.0088840238749980927 0.065376244485378265
0.40789610147476196 0.030021052807569504 0.064591847360134125
0.5269315242767334 -0.052075587213039398 0.079087443649768829
0.54916107654571533 -0.022719353437423706 0.07468770444393158
0.51812809705734253 -0.015605669468641281 0.031061947345733643
0.51965838670730591 -0.02913733571767807 0.043505430221557617
0.55668365955352783 -0.026772826910018921 0.065515466034412384
0.47740271687507629 0.070927202701568604 0.067342139780521393
0.47340574860572815 -0.025099560618400574 0.066929362714290619
0.39184081554412842 0.049070931971073151 0.071475684642791748
0.52500885725021362 -0.037799153476953506 0.044906806200742722
0.49747017025947571 0.028032587841153145 0.031371638178825378
0.47442841529846191 0.005898553878068924 0.089811466634273529
0.45949605107307434 0.0099807744845747948 0.035828910768032074
0.46381151676177979 0.03081543929874897 0.10372243821620941
0.53829920291900635 -0.047049161046743393 0.045946415513753891
0.4260290265083313 0.034186325967311859 0.039231050759553909
0.51285499334335327 -0.00076680560596287251 0.034567840397357941
0.4189726710319519 0.055285938084125519 0.10109573602676392
0.44656559824943542 0.09268052875995636 0.084445945918560028
0.48162931203842163 -0.028586611151695251 0.047250114381313324
0.51556855440139771 0.026003096252679825 0.044081628322601318
0.50159168243408203 -0.019730163738131523 0.036641284823417664
0.5189557671546936 -0.016200324520468712 0.090044379234313965
0.42158955335617065 0.021726410835981369 0.064554490149021149
0.47552722692489624 0.0056621851399540901 0.1022614985704422
0.42285588383674622 0.022888904437422752 0.047802243381738663
0.45954009890556335 0.069346047937870026 0.038492433726787567
0.44589352607727051 0.049101244658231735 0.027663718909025192
0.45106479525566101 0.016481842845678329 0.036381624639034271
0.47260060906410217 -0.021593151614069939 0.07891518622636795
0.4216153621673584 0.076006188988685608 0.10642246901988983
0.49741601943969727 -0.038364492356777191 0.067382186651229858
0.40834856033325195 0.066963814198970795 0.10303224623203278
0.44937881827354431 0.0020841544028371572 0.044034555554389954
0.438365638256073 0.065034665167331696 0.030339354649186134
0.51544719934463501 0.034445326775312424 0.077606648206710815
0.43694138526916504 0.038899369537830353 0.032481830567121506
0.43519073724746704 0.024328291416168213 0.093200899660587311
0.45012766122817993 -0.0055028167553246021 0.056447945535182953
0.44453775882720947 0.09379693865776062 0.048114016652107239
0.40438279509544373 0.038968298584222794 0.048817392438650131
0.52589815855026245 0.024549666792154312 0.054937649518251419
0.47119450569152832 0.064878553152084351 0.039923220872879028
0.51837986707687378 -0.035538826137781143 0.057395651936531067
0.5220683217048645 -0.029202982783317566 0.082539655268192291
0.46431013941764832 0.0095365848392248154 0.079609669744968414
0.47557175159454346 0.071214929223060608 0.075370877981185913
0.53271001577377319 0.0056895902380347252 0.077375613152980804
0.4472363293170929 0.076078914105892181 0.03361036628484726
0.5289272665977478 0.0088265780359506607 0.04726087674498558
0.5404055118560791 -0.0010407404042780399 0.074114114046096802
0.49224388599395752 0.044252011924982071 0.09618242084980011
0.42730522155761719 0.083895526826381683 0.053416479378938675
0.47661945223808289 0.059924561530351639 0.095048457384109497
0.49007329344749451 -0.0082686971873044968 0.032296314835548401
0.44609856605529785 0.061698965728282928 0.027832068502902985
0.52243119478225708 -0.051113635301589966 0.058216821402311325
0.43789657950401306 0.088535279035568237 0.095234706997871399
0.40785017609596252 0.062346328049898148 0.08082050085067749
0.50209683179855347 0.048043124377727509 0.060982249677181244
0.52109485864639282 0.025694608688354492 0.08416738361120224
0.53795540332794189 0.008981684222817421 0.063789285719394684
0.53005409240722656 -0.0027189881075173616 0.083199538290500641
0.51452946662902832 -0.023268798366189003 0.043158959597349167
0.43695136904716492 0.088045075535774231 0.037473645061254501
0.44953876733779907 0.041225813329219818 0.10659752041101456
0.45713090896606445 0.082527756690979004 0.042801350355148315
0.47159510850906372 0.020978135988116264 0.026988090947270393
0.46711111068725586 -0.017765078693628311 0.057308267802000046
0.41240623593330383 0.067366503179073334 0.035812642425298691
0.52099043130874634 0.0095113683491945267 0.037612952291965485
0.41227707266807556 0.047240626066923141 0.038787670433521271
0.55280297994613647 -0.022205943241715431 0.057899706065654755
0.4294925332069397 0.043098472058773041 0.10273050516843796
0.45831707119941711 0.032388146966695786 0.030045542865991592
0.54331904649734497 -0.034168072044849396 0.091506659984588623
0.44924116134643555 0.065293431282043457 0.10103266686201096
0.52159583568572998 0.0057924515567719936 0.095515154302120209
0.48920494318008423 0.011817652732133865 0.10678178817033768
0.47737935185432434 0.034921549260616302 0.031238805502653122
0.46378731727600098 -0.0097210081294178963 0.062415175139904022
0.46390798687934875 0.019575420767068863 0.031221738085150719
0.52618891000747681 0.025841103866696358 0.074498720467090607
0.46139457821846008 0.059108469635248184 0.10274276882410049
0.50840747356414795 0.042898833751678467 0.064955286681652069
0.5101427435874939 -0.017356675118207932 0.095041714608669281
0.45205977559089661 0.093393631279468536 0.071425125002861023
0.48362454771995544 -0.025726998224854469 0.087569549679756165
0.49847978353500366 0.021678324788808823 0.10345369577407837
0.45227622985839844 0.01175174955278635 0.090618491172790527
0.4946478009223938 0.037352908402681351 0.099074073135852814
0.49646595120429993 -0.035792876034975052 0.053939785808324814
0.41720399260520935 0.074957631528377533 0.027280107140541077
0.55294036865234375 -0.030911704525351524 0.081540733575820923
0.42157474160194397 0.077549785375595093 0.063807420432567596
0.50840026140213013 -0.029178006574511528 0.051758255809545517
0.54962843656539917 -0.011309089139103889 0.072679273784160614
0.41302505135536194 0.059858962893486023 0.032655142247676849
0.51173347234725952 -0.03843679279088974 0.054776638746261597
0.52232825756072998 -0.010609647259116173 0.042607758194208145
0.53027015924453735 -0.0096985679119825363 0.052272006869316101
0.43950074911117554 0.074551396071910858 0.032634355127811432
0.52005577087402344 0.03147193044424057 0.052335742861032486
0.52956235408782959 -0.054296109825372696 0.053952779620885849
0.42809176445007324 0.08479657769203186 0.0961260125041008
0.52869433164596558 -0.013807198032736778 0.082316793501377106
0.45932140946388245 0.073111400008201599 0.096278265118598938
0.45373204350471497 0.089415371417999268 0.079135984182357788
0.48443567752838135 0.017596367746591568 0.10673524439334869
0.54277598857879639 -0.014451966620981693 0.066060625016689301
0.47624775767326355 -0.0085757151246070862 0.035118132829666138
0.48472854495048523 0.049504522234201431 0.097147703170776367
0.48780494928359985 0.063306421041488647 0.074352890253067017
0.50498229265213013 -0.033364210277795792 0.064261339604854584
0.53901040554046631 -0.00024388240126427263 0.055827248841524124
0.48367828130722046 -0.0053137699142098427 0.029890928417444229
0.54159057140350342 -0.021141042932868004 0.079767242074012756
0.5123981237411499 0.011184025555849075 0.10343237221240997
0.46552962064743042 0.033903844654560089 0.027361532673239708
0.42063120007514954 0.076509267091751099 0.071860358119010925
0.45303571224212646 0.019735483452677727 0.10282407701015472
0.40187186002731323 0.055726423859596252 0.092082150280475616
0.48479071259498596 -0.0027958650607615709 0.10367699712514877
0.56018310785293579 -0.021312326192855835 0.069094106554985046
0.50822168588638306 -0.010591913014650345 0.027923744171857834
0.50581389665603638 0.03388628363609314 0.04323161393404007
0.52673810720443726 -0.034852899610996246 0.090328402817249298
0.46662914752960205 -0.022039638832211494 0.063569642603397369
0.50834089517593384 0.01735883392393589 0.032122228294610977
0.45645537972450256 0.088100425899028778 0.049066640436649323
0.49035736918449402 0.0050875833258032799 0.029947517439723015
0.53328382968902588 -0.0053791217505931854 0.046144675463438034
0.43086585402488708 0.015207459218800068 0.056565769016742706
0.39988476037979126 0.045992068946361542 0.082569308578968048
0.52041244506835938 0.019053826108574867 0.096056275069713593
0.5363350510597229 -0.027349086478352547 0.083863332867622375
0.43720594048500061 0.0082544377073645592 0.072464160621166229
0.42376112937927246 0.084459997713565826 0.074704550206661224
0.50989812612533569 0.0031076138839125633 0.028495870530605316
0.46725991368293762 -0.0091453306376934052 0.044162042438983917
0.44997817277908325 0.028690231963992119 0.10151032358407974
0.50265532732009888 -0.021874386817216873 0.094416409730911255
0.42534324526786804 0.085141636431217194 0.030191037803888321
0.47711816430091858 0.05247439444065094 0.037878207862377167
0.47493144869804382 0.069001488387584686 0.051981307566165924
0.47737851738929749 -0.0095779867842793465 0.086414188146591187
0.48332363367080688 0.065249629318714142 0.050960525870323181
0.49775043129920959 -0.029381560161709785 0.048353042453527451
0.49157997965812683 -0.022592252120375633 0.09439598023891449
0.48246315121650696 0.023787897080183029 0.030191218480467796
0.53682267665863037 -0.044298075139522552 0.085539288818836212
0.50375419855117798 -0.029295403510332108 0.091391988098621368
0.4949783980846405 -0.023343652486801147 0.035744749009609222
0.53709203004837036 -0.028348255902528763 0.042381495237350464
0.48898667097091675 -0.031701967120170593 0.078295126557350159
0.53402119874954224 -0.014066972769796848 0.045225020498037338
0.49276012182235718 0.053893383592367172 0.053770001977682114
0.39995154738426208 0.053575780242681503 0.060084253549575806
0.45191970467567444 0.010084304958581924 0.072785943746566772
0.51207494735717773 0.028631793335080147 0.090007379651069641
0.45962211489677429 0.075656011700630188 0.043295767158269882
0.54405671358108521 -0.040757790207862854 0.084922358393669128
0.44378423690795898 0.086740262806415558 0.040659181773662567
0.48760232329368591 0.054422952234745026 0.086065717041492462
0.43318280577659607 0.094880387187004089 0.038767930120229721
0.49724364280700684 0.053022012114524841 0.065797589719295502
0.46431452035903931 0.055718392133712769 0.033877812325954437
0.44655770063400269 0.0579519122838974 0.10314580798149109
0.4768085777759552 0.059079162776470184 0.042358826845884323
0.41813212633132935 0.036243513226509094 0.094866149127483368
0.48415115475654602 0.067599877715110779 0.066568881273269653
0.42723733186721802 0.069999717175960541 0.029857363551855087
0.53483480215072632 0.0095915943384170532 0.052239950746297836
0.41637009382247925 0.07625134289264679 0.052760928869247437
0.52391386032104492 0.019406687468290329 0.044999118894338608
0.42150211334228516 0.081934459507465363 0.043640434741973877
0.46670436859130859 0.072613805532455444 0.086843207478523254
0.46659976243972778 0.077226810157299042 0.046411853283643723
0.51481705904006958 -0.046172939240932465 0.067936576902866364
0.47226661443710327 0.043857607990503311 0.032320506870746613
0.52987915277481079 -0.0061413785442709923 0.092042990028858185
0.39778727293014526 0.051187027245759964 0.075607083737850189
0.48295113444328308 -0.01616789773106575 0.098827376961708069
0.42981523275375366 0.034102845937013626 0.099705792963504791
0.53527671098709106 -0.0063772290013730526 0.079781129956245422
0.52120399475097656 -0.04218321293592453 0.049129392951726913
0.43811008334159851 0.01266520656645298 0.08751552551984787
0.43020904064178467 0.014466609805822372 0.072545714676380157
0.53173422813415527 -0.035998646169900894 0.05050269141793251
0.39707851409912109 0.054860789328813553 0.047023694962263107
0.51947921514511108 -0.045514784753322601 0.061284016817808151
0.53819036483764648 -0.014945816248655319 0.086885668337345123
0.41838750243186951 0.023179642856121063 0.054259389638900757
0.51088786125183105 -0.016133518889546394 0.039396040141582489
0.46982821822166443 0.075609467923641205 0.077539399266242981
0.41116189956665039 0.070489674806594849 0.070587694644927979
0.4660586416721344 0.07867816835641861 0.055233921855688095
0.48698154091835022 0.031082270666956902 0.10110395401716232
0.44475695490837097 0.098647534847259521 0.076422750949859619
0.48670068383216858 -0.03111114539206028 0.054769787937402725
0.41619318723678589 0.066932357847690582 0.10613986849784851
0.48468741774559021 0.062622018158435822 0.083721525967121124
0.46220126748085022 0.0029694081749767065 0.069747820496559143
0.49979546666145325 0.037208214402198792 0.041449401527643204
0.52858442068099976 -0.026224818080663681 0.084192365407943726
0.42811107635498047 0.016877308487892151 0.049672916531562805
0.53619629144668579 -0.045011017471551895 0.058400340378284454
0.4884222149848938 0.050740588456392288 0.041079830378293991
0.49700221419334412 -0.0039704348891973495 0.030221199616789818
0.51177453994750977 0.0015005285385996103 0.10589461773633957
0.51890772581100464 0.012353389523923397 0.1006617397069931
0.43362966179847717 0.057127811014652252 0.10367225855588913
0.52906394004821777 -0.00074086332460865378 0.043124191462993622
0.45037835836410522 0.090712703764438629 0.051231805235147476
0.50355422496795654 -0.031947694718837738 0.056629035621881485
0.43455943465232849 0.09194435179233551 0.063406094908714294
0.5411524772644043 -0.00050179637037217617 0.067179374396800995
0.48560106754302979 0.059674382209777832 0.046456728130578995
0.42861929535865784 0.085342086851596832 0.038435794413089752
0.47294634580612183 -0.016040774062275887 0.045972727239131927
0.45091825723648071 0.09395117312669754 0.059888735413551331
0.53971081972122192 -0.024036774411797523 0.051486268639564514
0.45260491967201233 0.052244637161493301 0.10318448394536972
0.42494097352027893 0.085758507251739502 0.060808043926954269
0.47120377421379089 0.030892703682184219 0.029922474175691605
0.45739820599555969 -0.0014915661886334419 0.045398347079753876
0.52661812305450439 0.0062620053067803383 0.090151228010654449
0.49638879299163818 -0.0049493024125695229 0.10624746978282928
0.44761210680007935 0.014916694723069668 0.097319312393665314
0.4234175980091095 0.052752770483493805 0.031997963786125183
0.50788015127182007 -0.030116196721792221 0.080214433372020721
0.47181382775306702 0.0012347459560260177 0.031331147998571396
0.39748966693878174 0.044058486819267273 0.07287219911813736
0.47842282056808472 -0.029025116935372353 0.061058998107910156
0.46792706847190857 0.035520568490028381 0.10654313117265701
0.46801680326461792 -0.01685701310634613 0.074329227209091187
0.46916922926902771 -0.0032160619739443064 0.077052094042301178
0.53363287448883057 -0.038885276764631271 0.082798957824707031
0.52907466888427734 0.015515209175646305 0.08314485102891922
0.51037693023681641 0.030068838968873024 0.038975659757852554
0.49079960584640503 -0.036959528923034668 0.066360361874103546
0.50380724668502808 0.026465922594070435 0.033896356821060181
0.50852847099304199 -0.03603488951921463 0.073066271841526031
0.50899690389633179 0.038443110883235931 0.052286792546510696
0.50604784488677979 0.044617105275392532 0.07186812162399292
0.41244855523109436 0.031112726777791977 0.058599121868610382
0.41507095098495483 0.040064200758934021 0.042213708162307739
0.43255040049552917 0.089708760380744934 0.051129024475812912
0.50107318162918091 0.012100588530302048 0.030956322327256203
0.45557379722595215 -0.0096132876351475716 0.055486720055341721
0.42020562291145325 0.080533817410469055 0.097383178770542145
0.39413562417030334 0.051623199135065079 0.083557888865470886
0.47407785058021545 -0.026072373613715172 0.05226309597492218
0.53856378793716431 -0.011423774994909763 0.071305520832538605
0.48202559351921082 0.041146330535411835 0.034448999911546707
0.45796477794647217 0.023282576352357864 0.029445085674524307
0.53122431039810181 -0.050070673227310181 0.058952756226062775
0.54999995231628418 -0.022121116518974304 0.085584446787834167
0.39275413751602173 0.044397030025720596 0.059892240911722183
0.55775582790374756 -0.025304721668362617 0.054068278521299362
0.53105765581130981 -0.043535396456718445 0.054293520748615265
0.44042107462882996 0.098443090915679932 0.064181208610534668
0.52340942621231079 -0.015655787661671638 0.035568304359912872
0.41178137063980103 0.028679393231868744 0.0778016597032547
0.51791912317276001 -0.037486109882593155 0.072700642049312592
0.53768372535705566 -0.043357569724321365 0.064920321106910706
0.55300289392471313 -0.015280985273420811 0.058619938790798187
0.44366681575775146 0.098385579884052277 0.086503386497497559
0.53647202253341675 -0.049171511083841324 0.07714979350566864
0.40763676166534424 0.036320418119430542 0.077384568750858307
0.46400368213653564 0.010632349178195 0.030467061325907707
0.43849602341651917 0.10079561918973923 0.075448714196681976
0.4409196674823761 0.01191367581486702 0.04700939729809761
0.43780520558357239 0.098633468151092529 0.043276485055685043
0.41937845945358276 0.021403029561042786 0.073017507791519165
0.5274084210395813 -0.047980554401874542 0.084370940923690796
0.40579405426979065 0.048816584050655365 0.038014587014913559
0.40699523687362671 0.061407454311847687 0.093901678919792175
0.49079188704490662 0.031363252550363541 0.030426789075136185
0.49856114387512207 -0.036929793655872345 0.077461756765842438
0.40331459045410156 0.047658555209636688 0.088525108993053436
0.47270402312278748 0.067743979394435883 0.086198031902313232
0.50899773836135864 0.021120961755514145 0.10039954632520676
0.41750898957252502 0.02714480459690094 0.084550507366657257
0.55067646503448486 -0.028954731300473213 0.0636257603764534
0.43636676669120789 0.094972088932991028 0.094605110585689545
0.54251319169998169 -0.037994999438524246 0.077629700303077698
0.49264588952064514 0.06079864501953125 0.061728790402412415
0.42166179418563843 0.045776031911373138 0.098492026329040527
0.52025502920150757 -0.033632792532444 0.048348460346460342
0.52528512477874756 -0.037586435675621033 0.083972692489624023
0.40867513418197632 0.063245803117752075 0.058719746768474579
0.43463337421417236 0.0060760881751775742 0.06290137767791748
0.53625309467315674 0.013615326024591923 0.071776635944843292
0.51436728239059448 -0.030177041888237 0.089910335838794708
0.42429748177528381 0.080581493675708771 0.083299018442630768
0.54180657863616943 -0.024030888453125954 0.08572656661272049
0.46318343281745911 0.068735912442207336 0.093241602182388306
0.51533132791519165 -0.02933814749121666 0.054217580705881119
0.53888368606567383 -0.0073218345642089844 0.055556785315275192
0.52289891242980957 -0.042193364351987839 0.072226464748382568
0.50814360380172729 -0.025340758264064789 0.087761662900447845
0.53405916690826416 0.021304890513420105 0.064996153116226196
0.49162232875823975 -0.026518722996115685 0.044141523540019989
0.55269265174865723 -0.028206503018736839 0.087652102112770081
0.53301411867141724 -0.00079863559221848845 0.076524309813976288
0.49596637487411499 -0.03087061271071434 0.088951952755451202
0.44204390048980713 0.100112684071064 0.055219627916812897
0.5550236701965332 -0.016046367585659027 0.066750675439834595
0.51444709300994873 -0.021258991211652756 0.033666167408227921
0.4217039942741394 0.062346309423446655 0.10313749313354492
0.44510480761528015 0.072656027972698212 0.099797949194908142
0.46117332577705383 0.085563056170940399 0.067683853209018707
0.46977844834327698 0.07122328132390976 0.04838879406452179
0.41530442237854004 0.070617362856864929 0.091472312808036804
0.47063463926315308 0.077024482190608978 0.065794378519058228
0.45545691251754761 0.063584849238395691 0.099705807864665985
0.4365198016166687 0.052011799067258835 0.030036270618438721
0.44973102211952209 0.07845635712146759 0.098725847899913788
0.5417206883430481 -0.014501560479402542 0.081215530633926392
0.51890003681182861 0.00022727010946255177 0.097444251179695129
0.53230863809585571 -0.049178872257471085 0.047149974852800369
0.48074457049369812 0.0033263752702623606 0.10526137799024582
0.4861966073513031 0.011078668758273125 0.026825182139873505
0.42969208955764771 0.087003245949745178 0.102889284491539
0.50362664461135864 0.036424312740564346 0.089848577976226807
0.50181657075881958 0.043477702885866165 0.049996547400951385
0.53119498491287231 0.02199871651828289 0.052331045269966125
0.42249205708503723 0.078557610511779785 0.050432596355676651
0.49526655673980713 0.020221719518303871 0.028426680713891983
0.47407540678977966 0.031676020473241806 0.1033492311835289
0.44550707936286926 0.0090113133192062378 0.042221121490001678
0.46616238355636597 -0.01017041876912117 0.069234035909175873
0.40620610117912292 0.064974300563335419 0.039203941822052002
0.51613521575927734 -0.032928761094808578 0.081474930047988892
0.47160997986793518 -0.02009175717830658 0.053391389548778534
0.54625785350799561 -0.018538180738687515 0.061872314661741257
0.55073481798171997 -0.028882017359137535 0.075382359325885773
0.4846917986869812 0.029878189787268639 0.029203267768025398
0.51251006126403809 -0.021013978868722916 0.090360790491104126
0.54556232690811157 -0.03910209983587265 0.0652146115899086
0.48143801093101501 -0.034652695059776306 0.06175294890999794
0.45438125729560852 0.071410998702049255 0.033327631652355194
0.50381726026535034 0.0046484167687594891 0.030217351391911507
0.41035908460617065 0.06513359397649765 0.089467205107212067
0.43313169479370117 0.043008960783481598 0.029446063563227654
0.53125870227813721 -0.024790745228528976 0.042090084403753281
0.50435030460357666 -0.0093906400725245476 0.10202758014202118
0.52016592025756836 -0.00910164974629879 0.093179516494274139
0.4000784158706665 0.053733441978693008 0.085061639547348022
0.52094370126724243 -0.025246664881706238 0.08778759092092514
0.44803255796432495 0.0023517641238868237 0.051309984177350998
0.47869667410850525 -0.006464031059294939 0.097093403339385986
0.52994585037231445 -0.051935512572526932 0.065395787358283997
0.54932618141174316 -0.017642119899392128 0.05105879157781601
0.42539623379707336 0.032819770276546478 0.092939324676990509
0.46526801586151123 0.00077527877874672413 0.037999559193849564
0.47567605972290039 0.025280661880970001 0.10372661799192429
0.48377683758735657 0.048740204423666 0.036617591977119446
0.41301104426383972 0.072524502873420715 0.048369944095611572
0.48075038194656372 -0.031074831262230873 0.072800464928150177
0.40991672873497009 0.069114774465560913 0.078637272119522095
0.46148890256881714 0.0087728425860404968 0.091567918658256531
0.49174109101295471 -0.00012227035767864436 0.10327913612127304
0.4457542896270752 0.09872300922870636 0.060340132564306259
0.47455784678459167 0.0007419422036036849 0.093491837382316589
0.55442601442337036 -0.019011788070201874 0.079065091907978058
0.45303276181221008 0.032046724110841751 0.10592611879110336
0.44854459166526794 0.10065115243196487 0.0712909996509552
0.43339863419532776 0.016472497954964638 0.083653546869754791
0.55419903993606567 -0.029537120833992958 0.051026102155447006
0.43058031797409058 0.075289711356163025 0.030842408537864685
0.42274752259254456 0.024868767708539963 0.081756561994552612
0.41475370526313782 0.05292728915810585 0.032291736453771591
0.40958261489868164 0.064243309199810028 0.046184487640857697
0.52883148193359375 -0.01868847943842411 0.086614184081554413
0.51086443662643433 -0.0082747144624590874 0.033141061663627625
0.52278655767440796 0.0031954955775290728 0.037279710173606873
0.54576730728149414 -0.035856172442436218 0.046739041805267334
0.39853361248970032 0.038406141102313995 0.067815028131008148
0.53146785497665405 -0.00026138711837120354 0.052919160574674606
0.46522349119186401 0.063834324479103088 0.03825797513127327
0.41949370503425598 0.079699136316776276 0.030710745602846146
0.42255076766014099 0.043656434863805771 0.035637930035591125
0.40557634830474854 0.06429407000541687 0.065497860312461853
0.4037659764289856 0.057789210230112076 0.037715498358011246
0.4589710533618927 0.014662306755781174 0.10260675102472305
0.45747724175453186 0.049225464463233948 0.030550520867109299
0.51790362596511841 0.034026339650154114 0.06226830929517746
0.46558564901351929 0.063168056309223175 0.095492564141750336
0.42111358046531677 0.07702154666185379 0.038872666656970978
0.499919593334198 0.049745991826057434 0.073673732578754425
0.4413222074508667 0.03329051285982132 0.1005302295088768
0.43458068370819092 0.071635991334915161 0.10478745400905609
0.43428394198417664 0.077303744852542877 0.10144906491041183
0.40227967500686646 0.036312434822320938 0.058004837483167648
0.44083061814308167 0.049703594297170639 0.10663356631994247
0.46031248569488525 0.085840187966823578 0.061514828354120255
0.40172603726387024 0.060013681650161743 0.048010274767875671
0.46494469046592712 0.079642727971076965 0.085914738476276398
0.48021653294563293 0.03936472162604332 0.10264153778553009
0.53288048505783081 -0.030679007992148399 0.046472154557704926
0.4187263548374176 0.074404768645763397 0.082431092858314514
0.43750846385955811 0.095205120742321014 0.050885196775197983
0.52607458829879761 0.013502303510904312 0.089235126972198486
0.43203115463256836 0.089126907289028168 0.042001187801361084
0.40467727184295654 0.05882609635591507 0.076793789863586426
0.43175193667411804 0.093318074941635132 0.073906555771827698
0.43091928958892822 0.087928064167499542 0.09156230092048645
0.40460219979286194 0.03724583238363266 0.070728935301303864
0.42215272784233093 0.062109615653753281 0.030353240668773651
0.49577546119689941 0.047929544001817703 0.048613883554935455
0.52584379911422729 -0.028801605105400085 0.050049882382154465
0.45426163077354431 0.040598362684249878 0.029792975634336472
0.53435492515563965 0.0061614136211574078 0.084179624915122986
0.53219044208526611 -0.029484976083040237 0.091736204922199249
0.48042365908622742 -0.027678918093442917 0.080909140408039093
0.45815497636795044 0.0097941961139440536 0.080049961805343628
0.46027359366416931 0.083665497601032257 0.07880701869726181
0.40915143489837646 0.044490020722150803 0.090512946248054504
0.45421046018600464 0.08298385888338089 0.087823867797851562
0.41335135698318481 0.033855918794870377 0.088713958859443665
0.5020824670791626 -0.023135418072342873 0.042790301144123077
0.48790347576141357 0.024322342127561569 0.10486859828233719
0.45406904816627502 0.060152899473905563 0.029067136347293854
0.49071598052978516 0.05788857489824295 0.074299037456512451
0.51596355438232422 -0.036625958979129791 0.063336610794067383
0.53301280736923218 0.019873017445206642 0.078035704791545868
0.54969167709350586 -0.017161477357149124 0.070811443030834198
0.5415995717048645 -0.013588258065283298 0.053473249077796936
0.47449427843093872 0.01251566968858242 0.027805868536233902
0.5235406756401062 -0.020965104922652245 0.091323964297771454
0.52433043718338013 -0.021650899201631546 0.04942777007818222
0.46543881297111511 0.024920878931879997 0.10340799391269684
0.46980336308479309 0.053260840475559235 0.10209178179502487
0.430482417345047 0.087424181401729584 0.06282593309879303
0.46664479374885559 0.044169988483190536 0.029015311971306801
0.41009634733200073 0.031805064529180527 0.051913496106863022
0.43123453855514526 0.092749141156673431 0.08075655996799469
0.40242558717727661 0.044719934463500977 0.049425937235355377
0.43618413805961609 0.098237454891204834 0.082504145801067352
0.39350655674934387 0.050913315266370773 0.065257184207439423
0.41628959774971008 0.071675002574920654 0.040814701467752457
0.54704821109771729 -0.023811919614672661 0.050829116255044937
0.42957395315170288 0.022228209301829338 0.046906355768442154
0.53943431377410889 0.0035007237456738949 0.061609353870153427
0.5377194881439209 -0.039811756461858749 0.04570075124502182
0.41103556752204895 0.070342153310775757 0.059632197022438049
0.43069502711296082 0.010164791718125343 0.059950262308120728
0.44272914528846741 0.08607453852891922 0.097969576716423035
0.52202761173248291 -0.040334414690732956 0.059413470327854156
0.54951465129852295 -0.034726422280073166 0.056648179888725281
0.48879706859588623 -0.014267841354012489 0.03141215443611145
0.48588711023330688 0.00094176130369305611 0.030984282493591309
0.52699017524719238 -0.040981017053127289 0.05050346627831459
0.44118499755859375 0.007895125076174736 0.052365072071552277
0.47625002264976501 0.01831403560936451 0.029904304072260857
0.51847928762435913 -0.042356781661510468 0.076783657073974609
0.53081631660461426 -0.01971152238547802 0.0463285893201828
0.4293476939201355 0.036766495555639267 0.03245886042714119
0.41668862104415894 0.064800135791301727 0.03068973682820797
0.54654204845428467 -0.033532537519931793 0.071845024824142456
0.42567223310470581 0.047273397445678711 0.030812302604317665
0.51368910074234009 0.020312298089265823 0.0345880426466465
0.54443562030792236 -0.010826240293681622 0.060889121145009995
0.40935349464416504 0.039386972784996033 0.085310652852058411
0.44028317928314209 0.023164045065641403 0.098072640597820282
0.52282810211181641 -0.016546402126550674 0.041736498475074768
0.53729140758514404 -0.0030977816786617041 0.050814155489206314
0.52853542566299438 0.028088277205824852 0.060078524053096771
0.54224061965942383 -0.042792085558176041 0.054192245006561279
0.39474913477897644 0.045520592480897903 0.054296877235174179
0.46948021650314331 0.0079519124701619148 0.030574541538953781
0.48754051327705383 -0.035632632672786713 0.073932252824306488
0.46614199876785278 0.010294457897543907 0.10109618306159973
0.5131838321685791 -0.040408127009868622 0.06755547970533371
0.51321852207183838 -0.011260493658483028 0.097609907388687134
0.49442979693412781 -0.013658219017088413 0.10087702423334122
0.48739773035049438 0.03870406374335289 0.035511612892150879
0.41638854146003723 0.041883882135152817 0.097625166177749634
0.43316778540611267 0.057989452034235001 0.026825912296772003
0.41211634874343872 0.047750163823366165 0.094951815903186798
0.49684131145477295 0.015976728871464729 0.10263087600469589
0.44427263736724854 0.054908126592636108 0.029886798933148384
0.5022432804107666 0.010892034508287907 0.10267116129398346
0.42654752731323242 0.014992170035839081 0.077236950397491455
0.49348422884941101 0.0070199412293732166 0.10378843545913696
0.52372056245803833 -0.052271872758865356 0.073510907590389252
0.48472529649734497 0.007973785512149334 0.10346669703722
0.43728634715080261 0.028461728245019913 0.032986491918563843
0.48870140314102173 -0.012526283040642738 0.099447645246982574
0.49289104342460632 0.052652586251497269 0.088180989027023315
0.50656586885452271 -0.019209554418921471 0.099432818591594696
0.40492910146713257 0.059090461581945419 0.055041328072547913
0.5212094783782959 0.015058981254696846 0.035463307052850723
0.50406181812286377 0.0018125876085832715 0.10664650052785873
0.52391630411148071 -0.044144842773675919 0.065005406737327576
0.49209493398666382 0.045613996684551239 0.042646277695894241
0.51488637924194336 -0.029003685340285301 0.047859363257884979
0.53422874212265015 -0.0038502104580402374 0.087337546050548553
0.53404432535171509 -0.010365244001150131 0.057314146310091019
0.43416473269462585 0.086933411657810211 0.032064013183116913
0.51294219493865967 -0.037116564810276031 0.077130652964115143
0.45146644115447998 0.020334834232926369 0.031387634575366974
0.44352659583091736 0.027153879404067993 0.10239195823669434
0.42918488383293152 0.081251941621303558 0.10162387043237686
0.41258683800697327 0.071672163903713226 0.028959447517991066
0.4280809760093689 0.05383012443780899 0.10270495712757111
0.43617308139801025 0.043686416000127792 0.10213707387447357
0.42532351613044739 0.086196042597293854 0.08056003600358963
0.45283475518226624 0.011116431094706059 0.034693062305450439
0.48562321066856384 0.043742533773183823 0.096288837492465973
0.44693252444267273 0.012061710469424725 0.037388186901807785
0.43786647915840149 0.017341339960694313 0.044169425964355469
0.48329183459281921 -0.023761766031384468 0.044323954731225967
0.39731431007385254 0.040956556797027588 0.061290211975574493
0.44748631119728088 0.0115321334451437 0.082424871623516083
0.47063922882080078 0.078717030584812164 0.058909498155117035
0.55258846282958984 -0.025542283430695534 0.070526346564292908
0.51864326000213623 0.037244781851768494 0.072413995862007141
0.53419911861419678 0.011529963463544846 0.081600956618785858
0.52348893880844116 -0.043367821723222733 0.054617680609226227
0.5291297435760498 -0.0093203950673341751 0.044916994869709015
0.47360020875930786 0.072681993246078491 0.057239498943090439
0.50136464834213257 -0.031824372708797455 0.078066378831863403
0.54368418455123901 -0.010695880278944969 0.074049666523933411
0.4381980299949646 0.0036930786445736885 0.058792013674974442
0.50890707969665527 -0.02323082834482193 0.047265484929084778
0.4258277416229248 0.057199407368898392 0.027533566579222679
0.50350803136825562 -0.034955088049173355 0.083707608282566071
0.46790054440498352 0.060333717614412308 0.033880718052387238
0.44780987501144409 0.091169729828834534 0.090485617518424988
0.50283354520797729 -0.03883747011423111 0.073383748531341553
0.51653546094894409 -0.039250500500202179 0.051037214696407318
0.53152680397033691 -0.047434549778699875 0.073643125593662262
0.55055093765258789 -0.026867700740695 0.046099916100502014
0.54164272546768188 -0.043441537767648697 0.073806092143058777
0.4752122163772583 0.065789677202701569 0.091156363487243652
0.54569506645202637 -0.033458482474088669 0.082115165889263153
0.55779963731765747 -0.025539495050907135 0.059875011444091797
0.4014052152633667 0.039987802505493164 0.081401020288467407
0.45930388569831848 0.044877547770738602 0.027158340439200401
0.46762111783027649 0.010609852150082588 0.091422230005264282
0.54320526123046875 -0.037241309881210327 0.057794816792011261
0.46808981895446777 0.0046317996457219124 0.079671293497085571
0.42077898979187012 0.027900952845811844 0.049823161214590073
0.40261074900627136 0.056527372449636459 0.065369419753551483
0.51289528608322144 0.0090371156111359596 0.030678939074277878
0.39953708648681641 0.057604093104600906 0.073049366474151611
0.46596154570579529 0.046501524746417999 0.10512658208608627
0.51098477840423584 0.037818051874637604 0.079070314764976501
0.40308383107185364 0.054898243397474289 0.097666747868061066
0.45360532402992249 0.05213145911693573 0.027406182140111923
0.51355361938476562 -0.021921843290328979 0.096004299819469452
0.4980425238609314 0.025954123586416245 0.099431604146957397
0.48752579092979431 0.053499184548854828 0.046332892030477524
0.41615757346153259 0.043006081134080887 0.036577727645635605
0.50234651565551758 -0.031282488256692886 0.044606205075979233
0.49531710147857666 0.058803152292966843 0.067761175334453583
0.47351276874542236 0.069317899644374847 0.044448535889387131
0.53246587514877319 -0.014940381050109863 0.089023955166339874
0.42830070853233337 0.019073355942964554 0.086940750479698181
0.45854583382606506 0.020421573892235756 0.10135996341705322
0.39727991819381714 0.050609499216079712 0.053488317877054214
0.44569289684295654 0.10226510465145111 0.065468832850456238
0.46365731954574585 -0.013163634575903416 0.05385260283946991
0.43772190809249878 0.06154327467083931 0.10359200835227966
0.45150256156921387 0.036938268691301346 0.10334189981222153
0.50966322422027588 -0.036321364343166351 0.062797009944915771
0.44828835129737854 0.029621532186865807 0.029313609004020691
0.52122849225997925 -0.004537154920399189 0.045255836099386215
0.5146908164024353 0.021264329552650452 0.093982823193073273
0.46077656745910645 -0.00046985311200842261 0.063849397003650665
0.43293002247810364 0.026154134422540665 0.037107203155755997
0.4531523585319519 0.011705802753567696 0.084891870617866516
0.50304555892944336 -0.014870148152112961 0.10299897938966751
0.43119367957115173 0.088227465748786926 0.084536164999008179
0.49481877684593201 -0.021802783012390137 0.099310211837291718
0.52420896291732788 -0.044193174690008163 0.078607499599456787
0.44218465685844421 0.026624804362654686 0.035337626934051514
0.49490830302238464 0.039790820330381393 0.040073178708553314
0.46912088990211487 0.019557420164346695 0.10621826350688934
0.43332618474960327 0.063947409391403198 0.027568647637963295
0.52381229400634766 0.0023801256902515888 0.042818646878004074
0.53198647499084473 0.017314847558736801 0.071070626378059387
0.48353198170661926 -0.030855821445584297 0.085115894675254822
0.4953359067440033 0.014950455166399479 0.030556727200746536
0.51703047752380371 -0.0085324151441454887 0.043012473732233047
0.44529873132705688 0.040035054087638855 0.10300888121128082
0.53414011001586914 0.0066965064033865929 0.067314296960830688
0.41533827781677246 0.033855386078357697 0.043404333293437958
0.43431156873703003 0.030191848054528236 0.096419818699359894
0.5153501033782959 0.030751582235097885 0.049262851476669312
0.47845107316970825 0.054849583655595779 0.093335963785648346
0.5491868257522583 -0.026546476408839226 0.05674884095788002
0.52540695667266846 -0.0089041274040937424 0.095303088426589966
0.49587744474411011 0.05611063539981842 0.078105956315994263
0.47101289033889771 0.062285870313644409 0.092792294919490814
0.40831831097602844 0.034240271896123886 0.060857914388179779
0.55098634958267212 -0.023793678730726242 0.080182686448097229
0.53913086652755737 -0.005333565641194582 0.070368587970733643
0.42120489478111267 0.018768932670354843 0.059764523059129715
0.51693522930145264 -0.0052475915290415287 0.036626696586608887
0.49322965741157532 -0.033103819936513901 0.057691637426614761
0.53066557645797729 0.015357282944023609 0.054246101528406143
0.48870325088500977 -0.027296386659145355 0.093234315514564514
0.48734813928604126 -0.028848607093095779 0.048914048820734024
0.40962240099906921 0.061820659786462784 0.10048948228359222
0.54068088531494141 -0.036767218261957169 0.050686098635196686
0.44826245307922363 0.069642335176467896 0.033664096146821976
0.47890642285346985 0.0016973670572042465 0.029110485687851906
0.4283548891544342 0.064809642732143402 0.10374809801578522
0.4970821738243103 0.051235176622867584 0.056560374796390533
0.52426326274871826 0.031380347907543182 0.064479164779186249
0.403970867395401 0.058046750724315643 0.082310676574707031
0.55911839008331299 -0.02098441869020462 0.075400218367576599
0.49962973594665527 0.044547166675329208 0.084835194051265717
0.44061410427093506 0.0093532269820570946 0.068149372935295105
0.4272887110710144 0.088353678584098816 0.049750793725252151
0.52798151969909668 -0.056137166917324066 0.074286937713623047
0.41342324018478394 0.073016159236431122 0.099285684525966644
0.48436585068702698 -0.015476749278604984 0.0374419204890728
0.45550695061683655 0.085679836571216583 0.082915559411048889
0.47520899772644043 -0.020310534164309502 0.083700373768806458
0.52437394857406616 -0.0012701679952442646 0.096893809735774994
0.51741766929626465 0.001875051180832088 0.038077451288700104
0.48208284378051758 0.064588069915771484 0.077462494373321533
0.41452839970588684 0.030300630256533623 0.04793674498796463
0.46856921911239624 -0.0054297470487654209 0.070936597883701324
0.51377689838409424 0.040566485375165939 0.057113718241453171
0.50474250316619873 0.028572505339980125 0.095069393515586853
0.49359980225563049 0.044424895197153091 0.090776540338993073
0.5285264253616333 -0.0082400385290384293 0.084297917783260345
0.5099947452545166 -0.0053336853161454201 0.10487899929285049
0.47794446349143982 -0.013361768797039986 0.039747085422277451
0.52024805545806885 -0.0062917917966842651 0.029280286282300949
0.51674503087997437 -0.0015157344751060009 0.1022687628865242
0.4803088903427124 -0.01869109645485878 0.094635620713233948
0.45780828595161438 0.085431121289730072 0.053769603371620178
0.41231393814086914 0.030057812109589577 0.068417653441429138
0.50644928216934204 0.040515739470720291 0.081676043570041656
0.51980942487716675 -0.023718327283859253 0.045025013387203217
0.53841674327850342 -0.0099158547818660736 0.083478197455406189
0.45660066604614258 -0.005602644756436348 0.051785711199045181
0.46896699070930481 0.080232575535774231 0.074580468237400055
0.54370725154876709 -0.029439250007271767 0.047624330967664719
0.52551472187042236 -0.030123202130198479 0.086787298321723938
0.41808262467384338 0.078183360397815704 0.10193157196044922
0.53789651393890381 -0.038526907563209534 0.087282352149486542
0.54236441850662231 -0.030228493735194206 0.086915075778961182
0.47487607598304749 0.0066632446832954884 0.095709510147571564
0.47429382801055908 -0.011075057089328766 0.081021659076213837
0.46468383073806763 0.054034795612096786 0.10016463696956635
0.44226783514022827 0.020096251741051674 0.038866031914949417
0.49040773510932922 -0.023190710693597794 0.03990323469042778
0.44153252243995667 0.069008231163024902 0.10190622508525848
0.50159180164337158 -0.014784114435315132 0.031914990395307541
0.44367155432701111 0.0013682600110769272 0.061044570058584213
0.48032909631729126 0.01978461816906929 0.10377366095781326
0.5159456729888916 0.036154162138700485 0.067730061709880829
0.49437230825424194 -0.037427864968776703 0.062190424650907516
0.5415654182434082 -0.04354437068104744 0.048663660883903503
0.53784281015396118 -0.0040252641774713993 0.063138321042060852
0.53334647417068481 -0.048014290630817413 0.087629936635494232
0.51495164632797241 -0.012144864536821842 0.027850568294525146
0.5198250412940979 -0.036662198603153229 0.083107367157936096
0.54198527336120605 -0.043065492063760757 0.068333454430103302
0.50754249095916748 0.043672908097505569 0.051451228559017181
0.45309773087501526 0.075893640518188477 0.09457416832447052
0.43534794449806213 0.097296789288520813 0.062435675412416458
0.53801524639129639 0.0045338612981140614 0.076629482209682465
0.5215269923210144 0.023202046751976013 0.04178774356842041
0.4298645555973053 0.025454554706811905 0.090211287140846252
0.53944438695907593 -0.025045139715075493 0.046065326780080795
0.47617533802986145 -0.020637474954128265 0.042567901313304901
0.45868074893951416 0.053887296468019485 0.10183051228523254
0.46958595514297485 -0.01481184083968401 0.079144686460494995
0.45434564352035522 0.095577090978622437 0.066610105335712433
0.41944295167922974 0.070570886135101318 0.10368595272302628
0.48183020949363708 0.070699088275432587 0.062658749520778656
0.52380812168121338 -0.01552253495901823 0.086523436009883881
0.52688080072402954 0.014448489062488079 0.045903902500867844
0.48034784197807312 0.0098761767148971558 0.027303582057356834
0.47792616486549377 0.041201703250408173 0.0308518186211586
0.50815427303314209 -0.033170584589242935 0.046674221754074097
0.4287351667881012 0.070043101906776428 0.10561804473400116
0.44567838311195374 0.035297475755214691 0.028236372396349907
0.45487987995147705 8.9221903181169182e-05 0.061412166804075241
0.51377713680267334 0.025211211293935776 0.038996901363134384
0.40178844332695007 0.055601473897695541 0.044389955699443817
0.4274691641330719 0.012990057468414307 0.068076342344284058
0.44682073593139648 0.092398561537265778 0.043372001498937607
0.52911573648452759 -0.022045811638236046 0.091683395206928253
0.49028870463371277 0.057526152580976486 0.056980855762958527
0.4327639639377594 0.094426676630973816 0.054369814693927765
0.52686953544616699 0.0032547663431614637 0.09467644989490509
0.54650545120239258 -0.0084247365593910217 0.065308451652526855
0.46024394035339355 0.044280607253313065 0.10636524111032486
0.4209665060043335 0.081357277929782867 0.067953944206237793
0.49545803666114807 -0.010442377999424934 0.031590670347213745
0.51962721347808838 -0.04937608540058136 0.070897422730922699
0.51308006048202515 -0.0012789594475179911 0.028496729210019112
0.52761185169219971 0.022092219442129135 0.048267722129821777
0.47325307130813599 -0.024229863658547401 0.073127254843711853
0.4949144721031189 0.03105446882545948 0.0984639972448349
0.55043339729309082 -0.033711593598127365 0.05116654559969902
0.45781433582305908 0.031857002526521683 0.10340939462184906
0.53866362571716309 -0.016851769760251045 0.046074360609054565
0.53410613536834717 0.0023370562121272087 0.071037545800209045
0.49980700016021729 -0.038448389619588852 0.061416968703269958
0.46653485298156738 0.076470978558063507 0.081734314560890198
0.4230293333530426 0.027763057500123978 0.091444872319698334
0.50529450178146362 0.047745212912559509 0.055794376879930496
0.53272801637649536 -0.046491507440805435 0.082429587841033936
0.52784234285354614 -0.033176161348819733 0.047072380781173706
0.50371944904327393 -0.028680471703410149 0.049132537096738815
0.46237742900848389 -0.018044261261820793 0.062336266040802002
0.52956455945968628 0.025255566462874413 0.078650638461112976
0.41430339217185974 0.05229666456580162 0.10162923485040665
0.52604597806930542 0.029560746625065804 0.070614874362945557
0.52736884355545044 -0.042519163340330124 0.083170115947723389
0.45432385802268982 0.029533678665757179 0.027851492166519165
0.47091400623321533 -0.0074944817461073399 0.040073346346616745
0.44705891609191895 0.024637201800942421 0.030910002067685127
0.40782234072685242 0.059778660535812378 0.030979543924331665
0.43961620330810547 0.012220052070915699 0.075174786150455475
0.46520882844924927 0.073616161942481995 0.092265471816062927
0.53965514898300171 -0.019866552203893661 0.088464312255382538
0.52160388231277466 -0.017755484208464622 0.095166914165019989
0.48607724905014038 0.01927703432738781 0.027041139081120491
0.4403042197227478 0.038283485919237137 0.10388495773077011
0.42103061079978943 0.072137191891670227 0.029763564467430115
0.50132149457931519 0.0064750793389976025 0.10556799173355103
0.53574895858764648 -0.049978092312812805 0.069788046181201935
0.53182458877563477 -0.054256394505500793 0.079087451100349426
0.51214039325714111 -0.018510160967707634 0.045133583247661591
0.47572693228721619 -0.01424355898052454 0.088754169642925262
0.4474450945854187 0.012867938727140427 0.077126942574977875
0.41462245583534241 0.026093248277902603 0.056712280958890915
0.53009825944900513 -0.037249729037284851 0.04333534836769104
0.47660490870475769 0.043225329369306564 0.10349075496196747
0.52588874101638794 0.017259372398257256 0.093684710562229156
0.54759120941162109 -0.019785134121775627 0.081208691000938416
0.46298161149024963 0.036102067679166794 0.10374024510383606
0.54527324438095093 -0.039091888815164566 0.090026348829269409
0.46957138180732727 0.042319189757108688 0.10537493973970413
0.41655009984970093 0.02214023657143116 0.0673103928565979
0.52614700794219971 0.026574818417429924 0.082668699324131012
0.5116647481918335 -0.033269569277763367 0.053428307175636292
0.44944602251052856 0.044349309056997299 0.029810164123773575
0.50436687469482422 -0.016345547512173653 0.039927490055561066
0.51557242870330811 -0.040700539946556091 0.059026699513196945
0.49862474203109741 0.050546027719974518 0.084070459008216858
0.52694445848464966 -0.049019895493984222 0.055553097277879715
0.53123301267623901 0.017838845029473305 0.058930728584527969
0.43963846564292908 0.034981489181518555 0.030074704438447952
0.48312288522720337 0.058243896812200546 0.086326614022254944
0.43874511122703552 0.10106740146875381 0.069050818681716919
0.5238763689994812 -0.054005373269319534 0.063334822654724121
0.53534048795700073 -0.031851958483457565 0.087835855782032013
0.43655472993850708 0.019210642203688622 0.038987297564744949
0.53847974538803101 -0.0077056111767888069 0.075679518282413483
0.42798322439193726 0.089139260351657867 0.072703704237937927
0.45186552405357361 0.015703249722719193 0.094151966273784637
0.42438900470733643 0.038743000477552414 0.034801773726940155
0.492653489112854 0.023226117715239525 0.10185540467500687
0.5340501070022583 -0.044358033686876297 0.048788473010063171
0.41551065444946289 0.070826925337314606 0.063490286469459534
0.47702932357788086 0.072094649076461792 0.080398440361022949
0.45670914649963379 0.068545490503311157 0.096971333026885986
0.51478087902069092 -0.014883105643093586 0.093973107635974884
0.49538034200668335 0.030960178002715111 0.035267982631921768
0.5120888352394104 0.0056920489296317101 0.1018679216504097
0.45606425404548645 0.089978955686092377 0.070045948028564453
0.49399492144584656 0.039684880524873734 0.094138316810131073
0.43612048029899597 0.019218834117054939 0.094264119863510132
0.41594487428665161 0.032386261969804764 0.083896026015281677
0.53423118591308594 -0.025608746334910393 0.088404521346092224
0.50742429494857788 0.011056196875870228 0.10157254338264465
0.49264508485794067 -0.019963914528489113 0.032409738749265671
0.46800810098648071 -0.014279155060648918 0.045272920280694962
0.5400463342666626 -0.018465874716639519 0.054800096899271011
0.45368587970733643 0.0053257634863257408 0.069043360650539398
0.45536318421363831 0.041023261845111847 0.10376489907503128
0.43088889122009277 0.047488082200288773 0.031629350036382675
0.52705025672912598 -0.015520698390901089 0.04513753205537796
0.50579774379730225 -0.037032067775726318 0.0532674640417099
0.53638428449630737 0.010519819334149361 0.076045200228691101
0.42491176724433899 0.027348270639777184 0.045878425240516663
0.48582392930984497 0.065239310264587402 0.055603478103876114
0.47027212381362915 0.025212906301021576 0.029834914952516556
0.4012276828289032 0.049966849386692047 0.093661919236183167
0.51118659973144531 0.035259861499071121 0.089202798902988434
0.46843588352203369 -0.019566876813769341 0.069352015852928162
0.51805323362350464 -0.010353520512580872 0.031810823827981949
0.44814622402191162 0.0002185871999245137 0.05612100288271904
0.52096182107925415 -0.018600478768348694 0.046660814434289932
0.5355566143989563 -0.042655043303966522 0.09037172794342041
0.4320681095123291 0.009309220127761364 0.072817526757717133
0.5172608494758606 -0.042729340493679047 0.071209698915481567
0.42893579602241516 0.079688936471939087 0.028381548821926117
0.48032164573669434 0.0598624087870121 0.046181991696357727
0.4980161190032959 0.0072444537654519081 0.029976341873407364
0.40529385209083557 0.036637939512729645 0.08250591903924942
0.49066621065139771 0.058114126324653625 0.050112675875425339
0.49830234050750732 0.036541268229484558 0.036322068423032761
0.50543999671936035 0.047428958117961884 0.076732710003852844
0.45961636304855347 0.027854610234498978 0.027476375922560692
0.47717651724815369 0.01587827131152153 0.1065833792090416
0.42430031299591064 0.020600724965333939 0.075499005615711212
0.53271633386611938 -0.014246616512537003 0.053178414702415466
0.4552268385887146 0.093470856547355652 0.076171278953552246
0.51819700002670288 0.032411873340606689 0.057153936475515366
0.4946925938129425 0.023645073175430298 0.03233959898352623
0.45030060410499573 0.019594611600041389 0.098349586129188538
0.45670792460441589 0.014081242494285107 0.092124603688716888
0.42089790105819702 0.035825286060571671 0.041390087455511093
0.49694520235061646 0.052668791264295578 0.05047374963760376
0.47182440757751465 0.0012584800133481622 0.077465176582336426
0.49977809190750122 -0.033735565841197968 0.066927723586559296
0.41337808966636658 0.068488940596580505 0.10187613964080811
0.51678913831710815 -0.0084426840767264366 0.10054590553045273
0.51334601640701294 -0.016262538731098175 0.099078148603439331
0.51905083656311035 0.029445841908454895 0.081182830035686493
0.52586454153060913 0.0097846882417798042 0.043155595660209656
0.47554665803909302 0.047288715839385986 0.098986826837062836
0.52443158626556396 -0.010725632309913635 0.037544146180152893
0.47580739855766296 -0.001588357612490654 0.082253292202949524
0.4793732762336731 0.070506766438484192 0.054286815226078033
0.50382143259048462 -0.0084142237901687622 0.032230809330940247
0.4359360933303833 0.033028975129127502 0.10200884938240051
0.4083038866519928 0.037681739777326584 0.04565492644906044
0.53863418102264404 -0.040221434086561203 0.082328572869300842
0.52430474758148193 -0.027359073981642723 0.045301966369152069
0.54384326934814453 -0.0088523011654615402 0.055430769920349121
0.43649724125862122 0.010023743845522404 0.050187032669782639
0.52017635107040405 -0.02962101623415947 0.05194096639752388
0.52918648719787598 0.00022363223251886666 0.0482945516705513
0.48368215560913086 -0.032383795827627182 0.050758451223373413
0.46840110421180725 0.047894284129142761 0.032477419823408127
0.44809579849243164 0.070033513009548187 0.1031097024679184
0.51781827211380005 -0.029368888586759567 0.085896685719490051
0.43997207283973694 0.07958538830280304 0.031532537192106247
0.54937469959259033 -0.034875325858592987 0.065818630158901215
0.45759883522987366 0.07966197282075882 0.091716684401035309
0.40454649925231934 0.040140774101018906 0.053850021213293076
0.52502459287643433 -0.048914652317762375 0.063347943127155304
0.47445401549339294 0.010865635238587856 0.10159508883953094
0.43903520703315735 0.070030413568019867 0.029192617163062096
0.40053173899650574 0.058716811239719391 0.0878167524933815
0.42290180921554565 0.083489812910556793 0.048958417028188705
0.42502379417419434 0.077933147549629211 0.10305542498826981
0.45911943912506104 -0.0063593252561986446 0.045378372073173523
0.44199618697166443 0.087229356169700623 0.035840656608343124
0.44489374756813049 0.0050333891995251179 0.067527994513511658
0.50483667850494385 0.021498588845133781 0.034849707037210464
0.42388904094696045 0.084614358842372894 0.093136504292488098
0.47447776794433594 -0.025630412623286247 0.061910167336463928
0.4787462055683136 0.02904827892780304 0.10620328783988953
0.39778098464012146 0.041083518415689468 0.07759934663772583
0.4525102972984314 0.079598329961299896 0.041206490248441696
0.4931812584400177 -0.029921006411314011 0.08418254554271698
0.47382766008377075 0.00044351414544507861 0.087884537875652313
0.41141027212142944 0.04947257786989212 0.034132879227399826
0.49191457033157349 -0.02667791023850441 0.089258879423141479
0.54153990745544434 -0.0087345410138368607 0.06662440299987793
0.55321544408798218 -0.018460044637322426 0.054395090788602829
0.43115866184234619 0.039493557065725327 0.099459178745746613
0.51702141761779785 -0.034310072660446167 0.052590001374483109
0.45411887764930725 0.0038449263665825129 0.043103870004415512
0.50200587511062622 0.019330373033881187 0.10054045915603638
0.47447872161865234 0.0022376934066414833 0.098573729395866394
0.50066143274307251 0.043508395552635193 0.090500675141811371
0.5166657567024231 0.027446610853075981 0.086994610726833344
0.53181791305541992 0.025886321440339088 0.066092915832996368
0.50054830312728882 0.05369742214679718 0.061897773295640945
0.53579217195510864 -0.026886088773608208 0.049777291715145111
0.55628550052642822 -0.027205029502511024 0.078954800963401794
0.55088108777999878 -0.016759824007749557 0.063222937285900116
0.52902626991271973 0.018375769257545471 0.088568814098834991
0.42012861371040344 0.023778222501277924 0.06008400022983551
0.51981735229492188 0.029367506504058838 0.046626739203929901
0.47640737891197205 -0.025025507435202599 0.079000741243362427
0.47348767518997192 0.05634809285402298 0.097920253872871399
0.44095370173454285 0.051361575722694397 0.027549292892217636
0.40909409523010254 0.063693761825561523 0.034469965845346451
0.50545251369476318 0.028666524216532707 0.038984518498182297
0.43852615356445312 0.017212638631463051 0.089830771088600159
0.43140095472335815 0.092941612005233765 0.092474363744258881
0.47994077205657959 -0.023446522653102875 0.090856462717056274
0.42236998677253723 0.028067024424672127 0.085841827094554901
0.43900904059410095 0.082572683691978455 0.097928978502750397
0.51039254665374756 -0.036819208413362503 0.081902757287025452
0.41586971282958984 0.075710766017436981 0.073530256748199463
0.49510043859481812 -0.030247118324041367 0.043838474899530411
0.39731264114379883 0.055126380175352097 0.055900353938341141
0.44796612858772278 0.082926690578460693 0.096996903419494629
0.41947686672210693 0.050269141793251038 0.099542595446109772
0.48555603623390198 0.063473351299762726 0.069226071238517761
0.50061321258544922 -0.0026580686680972576 0.02686011977493763
0.41960898041725159 0.079864054918289185 0.085180200636386871
0.54732197523117065 -0.030305882915854454 0.043379750102758408
0.49252495169639587 0.042902678251266479 0.036812726408243179
0.5121656060218811 -0.0096694724634289742 0.10233671963214874
0.4272228479385376 0.065856084227561951 0.026891499757766724
0.4071727991104126 0.066076643764972687 0.084222845733165741
0.54196161031723022 -0.020591175183653831 0.04504668340086937
0.53142547607421875 0.0058133886195719242 0.052341554313898087
0.39595416188240051 0.05117599293589592 0.043703462928533554
0.47106450796127319 -0.020460134372115135 0.047643855214118958
0.46495556831359863 0.084825009107589722 0.075770370662212372
0.54860126972198486 -0.030335512012243271 0.084881588816642761
0.47915032505989075 -0.0040006861090660095 0.10218385607004166
0.41764062643051147 0.077665157616138458 0.060572616755962372
0.47711363434791565 -0.006998118944466114 0.091410040855407715
0.45902267098426819 0.088939271867275238 0.079085089266300201
0.42955243587493896 0.083950787782669067 0.032768219709396362
0.42794498801231384 0.029858071357011795 0.036983631551265717
0.4833393394947052 -0.023166857659816742 0.039152655750513077
0.50134354829788208 -0.0026984717696905136 0.10375735908746719
0.41381236910820007 0.07343553751707077 0.08164563775062561
0.41596686840057373 0.071348272264003754 0.086349107325077057
0.44428467750549316 0.096880964934825897 0.081150263547897339
0.49299043416976929 0.01277407631278038 0.10355096310377121
0.49412605166435242 0.0017008773284032941 0.02994898334145546
0.52326154708862305 -0.032658450305461884 0.044028818607330322
0.52617305517196655 -0.039843801409006119 0.088418900966644287
0.52160662412643433 0.017071342095732689 0.041098460555076599
0.46011653542518616 -0.0090827690437436104 0.057658351957798004
0.42078366875648499 0.04052899032831192 0.095325857400894165
0.47425192594528198 -0.02835427038371563 0.057245321571826935
0.49775734543800354 -0.037957474589347839 0.072572804987430573
0.40599164366722107 0.064776986837387085 0.098572701215744019
0.45676079392433167 0.064630568027496338 0.034724757075309753
0.46074181795120239 0.0050251544453203678 0.037894338369369507
0.44369184970855713 0.018468115478754044 0.098363347351551056
0.41143006086349487 0.042751409113407135 0.095205537974834442
0.46607637405395508 -0.0010391499381512403 0.071112044155597687
0.43026620149612427 0.047918900847434998 0.10402169078588486
0.39838126301765442 0.047570347785949707 0.087263815104961395
0.47206297516822815 0.0081446459516882896 0.085958920419216156
0.49049308896064758 0.035077929496765137 0.10081644356250763
0.43993780016899109 0.078863948583602905 0.10258310288190842
0.50533926486968994 0.045422777533531189 0.082137852907180786
0.47524344921112061 0.023418983444571495 0.029796957969665527
0.50753670930862427 -0.021628465503454208 0.092401348054409027
0.45811614394187927 0.05894744023680687 0.03303537517786026
0.4258686900138855 0.017780954018235207 0.066571563482284546
0.50445270538330078 0.015710256993770599 0.029370088130235672
0.45111319422721863 0.086313135921955109 0.090741977095603943
0.54779958724975586 -0.014382948167622089 0.067056030035018921
0.51938152313232422 0.032141871750354767 0.073878362774848938
0.52623587846755981 -0.048141777515411377 0.074926853179931641
0.53185993432998657 -0.010401478037238121 0.0786028653383255
0.46349796652793884 0.0054072928614914417 0.075614772737026215
0.44956699013710022 0.062178365886211395 0.10497040301561356
0.48692524433135986 -0.019212290644645691 0.095317669212818146
0.45261654257774353 0.024441234767436981 0.10097311437129974
0.4183010458946228 0.058794237673282623 0.10503558814525604
0.47802096605300903 0.067533344030380249 0.086344152688980103
0.54804211854934692 -0.031898856163024902 0.090526662766933441
0.42234650254249573 0.055192973464727402 0.10481569916009903
0.53472256660461426 -0.013698272407054901 0.083455130457878113
0.52790826559066772 -0.00047654390800744295 0.087273873388767242
0.46249520778656006 0.014791385270655155 0.032829534262418747
0.46618962287902832 0.068746380507946014 0.038068912923336029
0.43765491247177124 0.099851734936237335 0.058696560561656952
0.44046035408973694 0.096520453691482544 0.046957299113273621
0.45652297139167786 0.089075773954391479 0.060611043125391006
0.46028345823287964 0.036034759134054184 0.026780489832162857
0.51359385251998901 -0.012122621759772301 0.042461734265089035
0.44497764110565186 0.013290855102241039 0.093393035233020782
0.50935304164886475 -0.039768189191818237 0.059188809245824814
0.51812577247619629 0.010098331607878208 0.032755710184574127
0.41644307971000671 0.029315626248717308 0.079489372670650482
0.53128582239151001 -0.038285158574581146 0.087171062827110291
0.55543667078018188 -0.022024448961019516 0.064265787601470947
0.46624347567558289 0.039062261581420898 0.02818015031516552
0.49178770184516907 -0.035861123353242874 0.07673683762550354
0.53133386373519897 0.0028986723627895117 0.081284329295158386
0.48137849569320679 -0.034924823790788651 0.068217068910598755
0.52843809127807617 -0.051753725856542587 0.071182392537593842
0.51336753368377686 -0.028903914615511894 0.080456838011741638
0.4255344569683075 0.081923536956310272 0.040357254445552826
0.53730857372283936 0.0043190950527787209 0.054742809385061264
0.42435160279273987 0.080633491277694702 0.071559414267539978
0.46133333444595337 0.027343479916453362 0.10630711913108826
0.43091362714767456 0.06072528287768364 0.10671465843915939
0.47883331775665283 0.073314495384693146 0.071480520069599152
0.44240438938140869 0.014391257427632809 0.084413208067417145
0.52780503034591675 -0.044334821403026581 0.046905010938644409
0.52086108922958374 -0.047582361847162247 0.05504835769534111
0.40379485487937927 0.053296208381652832 0.039857864379882812
0.43694686889648438 0.094597041606903076 0.072167567908763885
0.52872180938720703 -0.011471549049019814 0.092617347836494446
0.50444704294204712 0.038908153772354126 0.041922736912965775
0.4653838574886322 0.081619434058666229 0.051279235631227493
0.43330270051956177 0.086926542222499847 0.09828978031873703
0.44946271181106567 0.014478497207164764 0.08722560852766037
0.55756717920303345 -0.021146398037672043 0.056964147835969925
0.43713167309761047 0.0823969766497612 0.034738294780254364
0.55445420742034912 -0.020102502778172493 0.069638639688491821
0.44896584749221802 0.053639575839042664 0.10644072294235229
0.47959220409393311 0.029665140435099602 0.030624518170952797
0.41682755947113037 0.076750703155994415 0.041349604725837708
0.44323226809501648 0.065482616424560547 0.031166931614279747
0.53972345590591431 -0.035364355891942978 0.04482804611325264
0.53454363346099854 -0.0072088530287146568 0.051963336765766144
0.50848883390426636 0.03599860891699791 0.048008017241954803
0.45348751544952393 0.067822843790054321 0.10136236995458603
0.47949174046516418 -0.025435874238610268 0.050417985767126083
0.5391121506690979 -0.046261448413133621 0.052553113549947739
0.45490807294845581 0.083594687283039093 0.047093611210584641
0.40813347697257996 0.062652610242366791 0.069405026733875275
0.43149802088737488 0.024553768336772919 0.042819149792194366
0.45817825198173523 0.010474581271409988 0.095442324876785278
0.53389346599578857 0.001817646436393261 0.060997769236564636
0.49734446406364441 0.035315040498971939 0.095022223889827728
0.4617016613483429 -0.0054928991012275219 0.064602948725223541
0.51734256744384766 -0.022071622312068939 0.086614154279232025
0.43753805756568909 0.099718242883682251 0.05289747565984726
0.52184998989105225 -0.029815744608640671 0.090180724859237671
0.51984584331512451 0.020429512485861778 0.091079249978065491
0.51304501295089722 0.036921888589859009 0.049904182553291321
0.5493813157081604 -0.018534282222390175 0.057501628994941711
0.53465777635574341 -0.0042345067486166954 0.068419374525547028
0.49454343318939209 -0.033997878432273865 0.067606188356876373
0.52342128753662109 -0.048755738884210587 0.080302245914936066
0.41575613617897034 0.071091614663600922 0.052578069269657135
0.44491115212440491 0.09864334762096405 0.048928823322057724
0.51540869474411011 -0.034661978483200073 0.086062237620353699
0.41203206777572632 0.06697767972946167 0.073931783437728882
0.52424013614654541 -0.050693832337856293 0.068349391222000122
0.4093305766582489 0.068446040153503418 0.050897493958473206
0.47902747988700867 -0.0056308489292860031 0.031476203352212906
0.48366782069206238 0.013746548444032669 0.10376387089490891
0.4063040018081665 0.032714065164327621 0.06838681548833847
0.4660736620426178 0.059939589351415634 0.10066428780555725
0.44934266805648804 0.077474825084209442 0.03782692551612854
0.48756375908851624 -0.0061393333598971367 0.10126650333404541
0.50867903232574463 -0.011161074973642826 0.038072790950536728
0.50701248645782471 -0.00068343000020831823 0.10361562669277191
0.5165981650352478 -0.017152274027466774 0.035461168736219406
0.49761694669723511 -0.021474592387676239 0.095293968915939331
0.46257215738296509 0.0078956428915262222 0.084126658737659454
0.46396544575691223 0.081763826310634613 0.058418188244104385
0.46884295344352722 0.0035284252371639013 0.034920644015073776
0.46410003304481506 0.015359112061560154 0.10088028758764267
0.42378643155097961 0.029851904138922691 0.039669424295425415
0.47016936540603638 0.081486783921718597 0.067763075232505798
0.45666402578353882 0.014145972207188606 0.035080689936876297
0.44482529163360596 0.016366554424166679 0.036390975117683411
0.50790309906005859 -0.031036106869578362 0.08944324404001236
0.49015024304389954 0.0099738109856843948 0.029806166887283325
0.47839587926864624 0.072958916425704956 0.05937393382191658
0.48811241984367371 -0.033253639936447144 0.064635798335075378
0.47744974493980408 0.035274222493171692 0.10536792129278183
0.53948187828063965 0.0046706921420991421 0.06635681539773941
0.52456742525100708 0.022277859970927238 0.084548987448215485
0.46384343504905701 -0.013413455337285995 0.048938259482383728
0.42683708667755127 0.087864100933074951 0.066047146916389465
0.54678481817245483 -0.020311811938881874 0.047382254153490067
0.47423937916755676 0.062985777854919434 0.043765414506196976
0.50766670703887939 -0.033288411796092987 0.068338997662067413
0.479442298412323 0.048897147178649902 0.096520870923995972
0.54631751775741577 -0.038254376500844955 0.08067706972360611
0.43994912505149841 0.097930103540420532 0.079170428216457367
0.53677475452423096 -0.044357415288686752 0.076418735086917877
0.55380356311798096 -0.0212236437946558 0.074462883174419403
0.53759914636611938 -0.047918405383825302 0.08236607164144516
0.53107112646102905 -0.055164605379104614 0.068872056901454926
0.54482972621917725 -0.014298174530267715 0.077466048300266266
0.48803296685218811 0.034175001084804535 0.033835086971521378
0.53780496120452881 -0.017808703705668449 0.079822450876235962
0.51337909698486328 0.034075319766998291 0.081999227404594421
0.5183597207069397 -0.025089699774980545 0.040585674345493317
0.48353868722915649 -0.034359823912382126 0.057372603565454483
0.39098247885704041 0.04620000347495079 0.065478600561618805
0.41314524412155151 0.026079550385475159 0.073925793170928955
0.4803328812122345 0.020990313962101936 0.026834197342395782
0.50043070316314697 -0.026824932545423508 0.088846273720264435
0.43402987718582153 0.091353535652160645 0.057916965335607529
0.53705328702926636 0.0088234106078743935 0.058153972029685974
0.40798294544219971 0.066981121897697449 0.093513555824756622
0.43663841485977173 0.07647252082824707 0.02921711839735508
0.53818339109420776 -0.033669382333755493 0.091417513787746429
0.52103060483932495 -0.038986071944236755 0.052843905985355377
0.46360868215560913 0.030221564695239067 0.029865112155675888
0.53015494346618652 -0.04767175018787384 0.063028044998645782
0.52870261669158936 0.018755484372377396 0.044615879654884338
0.44324466586112976 0.10347255319356918 0.077396191656589508
0.43535900115966797 0.012046012096107006 0.08356061577796936
0.4810822606086731 -0.0091989357024431229 0.035698425024747849
0.51311904191970825 0.0038659402634948492 0.032280925661325455
0.44298595190048218 0.052942521870136261 0.10375754535198212
0.47120657563209534 0.071943432092666626 0.088480338454246521
0.52001780271530151 -0.045730557292699814 0.067383863031864166
0.51410847902297974 -0.034241676330566406 0.072265923023223877
0.47663021087646484 -0.027915820479393005 0.069169789552688599
0.45631328225135803 0.012031816877424717 0.076187483966350555
0.52575480937957764 0.0099925510585308075 0.038332544267177582
0.42448633909225464 0.080787584185600281 0.078478418290615082
0.52597081661224365 0.0085062300786375999 0.095194339752197266
0.53367555141448975 0.0098442407324910164 0.061736010015010834
0.55099242925643921 -0.024492163211107254 0.061821859329938889
0.47594892978668213 0.075787805020809174 0.068258926272392273
0.48645505309104919 0.052250757813453674 0.093291513621807098
0.53731489181518555 -0.021152952685952187 0.047951590269804001
0.52667641639709473 -0.023654207587242126 0.087795935571193695
0.49527496099472046 -0.024257563054561615 0.041063744574785233
0.52413952350616455 0.0296949353069067 0.054177265614271164
0.50911796092987061 -0.040324613451957703 0.070952817797660828
0.42895606160163879 0.090199217200279236 0.04555099830031395
0.50260865688323975 0.04370461031794548 0.045181211084127426
0.41091015934944153 0.056420635432004929 0.10231171548366547
0.47088485956192017 0.023244285956025124 0.10367683321237564
0.43638622760772705 0.0059646242298185825 0.067382209002971649
0.53921025991439819 -0.043368887156248093 0.04282301664352417
0.43644964694976807 0.094025924801826477 0.042977515608072281
0.49666029214859009 -0.032493524253368378 0.077308893203735352
0.48015159368515015 0.060599237680435181 0.091852620244026184
0.54479742050170898 -0.03377939760684967 0.051286879926919937
0.50975388288497925 -0.0046995058655738831 0.027889695018529892
0.53216111660003662 -0.053961127996444702 0.061638481914997101
0.4955180287361145 -0.0088281659409403801 0.10238883644342422
0.39292168617248535 0.049378763884305954 0.05187523365020752
0.43248087167739868 0.018599413335323334 0.048127617686986923
0.52223461866378784 0.024450717493891716 0.088807933032512665
0.40461286902427673 0.033926472067832947 0.074520640075206757
0.41046574711799622 0.065219081938266754 0.0414000004529953
0.49889183044433594 -0.033925991505384445 0.084513887763023376
0.53975492715835571 -0.0040703816339373589 0.0785369873046875
0.52919507026672363 0.0054129413329064846 0.086200118064880371
0.53363078832626343 0.0087710544466972351 0.072537787258625031
0.53094536066055298 0.0036401269026100636 0.043541323393583298
0.42582717537879944 0.043505623936653137 0.099125750362873077
0.54583364725112915 -0.022515671327710152 0.087903231382369995
0.42267614603042603 0.083265520632266998 0.086923353374004364
0.42049553990364075 0.076347984373569489 0.055858742445707321
0.4242222011089325 0.020859746262431145 0.0845956951379776
0.48248803615570068 0.065938673913478851 0.062070094048976898
0.43738573789596558 0.0083236321806907654 0.059652909636497498
0.49412515759468079 0.0022099283523857594 0.10669791698455811
0.52649587392807007 -0.004975026473402977 0.088029243052005768
0.48434171080589294 0.0018269947031512856 0.10250358283519745
0.41687929630279541 0.069841518998146057 0.026990689337253571
0.42577892541885376 0.016599757596850395 0.057516932487487793
0.52180194854736328 -0.038318067789077759 0.087263800203800201
0.53976953029632568 -0.014576435089111328 0.075138159096240997
0.50920766592025757 0.04123556986451149 0.074204482138156891
0.42026412487030029 0.076116003096103668 0.091916203498840332
0.42526265978813171 0.081661738455295563 0.098322637379169464
0.40642732381820679 0.060746680945158005 0.048122365027666092
0.55134338140487671 -0.032696399837732315 0.06054186075925827
0.46836629509925842 0.052535362541675568 0.034059792757034302
0.42477446794509888 0.081075742840766907 0.03258340060710907
0.50433379411697388 -0.03958139568567276 0.062790349125862122
0.54528927803039551 -0.020645095035433769 0.076494060456752777
0.48652181029319763 0.064136728644371033 0.079086892306804657
0.47515231370925903 -0.022314585745334625 0.088143788278102875
0.49888530373573303 -0.032151270657777786 0.055791296064853668
0.4510214626789093 0.093177363276481628 0.082885079085826874
0.54862719774246216 -0.031216083094477654 0.078984737396240234
0.52340996265411377 -0.033960379660129547 0.080998316407203674
0.47862404584884644 -0.013642809353768826 0.09691503643989563
0.54591941833496094 -0.038700200617313385 0.074133813381195068
0.4364854097366333 0.094094067811965942 0.084790162742137909
0.46870815753936768 0.014675945043563843 0.10176327079534531
0.52623623609542847 -0.039453409612178802 0.079160220921039581
0.47399067878723145 -0.0041616195812821388 0.032783534377813339
0.51348412036895752 0.020577516406774521 0.098969638347625732
0.44413149356842041 0.044809702783823013 0.030075579881668091
0.50288623571395874 0.036616552621126175 0.094773605465888977
0.53089553117752075 -0.048165205866098404 0.053084596991539001
0.52300453186035156 -0.0049414420500397682 0.092221423983573914
0.52910041809082031 -0.027853284031152725 0.046094339340925217
0.51284211874008179 0.042842581868171692 0.066599860787391663
0.52998477220535278 -0.00037117418833076954 0.091719441115856171
0.46446198225021362 0.075617864727973938 0.04251360148191452
0.44716468453407288 0.044910319149494171 0.10368028283119202
0.51643216609954834 -0.046197026968002319 0.074312254786491394
0.49023672938346863 -0.034873258322477341 0.054495271295309067
0.40282431244850159 0.043667860329151154 0.044451482594013214
0.46879541873931885 0.030227700248360634 0.10376523435115814
0.53614026308059692 0.014132445678114891 0.062211468815803528
0.41718104481697083 0.036405991762876511 0.089764431118965149
0.48641303181648254 0.03536277636885643 0.1031704768538475
0.55032002925872803 -0.018290195614099503 0.075828775763511658
0.4940357506275177 0.055749185383319855 0.063668817281723022
0.40920963883399963 0.037532597780227661 0.051015429198741913
0.51005423069000244 0.015050110407173634 0.1020972728729248
0.46198746562004089 0.060845684260129929 0.098402269184589386
0.45439779758453369 0.0064041623845696449 0.037370182573795319
0.43458095192909241 0.047883566468954086 0.028730792924761772
0.54251039028167725 -0.0057144579477608204 0.074273847043514252
0.52103430032730103 -0.010493077337741852 0.0976882204413414
0.53656750917434692 -0.014634348452091217 0.049661509692668915
0.53599464893341064 -0.049713604152202606 0.05828707292675972
0.4983079731464386 0.052220948040485382 0.079683229327201843
0.47993487119674683 0.065687969326972961 0.054196637123823166
0.43728667497634888 0.034058317542076111 0.034042995423078537
0.49727550148963928 -0.019846946001052856 0.033290177583694458
0.4630100429058075 0.07067040354013443 0.041653040796518326
0.49187389016151428 -0.0065740379504859447 0.028306899592280388
0.48162662982940674 0.051414825022220612 0.039817683398723602
0.50086408853530884 0.052460066974163055 0.068726569414138794
0.54529023170471191 -0.011353547684848309 0.069692887365818024
0.52175319194793701 0.008368389680981636 0.099430330097675323
0.54037797451019287 -0.018860310316085815 0.083942539989948273
0.44972091913223267 0.038310468196868896 0.030229927971959114
0.4359762966632843 0.060274112969636917 0.029793953523039818
0.51672279834747314 -0.041980985552072525 0.063379339873790741
0.45721068978309631 0.050591930747032166 0.10588586330413818
0.39591595530509949 0.049108114093542099 0.069182060658931732
0.51451939344406128 0.011557715944945812 0.099248811602592468
0.51809269189834595 -0.04293949156999588 0.081404350697994232
0.49160787463188171 0.055826909840106964 0.084110192954540253
0.39307212829589844 0.045611727982759476 0.074364945292472839
0.44974470138549805 0.064373515546321869 0.029266590252518654
0.4474368691444397 0.005933582317084074 0.047134324908256531
0.50897204875946045 -0.035553969442844391 0.057213589549064636
0.53974217176437378 0.0028934413567185402 0.071259215474128723
0.42184317111968994 0.080542191863059998 0.10534566640853882
0.44826039671897888 0.096436522901058197 0.07327541708946228
0.54399293661117554 -0.036348506808280945 0.086477391421794891
0.45012235641479492 0.08351442962884903 0.042654041200876236
0.51709383726119995 -0.034457478672266006 0.07614966481924057
0.43867242336273193 0.067196011543273926 0.10524673014879227
0.40829429030418396 0.04645305871963501 0.041985247284173965
0.54202097654342651 -0.02815774641931057 0.043172597885131836
0.54089653491973877 -0.039796508848667145 0.064009808003902435
0.42601394653320312 0.082466937601566315 0.057695545256137848
0.53003066778182983 -0.0044595492072403431 0.050702489912509918
0.45313215255737305 0.094397589564323425 0.054774299263954163
0.54471093416213989 -0.017601575702428818 0.053102560341358185
0.40677481889724731 0.04289032518863678 0.046777132898569107
0.53053271770477295 -0.048804599791765213 0.079046972095966339
0.42148539423942566 0.081928625702857971 0.062251277267932892
0.51057159900665283 0.044785723090171814 0.070819497108459473
0.46066823601722717 0.00082887470489367843 0.040744129568338394
0.55090296268463135 -0.026396067813038826 0.051951337605714798
0.51231920719146729 0.043076019734144211 0.061882492154836655
0.53042310476303101 -0.030044980347156525 0.087063394486904144
0.40782696008682251 0.066786453127861023 0.061601147055625916
0.40080982446670532 0.058993443846702576 0.04137430340051651
0.51772522926330566 0.037676345556974411 0.059410210698843002
0.47459232807159424 -0.016422368586063385 0.041453290730714798
0.54468280076980591 -0.036992944777011871 0.04220324382185936
0.4129180908203125 0.067942023277282715 0.047676581889390945
0.39912256598472595 0.046360261738300323 0.045183580368757248
0.46149149537086487 0.02206968329846859 0.10453642904758453
0.40050587058067322 0.041000019758939743 0.071131139993667603
0.52601426839828491 -0.053957995027303696 0.057472649961709976
0.53440332412719727 -0.042704418301582336 0.080290399491786957
0.44219797849655151 0.060144878923892975 0.10335922986268997
0.5141339898109436 -0.041912980377674103 0.078321196138858795
0.40669572353363037 0.058146338909864426 0.1014745905995369
0.52405864000320435 -0.020411327481269836 0.039374358952045441
0.53278160095214844 -0.030439915135502815 0.041851826012134552
0.39809814095497131 0.051523603498935699 0.063794538378715515
0.46642419695854187 0.049836929887533188 0.10103069990873337
0.49900943040847778 0.024495165795087814 0.033923961222171783
0.48951578140258789 0.064027853310108185 0.066034205257892609
0.48310720920562744 0.028436042368412018 0.10261014848947525
0.48569828271865845 -0.029059594497084618 0.090172633528709412
0.39970794320106506 0.057785943150520325 0.061973139643669128
0.45260787010192871 -0.0028245425783097744 0.053617093712091446
0.49798142910003662 -0.014252803288400173 0.029082844033837318
0.39803105592727661 0.051460415124893188 0.08020985871553421
0.43761774897575378 0.052889920771121979 0.10571520775556564
0.44087740778923035 0.060900293290615082 0.03012394905090332
0.52026557922363281 -0.038166940212249756 0.047057047486305237
0.49722003936767578 -0.016367131844162941 0.10335955768823624
0.43291926383972168 0.011673753149807453 0.053748160600662231
0.39334487915039062 0.050743162631988525 0.078568592667579651
0.5598875880241394 -0.023221692070364952 0.064362585544586182
0.47962421178817749 -0.014617711305618286 0.035642150789499283
0.43431404232978821 0.092597551643848419 0.034926339983940125
0.49976465106010437 -0.015399367548525333 0.036100961267948151
0.48596006631851196 -0.033322088420391083 0.081369206309318542
0.40452462434768677 0.043900109827518463 0.090898729860782623
0.47177219390869141 -0.007013482041656971 0.077129371464252472
0.42903128266334534 0.085812583565711975 0.058646131306886673
0.55234342813491821 -0.013104706071317196 0.069064527750015259
0.39772361516952515 0.055605031549930573 0.089717768132686615
0.53296971321105957 -0.0097355833277106285 0.047593921422958374
0.51326650381088257 -0.036722663789987564 0.059203363955020905
0.53340959548950195 -0.039173629134893417 0.047169867902994156
0.46289670467376709 0.024087477475404739 0.030554672703146935
0.50790315866470337 0.023990890011191368 0.09610835462808609
0.53233051300048828 -0.052390407770872116 0.050822369754314423
0.54918777942657471 -0.012180367484688759 0.0597805455327034
0.50478297472000122 -0.027497073635458946 0.042073838412761688
0.40967759490013123 0.068817548453807831 0.031502719968557358
0.45581009984016418 0.03706088662147522 0.026863260194659233
0.5343514084815979 -0.0067244456149637699 0.061876740306615829
0.51970469951629639 -0.024355487897992134 0.083410285413265228
0.47887822985649109 0.068073131144046783 0.075873948633670807
0.44649574160575867 0.08042067289352417 0.035462010651826859
0.48848810791969299 -0.02299945056438446 0.097760990262031555
0.53867959976196289 -0.046734504401683807 0.061981026083230972
0.41817411780357361 0.025755766779184341 0.07430528849363327
0.51666635274887085 -0.0043031666427850723 0.031547889113426208
0.40943443775177002 0.051048319786787033 0.099270835518836975
0.53923302888870239 -0.0081797335296869278 0.060045879334211349
0.44218051433563232 0.088203012943267822 0.092841565608978271
0.41129431128501892 0.028214545920491219 0.062001872807741165
0.53274446725845337 0.010607220232486725 0.056698895990848541
0.42739298939704895 0.088502973318099976 0.099223971366882324
0.47517594695091248 0.068354249000549316 0.082280442118644714
0.5060083270072937 0.047988999634981155 0.063957758247852325
0.43204724788665771 0.053337663412094116 0.10568882524967194
0.44452467560768127 0.072266563773155212 0.033385470509529114
0.53847253322601318 -0.046960175037384033 0.06768982857465744
0.51944833993911743 0.02414606511592865 0.045749608427286148
0.55077540874481201 -0.033316995948553085 0.073836416006088257
0.45129799842834473 0.0016130321891978383 0.048156768083572388
0.50583475828170776 -0.012997811660170555 0.030991487205028534
0.53277790546417236 0.012572493404150009 0.049453321844339371
0.43484750390052795 0.025267483666539192 0.097657300531864166
0.53387731313705444 0.011121729388833046 0.068629808723926544
0.44568330049514771 0.0093909716233611107 0.068639114499092102
0.51833724975585938 -0.019260523840785027 0.041950620710849762
0.42564272880554199 0.03327932208776474 0.097473002970218658
0.55487173795700073 -0.028783975169062614 0.061841730028390884
0.50917351245880127 0.029455672949552536 0.095864817500114441
0.50547689199447632 -0.028183620423078537 0.084677480161190033
0.48029276728630066 0.0059234211221337318 0.030993307009339333
0.47279566526412964 0.052765626460313797 0.035927452147006989
0.43038910627365112 0.016551673412322998 0.079120062291622162
0.50907814502716064 0.012965080328285694 0.033063635230064392
0.54134804010391235 -0.043759223073720932 0.087017230689525604
0.52848559617996216 0.02473396435379982 0.069422304630279541
0.51699036359786987 -0.004775085486471653 0.097855478525161743
0.47011283040046692 0.0068531855940818787 0.092057988047599792
0.44210413098335266 0.0049695493653416634 0.056833364069461823
0.40181726217269897 0.060146402567625046 0.09436354786157608
0.41376742720603943 0.068906478583812714 0.08124174177646637
0.50462156534194946 0.035378895699977875 0.039062067866325378
0.45833617448806763 0.0052899569272994995 0.069163106381893158
0.42802643775939941 0.08470752090215683 0.071695461869239807
0.50771242380142212 -0.031832709908485413 0.076010502874851227
0.45629602670669556 0.058021355420351028 0.10129802674055099
0.53713035583496094 -0.0048024258576333523 0.08361855149269104
0.41931077837944031 0.075048558413982391 0.076420426368713379
0.41017851233482361 0.037119291722774506 0.089158505201339722
0.46180939674377441 0.084483705461025238 0.050656169652938843
0.40685749053955078 0.052816901355981827 0.095147967338562012
0.54413074254989624 -0.014051783829927444 0.0574837327003479
0.50407946109771729 -0.024656381458044052 0.090456955134868622
0.46879294514656067 0.038344375789165497 0.10309721529483795
0.47672206163406372 0.051524963229894638 0.033458758145570755
0.53472280502319336 -0.034215245395898819 0.084013417363166809
0.40289941430091858 0.056842975318431854 0.058895029127597809
0.52586394548416138 -0.011714497581124306 0.047293733805418015
0.47668284177780151 0.021021628752350807 0.10678252577781677
0.51121222972869873 0.029601534828543663 0.043756786733865738
0.54489004611968994 -0.035366810858249664 0.067691028118133545
0.46166315674781799 0.047458581626415253 0.10265302658081055
0.44035682082176208 0.09551268070936203 0.087780073285102844
0.45241063833236694 0.0032529563177376986 0.063514880836009979
0.40862467885017395 0.067674875259399414 0.067612431943416595
0.41799148917198181 0.061400428414344788 0.027994858101010323
0.45366629958152771 0.092165037989616394 0.063661195337772369
0.46673935651779175 -0.0069297566078603268 0.038193657994270325
0.46804934740066528 -0.014442604966461658 0.068898364901542664
0.52789014577865601 -0.014560173265635967 0.088226594030857086
0.41199600696563721 0.071392692625522614 0.038774773478507996
0.47882920503616333 -0.024448098614811897 0.044611271470785141
0.5167924165725708 -0.047729101032018661 0.064175620675086975
0.51693993806838989 0.00086670269956812263 0.033279784023761749
0.51348257064819336 -0.030534369871020317 0.085362546145915985
0.49435544013977051 0.04898964986205101 0.085251867771148682
0.53424006700515747 -0.024191338568925858 0.04650019109249115
0.46459391713142395 0.086278535425662994 0.062886610627174377
0.53108561038970947 -0.048932034522294998 0.06857096403837204
0.43076974153518677 0.020974241197109222 0.091630212962627411
0.49911278486251831 0.014957597479224205 0.028062660247087479
0.53318488597869873 0.0074785039760172367 0.047902196645736694
0.47917792201042175 -0.0034703277051448822 0.093753144145011902
0.50707858800888062 0.038848090916872025 0.088249377906322479
0.46181657910346985 -0.010461990721523762 0.045538198202848434
0.46163696050643921 0.052574794739484787 0.032063093036413193
0.46748921275138855 0.07566358894109726 0.051891040056943893
0.44702062010765076 0.0050407326780259609 0.063473060727119446
0.39488980174064636 0.04671081155538559 0.083641231060028076
0.50854134559631348 -0.040506388992071152 0.064569219946861267
0.50460433959960938 -0.0058410344645380974 0.02685270830988884
0.54194265604019165 -0.025260131806135178 0.090055510401725769
0.47509089112281799 0.062446057796478271 0.039377804845571518
0.43378487229347229 0.035903062671422958 0.031337250024080276
0.45918601751327515 -0.011538606137037277 0.052548982203006744
0.47770348191261292 -0.030231252312660217 0.078393615782260895
0.54915601015090942 -0.029822025448083878 0.049189411103725433
0.49314597249031067 0.04944966733455658 0.09132549911737442
0.53623300790786743 -0.022070087492465973 0.085852757096290588
0.50109356641769409 -0.031546693295240402 0.08855476975440979
0.51414269208908081 -0.026683920994400978 0.092725962400436401
0.47504839301109314 -0.029632421210408211 0.064094036817550659
0.42997428774833679 0.055395152419805527 0.030310774222016335
0.48471909761428833 0.021512385457754135 0.10341391712427139
0.54082673788070679 -0.001053808256983757 0.061396315693855286
0.48289799690246582 0.036399304866790771 0.10058362782001495
0.49161824584007263 0.061772141605615616 0.07155107706785202
0.52001333236694336 0.013582099229097366 0.095826730132102966
0.55432456731796265 -0.029383150860667229 0.072741501033306122
0.40390390157699585 0.062452033162117004 0.083147048950195312
0.47825554013252258 0.012874080799520016 0.030216295272111893
0.52421277761459351 -0.025272510945796967 0.083936393260955811
0.41908052563667297 0.053976334631443024 0.03279634565114975
0.40755024552345276 0.066475726664066315 0.05582660436630249
0.47522673010826111 0.075680330395698547 0.075376182794570923
0.44317895174026489 0.015733493492007256 0.090020544826984406
0.4519687294960022 0.07501896470785141 0.034428671002388
0.39981934428215027 0.040974199771881104 0.05209774523973465
0.42585057020187378 0.023327313363552094 0.044151034206151962
0.41808629035949707 0.078151419758796692 0.049092143774032593
0.49150305986404419 0.049207083880901337 0.045572806149721146
0.48671084642410278 0.04420553520321846 0.034331545233726501
0.54483389854431152 -0.039920952171087265 0.048664327710866928
0.51550430059432983 -0.045341100543737411 0.059246860444545746
0.47402381896972656 0.050850380212068558 0.10152017325162888
0.46212640404701233 0.067490130662918091 0.034926105290651321
0.46238186955451965 0.078854404389858246 0.045590423047542572
0.47569707036018372 0.056472942233085632 0.036170870065689087
0.4240436851978302 0.073529660701751709 0.1036076694726944
0.4906349778175354 0.040671486407518387 0.098312459886074066
0.4918612539768219 0.013997507281601429 0.027315111830830574
0.43211179971694946 0.093712091445922852 0.066694721579551697
0.50691568851470947 -0.022842954844236374 0.096862636506557465
0.50934737920761108 -0.0010437460150569677 0.031413670629262924
0.43392279744148254 0.095735698938369751 0.090077422559261322
0.43799495697021484 0.012642018496990204 0.043719824403524399
0.49347269535064697 -0.031531691551208496 0.052721813321113586
0.44835910201072693 0.022594917565584183 0.03465702012181282
0.47995680570602417 0.068380154669284821 0.070436909794807434
0.49252304434776306 -0.037139333784580231 0.07055925577878952
0.43019768595695496 0.014401516877114773 0.061409786343574524
0.45921650528907776 0.074201904237270355 0.038305375725030899
0.44582009315490723 0.030719149857759476 0.10101144760847092
0.53949177265167236 -0.041358344256877899 0.057395022362470627
0.53325754404067993 -0.052749525755643845 0.055900666862726212
0.50515002012252808 -0.025303864851593971 0.046081315726041794
0.46836128830909729 -0.024003028869628906 0.067169502377510071
0.42016783356666565 0.019812621176242828 0.068936929106712341
0.41392666101455688 0.073544867336750031 0.056182704865932465
0.51535934209823608 -0.023756781592965126 0.047502249479293823
0.48033156991004944 0.063213102519512177 0.083041049540042877
0.39368128776550293 0.04304002970457077 0.070787772536277771
0.43238943815231323 0.040637411177158356 0.033240757882595062
0.47413095831871033 0.03482745960354805 0.028209263458848
0.40157791972160339 0.040498040616512299 0.060128342360258102
0.46202608942985535 -0.013601669110357761 0.063668161630630493
0.42135214805603027 0.024036476388573647 0.077623762190341949
0.5137520432472229 0.03717360645532608 0.074060060083866119
0.52407944202423096 0.026322392746806145 0.078375868499279022
0.48306635022163391 -0.034856162965297699 0.073012188076972961
0.44539254903793335 0.013724431395530701 0.04141075536608696
0.44394871592521667 0.076181001961231232 0.10223173350095749
0.51195275783538818 -0.00098712497856467962 0.10167446732521057
0.46036592125892639 0.090262092649936676 0.06899995356798172
0.50199848413467407 0.00033868278842419386 0.029821304604411125
0.54636567831039429 -0.015722651034593582 0.082842528820037842
0.55013543367385864 -0.022073464468121529 0.05436314269900322
0.48828685283660889 0.058780882507562637 0.085662856698036194
0.45054167509078979 0.048641115427017212 0.029855163767933846
0.52455329895019531 -0.00059456925373524427 0.046014584600925446
0.41107121109962463 0.042049963027238846 0.039087217301130295
0.46174880862236023 0.084555633366107941 0.071951247751712799
0.52862918376922607 -0.037961568683385849 0.047719024121761322
0.52288460731506348 -0.033736422657966614 0.085434854030609131
0.4108893871307373 0.033329963684082031 0.077238902449607849
0.39470350742340088 0.052245277911424637 0.072597943246364594
0.5288769006729126 0.024157434701919556 0.062431704252958298
0.45557409524917603 0.021469110623002052 0.032683152705430984
0.45986500382423401 0.040815599262714386 0.10365724563598633
0.47099447250366211 0.0081382431089878082 0.10132325440645218
0.53933453559875488 -0.01184576004743576 0.063181683421134949
0.46927160024642944 0.061738304793834686 0.098218515515327454
0.50059729814529419 -0.024529537186026573 0.037815101444721222
0.4746529757976532 0.047550607472658157 0.032027803361415863
0.53787851333618164 -0.0036572858225554228 0.058747574687004089
0.51671683788299561 -0.032382924109697342 0.045706246048212051
0.43390673398971558 0.015205700881779194 0.044949345290660858
0.41735333204269409 0.062618687748908997 0.10253960639238358
0.47011604905128479 0.056583568453788757 0.033258803188800812
0.45924621820449829 0.062883719801902771 0.1020454466342926
0.46524044871330261 0.067479357123374939 0.096921071410179138
0.45474812388420105 0.055702559649944305 0.031302612274885178
0.48195433616638184 -0.0016530632274225354 0.032495904713869095
0.45629587769508362 0.017102582380175591 0.099554426968097687
0.53778892755508423 -0.023447329178452492 0.090205691754817963
0.44217038154602051 0.041453182697296143 0.027683617547154427
0.50305062532424927 -0.015931703150272369 0.098733797669410706
0.52878296375274658 -0.018528424203395844 0.042441625148057938
0.4412311315536499 0.1038217768073082 0.066697016358375549
0.42695915699005127 0.087983280420303345 0.042325008660554886
0.44281670451164246 0.090389706194400787 0.042905181646347046
0.40089663863182068 0.05000489205121994 0.040087532252073288
0.51523470878601074 0.017432881519198418 0.037521373480558395
0.52738893032073975 -0.040998600423336029 0.054874978959560394
0.48075222969055176 0.037343475967645645 0.032659579068422318
0.53287810087203979 0.016703253611922264 0.081309452652931213
0.44888219237327576 0.089327171444892883 0.086069092154502869
0.44307771325111389 0.047472506761550903 0.10360057651996613
0.42620906233787537 0.082705222070217133 0.089943505823612213
0.48046433925628662 0.007166269700974226 0.10284009575843811
0.50157403945922852 -0.036846321076154709 0.054414354264736176
0.47995907068252563 -0.023600509390234947 0.086213245987892151
0.45899051427841187 -0.0080195153132081032 0.062276013195514679
0.41392964124679565 0.073539853096008301 0.043987028300762177
0.45206525921821594 0.097620762884616852 0.070312529802322388
0.51947224140167236 0.03699149563908577 0.065287761390209198
0.53119772672653198 -0.013767904601991177 0.048547491431236267
0.46954676508903503 0.035308875143527985 0.030169574543833733
0.55080223083496094 -0.026679143309593201 0.08395666629076004
0.49099066853523254 -0.030744170770049095 0.045227397233247757
0.52305704355239868 -0.046555828303098679 0.07223144918680191
0.45165213942527771 0.047820042818784714 0.1036798283457756
0.40597638487815857 0.064722597599029541 0.043555453419685364
0.51409375667572021 0.024907104671001434 0.091656029224395752
0.50732702016830444 -0.032516308128833771 0.059892721474170685
0.49085322022438049 0.020898850634694099 0.027784943580627441
0.42555063962936401 0.018597032874822617 0.061387196183204651
0.48940357565879822 0.061796210706233978 0.056929513812065125
0.51160377264022827 -0.032619521021842957 0.082025043666362762
0.52262353897094727 -0.046111445873975754 0.051341280341148376
0.5000840425491333 -0.0078936023637652397 0.1054542064666748
0.50176149606704712 0.02789115346968174 0.10062016546726227
0.50706815719604492 0.033788196742534637 0.089398756623268127
0.52941292524337769 -0.051528219133615494 0.082829788327217102
0.43659159541130066 0.04757361114025116 0.10600277781486511
0.55527305603027344 -0.016031723469495773 0.062259867787361145
0.42400026321411133 0.071031294763088226 0.02677634172141552
0.41541898250579834 0.070729523897171021 0.069705300033092499
0.40547746419906616 0.059705950319766998 0.066167458891868591
0.54604846239089966 -0.038566112518310547 0.060921702533960342
0.48528856039047241 -0.03008575551211834 0.045285664498806
0.41490519046783447 0.070135317742824554 0.033572562038898468
0.46755015850067139 0.020260395482182503 0.028420262038707733
0.45057836174964905 0.097786113619804382 0.057866472750902176
0.46068954467773438 0.080855250358581543 0.083141639828681946
0.43003904819488525 0.03264579176902771 0.095619037747383118
0.55798172950744629 -0.022750331088900566 0.079202674329280853
0.51810693740844727 -0.038158606737852097 0.079155482351779938
0.51569199562072754 0.0085391225293278694 0.10242430865764618
0.43637475371360779 0.098424844443798065 0.047371573746204376
0.40335744619369507 0.058196235448122025 0.03338966891169548
0.53958535194396973 -0.017644701525568962 0.050485514104366302
0.48955762386322021 -0.0042283469811081886 0.105348140001297
0.49035096168518066 -0.033156774938106537 0.083590671420097351
0.49318814277648926 0.027823023498058319 0.033226784318685532
0.42684617638587952 0.017725907266139984 0.073483854532241821
0.45431181788444519 0.088100351393222809 0.052836418151855469
0.42268064618110657 0.083247669041156769 0.053418144583702087
0.47818726301193237 0.00028547068359330297 0.10352885723114014
0.5195317268371582 -0.028250603005290031 0.047808043658733368
0.45702657103538513 -0.0015508632641285658 0.041009742766618729
0.40096750855445862 0.05471327155828476 0.076545961201190948
0.47284165024757385 0.04244299978017807 0.10149598866701126
0.41598519682884216 0.075851708650588989 0.092495515942573547
0.553425133228302 -0.025912914425134659 0.055759664624929428
0.47265544533729553 0.010760828852653503 0.031423486769199371
0.50071799755096436 0.014976737089455128 0.10426172614097595
0.47853899002075195 0.068745695054531097 0.049614820629358292
0.52284824848175049 0.025531625375151634 0.051597662270069122
0.47249811887741089 0.072550483047962189 0.079009555280208588
0.52442216873168945 -0.014500699006021023 0.094768263399600983
0.41872233152389526 0.074388079345226288 0.064511202275753021
0.50867158174514771 0.04614601656794548 0.060705859214067459
0.4192313551902771 0.074931696057319641 0.034147266298532486
0.50438302755355835 0.04873194545507431 0.072759382426738739
0.46100851893424988 0.011001995764672756 0.077050000429153442
0.51250362396240234 0.032206449657678604 0.085785835981369019
0.54287421703338623 -0.0046862279996275902 0.065976180136203766
0.50851774215698242 -0.031024245545268059 0.05565255880355835
0.44897648692131042 0.093536481261253357 0.046927891671657562
0.43639549612998962 0.058304965496063232 0.10676202178001404
0.52930945158004761 -0.056844685226678848 0.065128445625305176
0.53742271661758423 -0.011289265938103199 0.053704094141721725
0.4487375020980835 0.074727572500705719 0.1010410264134407
0.50232994556427002 -0.026489311829209328 0.094333738088607788
0.41300091147422791 0.026647850871086121 0.065720953047275543
0.52056699991226196 -0.013829373754560947 0.045011598616838455
0.53137272596359253 -0.022588413208723068 0.087287105619907379
0.43076661229133606 0.013430935330688953 0.082116290926933289
0.50200766324996948 0.03244868665933609 0.094148822128772736
0.47950509190559387 0.048222009092569351 0.036697719246149063
0.47164970636367798 0.052472412586212158 0.098251037299633026
0.45809200406074524 0.08033376932144165 0.086896009743213654
0.53538054227828979 -0.044277925044298172 0.053934190422296524
0.43860074877738953 0.092448040843009949 0.037266775965690613
0.4479374885559082 -0.0023874007165431976 0.05270860344171524
0.49771976470947266 -0.033638391643762589 0.070750340819358826
0.49551475048065186 0.019009526818990707 0.1053726002573967
0.45034459233283997 0.055893309414386749 0.10295552015304565
0.46103143692016602 0.016863241791725159 0.029360296204686165
0.43398845195770264 0.04047013446688652 0.10396616160869598
0.55115532875061035 -0.013958834111690521 0.075728088617324829
0.46328583359718323 0.060650363564491272 0.03558807447552681
0.46348068118095398 -0.0065461685881018639 0.044951383024454117
0.4882853627204895 -0.029353754594922066 0.083917535841464996
0.41213631629943848 0.036964427679777145 0.042687993496656418
0.48752233386039734 0.015637192875146866 0.10369005054235458
0.42890423536300659 0.018075065687298775 0.054043449461460114
0.47000211477279663 -0.021416801959276199 0.0609874427318573
0.52160459756851196 -0.01200410071760416 0.09036225825548172
0.47756147384643555 -0.026396764442324638 0.055335897952318192
0.48245176672935486 0.050711195915937424 0.093715526163578033
0.44751113653182983 0.053067129105329514 0.027396807447075844
0.44624426960945129 0.028728647157549858 0.033053770661354065
0.51399099826812744 -0.015525076538324356 0.032194368541240692
0.50491178035736084 0.0092857042327523232 0.10561982542276382
0.39878597855567932 0.045868780463933945 0.052830018103122711
0.51751601696014404 0.03489304706454277 0.051854450255632401
0.4251631498336792 0.085987895727157593 0.035983361303806305
0.49970784783363342 0.0466720350086689 0.047460399568080902
0.47208312153816223 0.034615129232406616 0.1060183122754097
0.45350798964500427 -0.00039573261165060103 0.043973993510007858
0.41182982921600342 0.071233436465263367 0.075441718101501465
0.44324243068695068 0.058382179588079453 0.027136219665408134
0.4226745069026947 0.024772016331553459 0.052053123712539673
0.46899774670600891 -0.023240495473146439 0.077286481857299805
0.47112464904785156 -0.019068799912929535 0.082642622292041779
0.39706924557685852 0.046286948025226593 0.07838604599237442
0.52457135915756226 0.027184249833226204 0.058735627681016922
0.40685105323791504 0.06122593954205513 0.06208222359418869
0.52966088056564331 -0.037515949457883835 0.081984445452690125
0.48136216402053833 0.026828153058886528 0.027387773618102074
0.4505077600479126 0.060182608664035797 0.031439654529094696
0.50167280435562134 -0.030798157677054405 0.052840095013380051
0.44411209225654602 0.10085148364305496 0.069277890026569366
0.50030821561813354 0.050197485834360123 0.064834579825401306
0.45815402269363403 0.078277848660945892 0.039812788367271423
0.42446145415306091 0.036507327109575272 0.094893351197242737
0.53794717788696289 -0.038285911083221436 0.09155157208442688
0.49250572919845581 0.057053040713071823 0.070506304502487183
0.48494413495063782 -0.019213687628507614 0.039441090077161789
0.54742807149887085 -0.011086031794548035 0.076369665563106537
0.47926926612854004 -0.015293130651116371 0.091290250420570374
0.53291893005371094 -0.042656246572732925 0.084971882402896881
0.43128836154937744 0.066892042756080627 0.029897626489400864
0.49101242423057556 -0.012938729487359524 0.10333301872014999
0.4693433940410614 0.079693645238876343 0.078941546380519867
0.48225989937782288 -0.011080102063715458 0.097320519387722015
0.48344552516937256 0.0090811336413025856 0.030127150937914848
0.42171847820281982 0.048854943364858627 0.030569033697247505
0.45333993434906006 -0.0036261423956602812 0.059992238879203796
0.46492549777030945 -0.018547782674431801 0.053733162581920624
0.46756267547607422 -0.022315014153718948 0.057226672768592834
0.52619040012359619 -0.043901111930608749 0.074523121118545532
0.52421844005584717 -0.037844385951757431 0.049190524965524673
0.55797052383422852 -0.025343246757984161 0.069874390959739685
0.42636030912399292 0.087342657148838043 0.07645629346370697
0.417898029088974 0.073463708162307739 0.049040209501981735
0.51076507568359375 -0.012274185195565224 0.030895482748746872
0.48419395089149475 0.044560790061950684 0.10021538287401199
0.49201640486717224 0.054803088307380676 0.07933429628610611
0.52594351768493652 0.030068615451455116 0.074937619268894196
0.44525068998336792 0.066634267568588257 0.10166500508785248
0.48453778028488159 -0.035564322024583817 0.064598746597766876
0.42354661226272583 0.020352024585008621 0.051309835165739059
0.53306293487548828 -0.00025252360501326621 0.05726773664355278
0.42040356993675232 0.080737702548503876 0.074576906859874725
0.44753047823905945 0.08641333132982254 0.03867393359541893
0.55316954851150513 -0.025405034422874451 0.075630061328411102
0.40073823928833008 0.058923866599798203 0.055717024952173233
0.41154685616493225 0.066446810960769653 0.084256283938884735
0.48369115591049194 0.060093600302934647 0.050380229949951172
0.41024667024612427 0.069494388997554779 0.098955743014812469
0.48205485939979553 0.063426122069358826 0.086954392492771149
0.52850961685180664 0.018628615885972977 0.051060058176517487
0.54548847675323486 -0.023354670032858849 0.082874372601509094
0.39963170886039734 0.03754318505525589 0.063807420432567596
0.40375375747680664 0.033988531678915024 0.062466047704219818
0.44671934843063354 0.058327212929725647 0.030459655448794365
0.39479255676269531 0.047858238220214844 0.06260865181684494
0.47561541199684143 0.03110908530652523 0.03031674399971962
0.42691591382026672 0.087943807244300842 0.054772771894931793
0.42173254489898682 0.033223729580640793 0.095037505030632019
0.53601175546646118 -0.034184738993644714 0.046507280319929123
0.53624182939529419 -0.049446005374193192 0.048775888979434967
0.51738959550857544 -0.027881406247615814 0.081328369677066803
0.54923862218856812 -0.010199067182838917 0.068021379411220551
0.53964132070541382 -0.011234444566071033 0.077788844704627991
0.45191857218742371 0.015871772542595863 0.10084962099790573
0.44611445069313049 0.062177691608667374 0.10250955075025558
0.5411841869354248 -0.013302196748554707 0.049264557659626007
0.49632322788238525 0.025748897343873978 0.10340134054422379
0.49971270561218262 -0.026732813566923141 0.044319946318864822
0.4725976288318634 0.015937808901071548 0.10602903366088867
0.47588109970092773 -0.0019972214940935373 0.096442073583602905
0.53103446960449219 0.0088444603607058525 0.082453608512878418
0.53653222322463989 0.0017187305493280292 0.051489297300577164
0.55845755338668823 -0.018362071365118027 0.065860256552696228
0.45742461085319519 0.077135205268859863 0.095112442970275879
0.52031171321868896 -0.049712765961885452 0.061661195009946823
0.43058514595031738 0.092016398906707764 0.061946988105773926
0.41838118433952332 0.074034862220287323 0.10114547610282898
0.47074365615844727 0.062186401337385178 0.036410443484783173
0.45978376269340515 0.02016749419271946 0.031960640102624893
0.40093120932579041 0.054668538272380829 0.069951504468917847
0.43472310900688171 0.011202256195247173 0.058039780706167221
0.53302633762359619 0.019451234489679337 0.055168438702821732
0.40434610843658447 0.054235905408859253 0.035495243966579437
0.51791280508041382 -0.027403784915804863 0.089799851179122925
0.4762936532497406 0.0083228088915348053 0.10545819252729416
0.4981134831905365 -0.030971718952059746 0.081488512456417084
0.46555614471435547 0.084428064525127411 0.066563069820404053
0.52831119298934937 -0.030878687277436256 0.090802475810050964
0.53422486782073975 -0.04616609588265419 0.044888973236083984
0.40525016188621521 0.059470381587743759 0.09024135023355484
0.43938687443733215 0.021410340443253517 0.03574628010392189
0.48996752500534058 0.026660649105906487 0.10160205513238907
0.49554663896560669 0.0056869019754230976 0.026806419715285301
0.49285873770713806 -0.014556566253304482 0.030288238078355789
0.50966066122055054 -0.03947502002120018 0.07590242475271225
0.55586367845535278 -0.021566910669207573 0.053064335137605667
0.46335166692733765 -0.013750683516263962 0.059032078832387924
0.52069300413131714 -0.011485886760056019 0.034923482686281204
0.47538894414901733 -0.004284542053937912 0.086130097508430481
0.46185210347175598 0.0018657611217349768 0.035333454608917236
0.50997757911682129 -0.021894251927733421 0.043413706123828888
0.40336507558822632 0.06184769794344902 0.072893433272838593
0.46744021773338318 0.0084170456975698471 0.08219899982213974
0.41504380106925964 0.056515980511903763 0.10363944619894028
0.55002224445343018 -0.034146618098020554 0.081670023500919342
0.51673561334609985 -0.0088163446635007858 0.096350446343421936
0.4325224757194519 0.089668422937393188 0.037366356700658798
0.45560446381568909 0.093671351671218872 0.059197623282670975
0.44412210583686829 0.083437278866767883 0.09491981565952301
0.43628820776939392 0.067426815629005432 0.027351627126336098
0.4630311131477356 0.042642112821340561 0.027287011966109276
0.52794003486633301 -0.051436826586723328 0.061201214790344238
0.50413221120834351 0.043948128819465637 0.05440409854054451
0.46441137790679932 0.077242515981197357 0.089328721165657043
0.48323425650596619 0.040374130010604858 0.098983258008956909
0.47701236605644226 -0.032085340470075607 0.071158640086650848
0.46896946430206299 0.06797703355550766 0.043992046266794205
0.48488229513168335 0.013738831505179405 0.029802696779370308
0.48397034406661987 0.055924318730831146 0.04548412561416626
0.40346091985702515 0.037483729422092438 0.078724890947341919
0.41369232535362244 0.050748851150274277 0.09743797779083252
0.39679726958274841 0.045102778822183609 0.058993484824895859
0.46932923793792725 0.077899396419525146 0.070962220430374146
0.49799555540084839 -0.033564746379852295 0.048655152320861816
0.45815625786781311 0.0099558364599943161 0.084308609366416931
0.44349703192710876 0.077501818537712097 0.035116769373416901
0.40817996859550476 0.062715828418731689 0.086529560387134552
0.43219131231307983 0.030430290848016739 0.038089100271463394
0.52708107233047485 -0.045207332819700241 0.053266752511262894
0.53918331861495972 -0.024364160373806953 0.082467004656791687
0.51585513353347778 -0.036985822021961212 0.067516356706619263
0.42567753791809082 0.082311250269412994 0.10526161640882492
0.5161098837852478 -0.038387969136238098 0.055120743811130524
0.48325034976005554 0.0648384690284729 0.073440782725811005
0.4623522162437439 0.059675458818674088 0.031335916370153427
0.52676272392272949 -0.026419363915920258 0.041921243071556091
0.41834515333175659 0.032122373580932617 0.047180049121379852
0.47723597288131714 0.070840373635292053 0.063154116272926331
0.54700404405593872 -0.01421114057302475 0.062722876667976379
0.40063908696174622 0.058822505176067352 0.068266451358795166
0.4762910008430481 -0.013408527709543705 0.084688611328601837
0.51632225513458252 -0.023146811872720718 0.037332843989133835
0.53401941061019897 -0.00209063570946455 0.072670407593250275
0.43180200457572937 0.093352168798446655 0.04252968356013298
0.51334869861602783 0.040569242089986801 0.076988227665424347
0.46175867319107056 0.045192152261734009 0.030529234558343887
0.40966948866844177 0.064361050724983215 0.077639661729335785
0.4369184672832489 0.013356932438910007 0.07903376966714859
0.43684595823287964 0.073785632848739624 0.1017666831612587
0.5153038501739502 0.0020147005561739206 0.10021405667066574
0.47183644771575928 -0.00068984489189460874 0.035615455359220505
0.42934837937355042 0.090663567185401917 0.088687710464000702
0.47447323799133301 0.072562344372272491 0.049847058951854706
0.45667538046836853 0.0090759480372071266 0.069818928837776184
0.53456246852874756 0.00045169561053626239 0.085904113948345184
0.44807779788970947 0.0057989559136331081 0.041521422564983368
0.43853649497032166 0.087131872773170471 0.099112473428249359
0.53002995252609253 0.0081373490393161774 0.043295614421367645
0.54342460632324219 -0.023987226188182831 0.048768360167741776
0.46741372346878052 0.012295476160943508 0.097663961350917816
0.44614094495773315 0.076444633305072784 0.097793057560920715
0.50888544321060181 -0.036009982228279114 0.05065782368183136
0.41544884443283081 0.075247213244438171 0.077977567911148071
0.53083217144012451 -0.039709005504846573 0.052169762551784515
0.50912153720855713 -0.035610601305961609 0.077832907438278198
0.46761646866798401 0.029394783079624176 0.027503453195095062
0.52948564291000366 -0.051156699657440186 0.07577226310968399
0.55521607398986816 -0.027906177565455437 0.084051631391048431
0.40678253769874573 0.06528792530298233 0.031394872814416885
0.46636837720870972 0.072983860969543457 0.046773377805948257
0.40004917979240417 0.05116475373506546 0.0444306880235672
0.54243117570877075 -0.038082819432020187 0.082148164510726929
0.48284560441970825 -0.0056743565946817398 0.099939718842506409
0.49142810702323914 -0.015768963843584061 0.034483790397644043
0.50570130348205566 0.027459906414151192 0.099009297788143158
0.5450599193572998 -0.016699366271495819 0.069157324731349945
0.40106987953186035 0.054807588458061218 0.048407390713691711
0.42217975854873657 0.078217409551143646 0.059252940118312836
0.44153192639350891 0.099671982228755951 0.060369156301021576
0.50401854515075684 0.022692382335662842 0.10199116170406342
0.48530995845794678 -0.0087348176166415215 0.03159128874540329
0.46171879768371582 0.011074468493461609 0.099859446287155151
0.42180699110031128 0.07783198356628418 0.10010021179914474
0.51239877939224243 0.038899481296539307 0.082821875810623169
0.52429312467575073 -0.0071595455519855022 0.043819945305585861
0.52284187078475952 0.0016553229652345181 0.094379961490631104
0.50826972723007202 -0.0091894790530204773 0.10067759454250336
0.44430333375930786 0.0051622465252876282 0.052232608199119568
0.49896401166915894 0.02894950844347477 0.035837579518556595
0.45144525170326233 0.044906158000230789 0.10677113384008408
0.4964691698551178 0.0056244903244078159 0.10646407306194305
0.47948193550109863 0.055682569742202759 0.041558414697647095
0.48179134726524353 0.07084820419549942 0.067655652761459351
0.41510102152824402 0.056759238243103027 0.030750608071684837
0.51990032196044922 -0.0064163319766521454 0.040289629250764847
0.52596664428710938 -0.0047990046441555023 0.095372006297111511
0.41720601916313171 0.077167309820652008 0.037038430571556091
0.51840293407440186 0.0042680134065449238 0.098211012780666351
0.55392652750015259 -0.029828568920493126 0.066651791334152222
0.49635803699493408 -0.0075747929513454437 0.028285693377256393
0.45775324106216431 -0.0089277699589729309 0.048894289880990982
0.48868334293365479 0.060097448527812958 0.060753326863050461
0.54253482818603516 -0.020532246679067612 0.05086866021156311
0.466229647397995 -0.0028407098725438118 0.039771120995283127
0.51633328199386597 0.030069669708609581 0.043959148228168488
0.43249300122261047 0.089675024151802063 0.094991274178028107
0.39956974983215332 0.041577517986297607 0.064726412296295166
0.45810189843177795 0.079830355942249298 0.046087779104709625
0.48404112458229065 -0.022922545671463013 0.090685538947582245
0.5310329794883728 0.020818281918764114 0.06908910721540451
0.51735174655914307 -0.013349404558539391 0.041246339678764343
0.46671590209007263 0.020518409088253975 0.10299450904130936
0.48135441541671753 -0.030687130987644196 0.057576246559619904
0.46270766854286194 -0.00057911168551072478 0.067504212260246277
0.53839719295501709 -0.032834645360708237 0.041838228702545166
0.55252879858016968 -0.024936633184552193 0.066032230854034424
0.48839718103408813 0.0025740419514477253 0.02731502428650856
0.45264765620231628 0.031907953321933746 0.030790833756327629
0.53117823600769043 -0.046106647700071335 0.057784870266914368
0.46566256880760193 -0.0073917093686759472 0.065586872398853302
0.52959352731704712 0.026062993332743645 0.056637629866600037
0.53188920021057129 -0.035155728459358215 0.046411909162998199
0.46642202138900757 -0.017633112147450447 0.063851937651634216
0.53452563285827637 -0.0015660370700061321 0.04712720587849617
0.44353613257408142 0.035619672387838364 0.031751181930303574
0.42811799049377441 0.074309937655925751 0.027676895260810852
0.41126799583435059 0.070620924234390259 0.090605884790420532
0.43364527821540833 0.052806925028562546 0.027183419093489647
0.51189333200454712 -0.037233166396617889 0.070483312010765076
0.48686522245407104 -0.0028760412242263556 0.028481161221861839
0.438189297914505 0.094115510582923889 0.091002166271209717
0.53183126449584961 0.023331565782427788 0.075788520276546478
0.55416101217269897 -0.026286041364073753 0.048479031771421432
0.51506227254867554 0.021407827734947205 0.039940830320119858
0.46582719683647156 0.070098035037517548 0.090204298496246338
0.438690185546875 0.048405420035123825 0.03020796924829483
0.49485036730766296 0.057029232382774353 0.055440522730350494
0.42001873254776001 0.080321073532104492 0.089255742728710175
0.44222500920295715 0.02717907540500164 0.098482646048069
0.50157731771469116 0.040934879332780838 0.087118126451969147
0.48053422570228577 -0.028042301535606384 0.085377000272274017
0.50967085361480713 0.006094648502767086 0.031323317438364029
0.41277980804443359 0.029882783070206642 0.082506537437438965
0.42434665560722351 0.066169500350952148 0.029822656884789467
0.40766951441764832 0.062128171324729919 0.054569561034440994
0.5308571457862854 -0.012948612682521343 0.085799574851989746
0.40545842051506042 0.040740527212619781 0.082211054861545563
0.4403788149356842 0.098401390016078949 0.071727290749549866
0.54356330633163452 -0.023782515898346901 0.053330052644014359
0.53776013851165771 0.0099335405975580215 0.067972198128700256
0.53072750568389893 0.0071853641420602798 0.089579105377197266
0.4272129237651825 0.029402578249573708 0.091552309691905975
0.48226442933082581 -0.032042570412158966 0.065423034131526947
0.51077169179916382 -0.004303585272282362 0.034788604825735092
0.4324001669883728 0.090091422200202942 0.10074602067470551
0.47425743937492371 -0.018318425863981247 0.087837584316730499
0.54836195707321167 -0.027098564431071281 0.078353129327297211
0.4350191056728363 0.011972281150519848 0.073846794664859772
0.44835934042930603 0.017496844753623009 0.033465344458818436
0.53147083520889282 -0.016892021521925926 0.082263216376304626
0.50303512811660767 -0.021193590015172958 0.098770260810852051
0.46686479449272156 -0.012994819320738316 0.073557034134864807
0.51065546274185181 0.040760915726423264 0.069873057305812836
0.5378839373588562 -0.045820999890565872 0.089201413094997406
0.41389334201812744 0.073534548282623291 0.095247402787208557
0.47214844822883606 0.016957055777311325 0.027554746717214584
0.41590797901153564 0.045434925705194473 0.095636360347270966
0.47475528717041016 0.0038529429584741592 0.029547901824116707
0.49170631170272827 -0.020502641797065735 0.036972180008888245
0.54781025648117065 -0.034517876803874969 0.043131489306688309
0.50140458345413208 0.05162912979722023 0.058469157665967941
0.53037780523300171 -0.03147081658244133 0.049796577543020248
0.47063142061233521 -0.010783680714666843 0.079216927289962769
0.48277023434638977 0.045307952910661697 0.034237019717693329
0.5175400972366333 0.015974557027220726 0.098298124969005585
0.46805575489997864 -0.011723505333065987 0.041085612028837204
0.47276556491851807 0.058837033808231354 0.094123706221580505
0.5125851035118103 -0.012169325724244118 0.037399020045995712
0.53437721729278564 0.01806950755417347 0.074628911912441254
0.45260205864906311 0.016485007479786873 0.032168056815862656
0.40623590350151062 0.062912002205848694 0.10250446945428848
0.4938526451587677 -0.0051186215132474899 0.10281189531087875
0.47169670462608337 0.027545789256691933 0.026795836165547371
0.43053251504898071 0.024158041924238205 0.094181880354881287
0.48422646522521973 -0.031466022133827209 0.07580120861530304
0.41938182711601257 0.051964562386274338 0.10343893617391586
0.54209941625595093 -0.027323788031935692 0.051065757870674133
0.53462439775466919 -0.046748265624046326 0.066268235445022583
0.47024935483932495 -0.026198036968708038 0.064290039241313934
0.48633673787117004 -0.010009783320128918 0.10188601911067963
0.53739774227142334 -0.0040298490785062313 0.073893390595912933
0.50709319114685059 -0.0053224037401378155 0.03237011656165123
0.41258764266967773 0.064215347170829773 0.10194286704063416
0.54019391536712646 -0.03899572417140007 0.042563270777463913
0.53558480739593506 -0.010041981935501099 0.0740036740899086
0.53337079286575317 -0.024086672812700272 0.083764851093292236
0.42706161737442017 0.022043658420443535 0.050109274685382843
0.45094972848892212 0.068252637982368469 0.030696092173457146
0.44764670729637146 0.015449405647814274 0.090740986168384552
0.53921079635620117 -0.041660469025373459 0.071065433323383331
0.41887003183364868 0.074554704129695892 0.068746909499168396
0.4245598316192627 0.061478838324546814 0.027128333225846291
0.53979271650314331 -0.045504238456487656 0.056553952395915985
0.48986947536468506 0.0076490910723805428 0.10636992007493973
0.46901074051856995 0.075875617563724518 0.086054272949695587
0.41832953691482544 0.078432679176330566 0.066101700067520142
0.41180476546287537 0.071199655532836914 0.06663089245557785
0.50115281343460083 -0.03913271427154541 0.065290980041027069
0.54925256967544556 -0.030537368729710579 0.057545289397239685
0.49667724967002869 0.041764430701732635 0.090675331652164459
0.40419349074363708 0.062754996120929718 0.056648600846529007
0.42144155502319336 0.077414587140083313 0.082083292305469513
0.48789474368095398 -0.036259368062019348 0.069235026836395264
0.52393561601638794 0.012173411436378956 0.092429794371128082
0.41584327816963196 0.050258666276931763 0.035380661487579346
0.51172709465026855 0.039207413792610168 0.060352355241775513
0.47090029716491699 0.046423178166151047 0.029477685689926147
0.47340211272239685 0.07400774210691452 0.072151057422161102
0.52278459072113037 0.012935926206409931 0.039908155798912048
0.42818328738212585 0.084889188408851624 0.083135232329368591
0.48627722263336182 0.029625272378325462 0.10485812276601791
0.4459080696105957 0.10024160891771317 0.056471388787031174
0.4474557638168335 0.094502821564674377 0.080258987843990326
0.46135628223419189 0.03209894523024559 0.10669392347335815
0.47075870633125305 -0.019672108814120293 0.075846299529075623
0.42785787582397461 0.089014805853366852 0.09399963915348053
0.39982292056083679 0.057928051799535751 0.083473242819309235
0.5514863133430481 -0.01907043531537056 0.082107126712799072
0.53165799379348755 0.018560221418738365 0.063210189342498779
0.53650820255279541 -0.037392586469650269 0.049864742904901505
0.45250743627548218 -0.0066992468200623989 0.052408434450626373
0.44675233960151672 -0.0026311296969652176 0.058654244989156723
0.48445171117782593 -0.032044176012277603 0.060578342527151108
0.39126706123352051 0.048427432775497437 0.060562636703252792
0.55162471532821655 -0.032184392213821411 0.087602563202381134
0.50139981508255005 0.039831660687923431 0.04510023444890976
0.50202995538711548 -0.033149037510156631 0.061137266457080841
0.51307481527328491 -0.026741458103060722 0.044672690331935883
0.47431907057762146 -0.023497423157095909 0.055389449000358582
0.53041201829910278 -0.019217722117900848 0.050334732979536057
0.42225977778434753 0.056580238044261932 0.03131522610783577
0.52988296747207642 0.0042224596254527569 0.048944685608148575
0.43936717510223389 0.015509809367358685 0.093413494527339935
0.46188467741012573 0.011558439582586288 0.082528717815876007
0.47133943438529968 0.0062878066673874855 0.082011662423610687
0.50838416814804077 0.030345126986503601 0.091418057680130005
0.39937478303909302 0.047622386366128922 0.04922393336892128
0.53982001543045044 -0.029161097481846809 0.04651506245136261
0.50974869728088379 0.039624400436878204 0.056088808923959732
0.52365756034851074 -0.038869846612215042 0.055925894528627396
0.4276750385761261 0.050717718899250031 0.031545311212539673
0.53529751300811768 0.005536242388188839 0.050929509103298187
0.42923364043235779 0.058738704770803452 0.10350631177425385
0.40425550937652588 0.06283772736787796 0.07713695615530014
0.54563993215560913 -0.013304992578923702 0.052037272602319717
0.4273989200592041 0.03401816263794899 0.034700788557529449
0.44021454453468323 0.093201741576194763 0.094695679843425751
0.5446738600730896 -0.011756513267755508 0.080905221402645111
0.47455647587776184 0.039097454398870468 0.031605511903762817
0.50483757257461548 -0.020353563129901886 0.039673838764429092
0.4857686460018158 0.047943312674760818 0.093565754592418671
0.53390395641326904 -0.047550346702337265 0.061279777437448502
0.52146071195602417 -0.034268874675035477 0.053864948451519012
0.53312855958938599 -0.017687775194644928 0.043666273355484009
0.50144225358963013 -0.036390963941812515 0.080243885517120361
0.46595674753189087 0.028298677876591682 0.10604482144117355
0.52209454774856567 -0.025615526363253593 0.042285390198230743
0.54452610015869141 -0.027014005929231644 0.085556603968143463
0.52207636833190918 0.016697149723768234 0.092471912503242493
0.53309273719787598 -0.018910769373178482 0.086186893284320831
0.40879160165786743 0.040564455091953278 0.091395311057567596
0.44326746463775635 0.075210213661193848 0.030921269208192825
0.48696577548980713 0.06006539985537529 0.077766083180904388
0.39698490500450134 0.043452464044094086 0.081260710954666138
0.43285316228866577 0.081079736351966858 0.1033027321100235
0.49684146046638489 0.051852617412805557 0.075939573347568512
0.48088565468788147 0.057248696684837341 0.089536651968955994
0.53190529346466064 -0.034298501908779144 0.087097413837909698
0.52242255210876465 -0.044666502624750137 0.058658983558416367
0.41376873850822449 0.036885183304548264 0.092148877680301666
0.46092450618743896 0.082863315939903259 0.054242584854364395
0.52760434150695801 -0.035016786307096481 0.08639226108789444
0.48328354954719543 0.032496232539415359 0.031929217278957367
0.54557955265045166 -0.034610498696565628 0.05577487125992775
0.40739083290100098 0.061831973493099213 0.073312945663928986
0.43875995278358459 0.0055201700888574123 0.054649192839860916
0.54798406362533569 -0.031936418265104294 0.068202860653400421
0.53964781761169434 -0.041172333061695099 0.076475478708744049
0.53943556547164917 -0.026979319751262665 0.087183564901351929
0.51556903123855591 0.037334378808736801 0.080414034426212311
0.48643118143081665 0.05649794265627861 0.048792872577905655
0.40682098269462585 0.061176177114248276 0.038009904325008392
0.40920254588127136 0.068295381963253021 0.038071304559707642
0.46798047423362732 0.044157102704048157 0.10216359049081802
0.46699035167694092 0.0099560730159282684 0.033082995563745499
0.41775757074356079 0.021234424784779549 0.063420876860618591
0.48963636159896851 -0.030571963638067245 0.051924295723438263
0.43940266966819763 0.04589727520942688 0.10308095067739487
0.46175745129585266 0.007126078475266695 0.033790163695812225
0.44685310125350952 0.096908807754516602 0.084537342190742493
0.50992119312286377 0.036282595247030258 0.044257763773202896
0.50169754028320312 -0.0050039086490869522 0.029945077374577522
0.49537950754165649 0.049079060554504395 0.044499702751636505
0.43391168117523193 0.091235250234603882 0.076587989926338196
0.44532811641693115 0.093672402203083038 0.088544949889183044
0.47635751962661743 0.073165677487850189 0.054142478853464127
0.48019540309906006 0.062465477734804153 0.049246825277805328
0.4333626925945282 0.090606443583965302 0.046978224068880081
0.51576906442642212 0.031084965914487839 0.088454164564609528
0.46487793326377869 0.080812722444534302 0.075515948235988617
0.52916997671127319 0.011231137439608574 0.090731777250766754
0.48080039024353027 0.034485958516597748 0.029172435402870178
0.51226282119750977 0.014783855527639389 0.03141673281788826
0.43640723824501038 0.040743652731180191 0.028899999335408211
0.52730602025985718 0.0052416669204831123 0.044126100838184357
0.44576460123062134 0.017312204465270042 0.094559527933597565
0.5062713623046875 -0.015673080459237099 0.035837087780237198
0.42245796322822571 0.02264370396733284 0.056946218013763428
0.41956380009651184 0.079792030155658722 0.052975766360759735
0.53084546327590942 -0.018094230443239212 0.090905465185642242
0.55061799287796021 -0.022046225145459175 0.070533700287342072
0.45542401075363159 0.07210172712802887 0.095629394054412842
0.46949043869972229 0.040180530399084091 0.03086451068520546
0.45610710978507996 0.071292892098426819 0.037782143801450729
0.44873657822608948 0.089592345058917999 0.047607552260160446
0.48916968703269958 0.044739853590726852 0.093659654259681702
0.52096527814865112 0.0066982442513108253 0.033986032009124756
0.50237411260604858 -0.011175713501870632 0.10527684539556503
0.54353624582290649 -0.041338242590427399 0.079832665622234344
0.46948522329330444 -0.00097746343817561865 0.073211938142776489
0.49365884065628052 -0.026026759296655655 0.095057129859924316
0.52730250358581543 0.018927613273262978 0.084997273981571198
0.43330645561218262 0.095025420188903809 0.05045001208782196
0.39696589112281799 0.05473925918340683 0.051932740956544876
0.44653549790382385 0.045233201235532761 0.026867352426052094
0.52132970094680786 -0.041474837809801102 0.063362561166286469
0.55030089616775513 -0.015724986791610718 0.054498061537742615
0.43397927284240723 0.03380286693572998 0.098102718591690063
0.45796236395835876 0.014371989294886589 0.096305646002292633
0.50352436304092407 0.0088933501392602921 0.028680065646767616
0.44370204210281372 0.10357435047626495 0.05650678277015686
0.53824424743652344 -0.04273885115981102 0.061011709272861481
0.41973549127578735 0.066593557596206665 0.10342637449502945
0.52135425806045532 -0.040631767362356186 0.081476695835590363
0.52014213800430298 -0.016422329470515251 0.037736658006906509
0.41341665387153625 0.030047373846173286 0.074302762746810913
0.52040117979049683 0.00040698674274608493 0.042165562510490417
0.44442763924598694 0.057359002530574799 0.10647211223840714
0.45748960971832275 -0.0032369410619139671 0.063274338841438293
0.45981431007385254 0.089510060846805573 0.05839204415678978
0.49739968776702881 0.020326089113950729 0.032087419182062149
0.43090569972991943 0.087887868285179138 0.054695554077625275
0.55293154716491699 -0.020501138642430305 0.06150459498167038
0.53709262609481812 -0.048486117273569107 0.073269933462142944
0.48263159394264221 -0.0058691115118563175 0.033698923885822296
0.43559780716896057 0.09310729056596756 0.080726683139801025
0.42232513427734375 0.03336353600025177 0.038004234433174133
0.53096705675125122 -0.055287342518568039 0.058072913438081741
0.47996002435684204 -0.019566059112548828 0.0432107113301754
0.42227789759635925 0.021108025684952736 0.080162063241004944
0.48721620440483093 0.028095146641135216 0.03171762079000473
0.53798294067382812 -0.012991331517696381 0.080956906080245972
0.42519921064376831 0.081555098295211792 0.045072354376316071
0.52590537071228027 -0.012354218401014805 0.043010611087083817
0.50447732210159302 0.0023601243738085032 0.027025463059544563
0.44344881176948547 0.011035834439098835 0.077294275164604187
0.53380978107452393 -0.0091838333755731583 0.082244515419006348
0.42456299066543579 0.05785578116774559 0.1028519794344902
0.41415396332740784 0.073800303041934967 0.061218474060297012
0.4401167631149292 0.040943339467048645 0.031226620078086853
0.46026414632797241 0.050904951989650726 0.028261182829737663
0.48558723926544189 0.010164232924580574 0.10670632869005203
0.49552077054977417 0.054495487362146378 0.069066740572452545
0.44454145431518555 0.10086897015571594 0.080569222569465637
0.4060245156288147 0.064808160066604614 0.090820007026195526
0.43132418394088745 0.035602837800979614 0.035707138478755951
0.49118384718894958 -0.010913727805018425 0.02954300120472908
0.4350559413433075 0.023561544716358185 0.041003916412591934
0.41150128841400146 0.055978178977966309 0.032242197543382645
0.52762848138809204 0.022174300625920296 0.080327197909355164
0.48613849282264709 0.058698058128356934 0.08189750462770462
0.40313896536827087 0.061574216932058334 0.039450764656066895
0.46622857451438904 -0.012928449548780918 0.065209604799747467
0.41329321265220642 0.035749580711126328 0.085201501846313477
0.51604932546615601 0.040112700313329697 0.067429207265377045
0.47396808862686157 0.066447235643863678 0.047159012407064438
0.47284397482872009 -0.026480577886104584 0.078025080263614655
0.53581345081329346 0.015913181006908417 0.068313069641590118
0.52665889263153076 -0.019650304690003395 0.046197626739740372
0.53030693531036377 -0.045719292014837265 0.050014935433864594
0.49593070149421692 -0.018094101920723915 0.098439529538154602
0.45460465550422668 0.064338929951190948 0.03048078715801239
0.40844368934631348 0.05294988676905632 0.037429124116897583
0.46295076608657837 0.035674832761287689 0.029801255092024803
0.45220485329627991 0.086547575891017914 0.047710135579109192
0.50382888317108154 0.01732642762362957 0.032936803996562958
0.50146156549453735 0.047348704189062119 0.056729178875684738
0.40238282084465027 0.06074485182762146 0.052492775022983551
0.43404731154441833 0.091394320130348206 0.089389167726039886
0.44192928075790405 0.081882357597351074 0.10051834583282471
0.54434472322463989 -0.017590047791600227 0.079989895224571228
0.51224595308303833 -0.043710209429264069 0.070014476776123047
0.50059038400650024 -0.038926087319850922 0.069687865674495697
0.41696885228157043 0.036965034902095795 0.040303006768226624
0.47378110885620117 0.028251990675926208 0.10571904480457306
0.44862809777259827 0.082891695201396942 0.092471331357955933
0.53083014488220215 0.015158782713115215 0.086677558720111847
0.48973774909973145 0.05427352711558342 0.049840390682220459
0.44838821887969971 0.09994051605463028 0.075183786451816559
0.47671768069267273 0.044349789619445801 0.033817056566476822
0.46628659963607788 0.00073205359512940049 0.033773396164178848
0.4877256453037262 -0.011614393442869186 0.034147359430789948
0.51671350002288818 -0.0025182573590427637 0.039484933018684387
0.43535846471786499 0.068128995597362518 0.10312851518392563
0.42046284675598145 0.080779820680618286 0.039924923330545425
0.49263215065002441 -0.033901914954185486 0.062630981206893921
0.42813840508460999 0.017843931913375854 0.083184145390987396
0.50136464834213257 0.051025182008743286 0.077127031981945038
0.44756326079368591 0.032801773399114609 0.03155117854475975
0.40032345056533813 0.03886784240603447 0.055705461651086807
0.44796377420425415 0.041468355804681778 0.027541855350136757
0.48733147978782654 -0.015674516558647156 0.097484469413757324
0.51022195816040039 0.018973927944898605 0.035935696214437485
0.4751628041267395 0.060348961502313614 0.091368086636066437
0.45885178446769714 0.083592459559440613 0.047358319163322449
0.41788747906684875 0.059619449079036713 0.031521353870630264
0.54332476854324341 -0.017989108338952065 0.058230999857187271
0.5514257550239563 -0.030214335769414902 0.053756467998027802
0.44857442378997803 0.094970323145389557 0.050586223602294922
0.48700973391532898 -0.026071371510624886 0.04408743605017662
0.46987780928611755 0.08121015876531601 0.063834436237812042
0.39955621957778931 0.055201802402734756 0.095919646322727203
0.40829011797904968 0.058562625199556351 0.034706465899944305
0.4871707558631897 0.020472940057516098 0.10632747411727905
0.5450020432472229 -0.035237029194831848 0.075876869261264801
0.53080296516418457 -0.025591084733605385 0.091288246214389801
0.54187172651290894 -0.015188506804406643 0.085210658609867096
0.54654437303543091 -0.014178925193846226 0.07214365154504776
0.52508163452148438 -0.019039694219827652 0.088246509432792664
0.43018779158592224 0.013918067328631878 0.065376535058021545
0.53220033645629883 -0.0042137550190091133 0.078600011765956879
0.52120155096054077 -0.0027567853685468435 0.095087043941020966
0.49245747923851013 -0.027564680203795433 0.040433961898088455
0.4432232677936554 0.036486949771642685 0.1019384041428566
0.43610656261444092 0.080443575978279114 0.099913917481899261
0.41161537170410156 0.066506460309028625 0.060328569263219833
0.44510596990585327 0.083337187767028809 0.039104748517274857
0.45178639888763428 0.027482755482196808 0.10479576140642166
0.45324969291687012 0.090853556990623474 0.04854147881269455
0.41519814729690552 0.074937082827091217 0.030702479183673859
0.39738890528678894 0.050733946263790131 0.058794677257537842
0.54174500703811646 -0.038862794637680054 0.053842827677726746
0.53373509645462036 -0.052212979644536972 0.066416934132575989
0.53267979621887207 0.0099150137975811958 0.077223427593708038
0.50901603698730469 -0.036622203886508942 0.066665790975093842
0.48766663670539856 0.048263590782880783 0.038119234144687653
0.5358307957649231 0.007043386809527874 0.080642260611057281
0.45743799209594727 0.068241462111473083 0.033320844173431396
0.474225252866745 -0.0059338193386793137 0.037215095013380051
0.4936235249042511 0.0073435474187135696 0.029808422550559044
0.5256085991859436 -0.031066987663507462 0.082972235977649689
0.39661458134651184 0.040457092225551605 0.071235448122024536
0.44262346625328064 0.0089469710364937782 0.044890765100717545
0.42308938503265381 0.032700549811124802 0.042324632406234741
0.52357584238052368 0.029471736401319504 0.081666551530361176
0.43640425801277161 0.027975341305136681 0.037307042628526688
0.42340147495269775 0.053159944713115692 0.1016252413392067
0.47952845692634583 0.056087102741003036 0.03765227273106575
0.53353416919708252 -0.046521987766027451 0.076896347105503082
0.47036930918693542 -0.023706439882516861 0.054283548146486282
0.49664062261581421 0.053131632506847382 0.061857838183641434
0.43235236406326294 0.02021101675927639 0.087200090289115906
0.52416586875915527 -0.016893226653337479 0.048152953386306763
0.49773633480072021 -0.019624302163720131 0.037354763597249985
0.53024160861968994 -0.013141145929694176 0.044735312461853027
0.45746573805809021 0.027784658595919609 0.030754834413528442
0.49904948472976685 -0.015219755470752716 0.10008628666400909
0.51059556007385254 -0.032351914793252945 0.073301360011100769
0.54699724912643433 -0.037507705390453339 0.07055819034576416
0.48375692963600159 0.067297264933586121 0.058619033545255661
0.40531909465789795 0.058250632137060165 0.097406692802906036
0.422324538230896 0.081429608166217804 0.028623824939131737
0.48216679692268372 0.019282132387161255 0.029845805838704109
0.4008718729019165 0.043479308485984802 0.079706460237503052
0.52073943614959717 -0.045528702437877655 0.080127216875553131
0.52895373106002808 0.012166914530098438 0.042813658714294434
0.50778061151504517 -0.0001331539242528379 0.027829598635435104
0.47247672080993652 0.0041203675791621208 0.085585013031959534
0.45235025882720947 0.096057876944541931 0.063123181462287903
0.47420781850814819 -0.020459122955799103 0.050103191286325455
0.47979387640953064 0.0029456575866788626 0.10093443095684052
0.53060805797576904 -0.006466899998486042 0.081497460603713989
0.54196649789810181 -0.0089175580069422722 0.070750661194324493
0.4557359516620636 0.089444458484649658 0.074264287948608398
0.52471435070037842 0.027934469282627106 0.062572181224822998
0.41744661331176758 0.039711203426122665 0.092726573348045349
0.47518971562385559 -0.0094417575746774673 0.038782697170972824
0.47829580307006836 0.074061751365661621 0.065180391073226929
0.42071697115898132 0.035094715654850006 0.091411635279655457
0.46165603399276733 0.072072491049766541 0.091734364628791809
0.40892866253852844 0.031154891476035118 0.055587079375982285
0.52417635917663574 -0.040852583944797516 0.076147608458995819
0.42538577318191528 0.081773757934570312 0.062432814389467239
0.47637170553207397 -0.028114613145589828 0.081396080553531647
0.4717775285243988 0.075214385986328125 0.06021493673324585
0.46260303258895874 0.011098729446530342 0.087545841932296753
0.46917542815208435 0.065572649240493774 0.095359347760677338
0.5176694393157959 0.033875036984682083 0.080769360065460205
0.51321429014205933 -0.033935286104679108 0.062661118805408478
0.54100221395492554 -0.039690315723419189 0.047946766018867493
0.49524271488189697 0.038881070911884308 0.035679936408996582
0.46968889236450195 0.073802262544631958 0.081440366804599762
0.54214829206466675 -0.014301739633083344 0.070166856050491333
0.519500732421875 -0.033496726304292679 0.079069502651691437
0.53824245929718018 -0.0030980999581515789 0.067005351185798645
0.48597130179405212 0.05686940997838974 0.088722974061965942
0.53247463703155518 0.0032514019403606653 0.055394403636455536
0.51763421297073364 -0.020436946302652359 0.045776128768920898
0.49478155374526978 0.04524574801325798 0.039841022342443466
0.5267067551612854 -0.046655192971229553 0.080420292913913727
0.54250633716583252 -0.030331643298268318 0.090811498463153839
0.45134535431861877 0.061023395508527756 0.10169690102338791
0.5469403862953186 -0.019755329936742783 0.073075555264949799
0.42785671353340149 0.04400910809636116 0.030187696218490601
0.42668294906616211 0.046976540237665176 0.10067903995513916
0.48708313703536987 0.055059414356946945 0.042789343744516373
0.47039389610290527 0.070925839245319366 0.084808073937892914
0.41787827014923096 0.040913689881563187 0.039648812264204025
0.43764239549636841 0.095363162457942963 0.064920522272586823
0.53442460298538208 -0.039785843342542648 0.043459445238113403
0.50807297229766846 0.021403372287750244 0.032685644924640656
0.5375821590423584 -0.015510660596191883 0.055391617119312286
0.48613223433494568 0.026250110939145088 0.028465524315834045
0.47625166177749634 0.039307281374931335 0.1015152633190155
0.53177756071090698 -0.010939756408333778 0.090266920626163483
0.46926876902580261 0.078973859548568726 0.052897948771715164
0.52919185161590576 -0.023069795221090317 0.044901177287101746
0.51566511392593384 -0.018026450648903847 0.091024406254291534
0.49880966544151306 -0.037271264940500259 0.057114463299512863
0.5099036693572998 -0.013567816466093063 0.098082832992076874
0.47065761685371399 -0.02520068921148777 0.070400774478912354
0.42815199494361877 0.02277008444070816 0.085747279226779938
0.48614749312400818 0.02257709763944149 0.030458396300673485
0.4357278048992157 0.020125905051827431 0.090179190039634705
0.50597286224365234 0.04000462219119072 0.050409156829118729
0.49068388342857361 -0.0042248335666954517 0.031163832172751427
0.42486613988876343 0.042137499898672104 0.032439589500427246
0.52455586194992065 -0.041259825229644775 0.047370489686727524
0.51355189085006714 0.035944167524576187 0.085638076066970825
0.45183014869689941 0.012848446145653725 0.038020387291908264
0.47863557934761047 -0.028603279963135719 0.074921511113643646
0.53499418497085571 -0.017280323430895805 0.047260265797376633
0.49906948208808899 0.016671588644385338 0.031541828066110611
0.40702354907989502 0.034823175519704819 0.065212316811084747
0.53761810064315796 -0.043442133814096451 0.047579165548086166
0.54887616634368896 -0.021462703123688698 0.06064905971288681
0.48961707949638367 -0.023784300312399864 0.036071836948394775
0.43439018726348877 0.010537938214838505 0.061843607574701309
0.43525472283363342 0.01225515641272068 0.047068987041711807
0.50927430391311646 0.032814063131809235 0.041857082396745682
0.54040247201919556 -0.044809974730014801 0.083329759538173676
0.42389237880706787 0.084601938724517822 0.069483257830142975
0.46742761135101318 0.015586774796247482 0.10530401766300201
0.42701700329780579 0.083592481911182404 0.077623896300792694
0.51226091384887695 -0.039292097091674805 0.062174703925848007
0.44438990950584412 0.070799835026264191 0.10392864793539047
0.48205402493476868 0.0024977985303848982 0.031383823603391647
0.47422850131988525 0.073669150471687317 0.064090237021446228
0.4477347731590271 0.037725135684013367 0.10507919639348984
0.42008203268051147 0.075872011482715607 0.030124859884381294
0.42935565114021301 0.013718114234507084 0.05332912877202034
0.51791733503341675 0.0054747913964092731 0.036749187856912613
0.40898320078849792 0.06361301988363266 0.096413187682628632
0.51553666591644287 -0.032916340976953506 0.057324785739183426
0.55167853832244873 -0.017893074080348015 0.067496918141841888
0.46019640564918518 0.011764923110604286 0.03211342915892601
0.43114137649536133 0.070976100862026215 0.030254922807216644
0.44427773356437683 0.021977527067065239 0.096854411065578461
0.39662748575210571 0.054381739348173141 0.077779985964298248
0.51846104860305786 -0.037771880626678467 0.060548223555088043
0.41296562552452087 0.029154814779758453 0.054879970848560333
0.42462190985679626 0.085429996252059937 0.097775898873806
0.42379060387611389 0.064152203500270844 0.106561079621315
0.45763841271400452 0.0055729043669998646 0.035444010049104691
0.5221831202507019 0.0041363202035427094 0.098979704082012177
0.44914388656616211 0.024923322722315788 0.1025867685675621
0.51389223337173462 0.0057066087611019611 0.028978452086448669
0.50442624092102051 0.030089570209383965 0.0353863425552845
0.45239248871803284 0.0089394459500908852 0.068648852407932281
0.44601142406463623 0.10257040709257126 0.060213971883058548
0.49396869540214539 0.054723799228668213 0.075055025517940521
0.40931129455566406 0.063945546746253967 0.050616838037967682
0.5243690013885498 -0.047936715185642242 0.059283401817083359
0.53100305795669556 -0.042004715651273727 0.048566684126853943
0.50539124011993408 0.045681159943342209 0.066984698176383972
0.46056327223777771 0.025662558153271675 0.10292326658964157
0.51121383905410767 -0.030932975932955742 0.045650448650121689
0.52841818332672119 -0.022374141961336136 0.084111467003822327
0.54100441932678223 -0.0091832112520933151 0.052844677120447159
0.53444081544876099 -0.022017147392034531 0.050561588257551193
0.42065900564193726 0.042326886206865311 0.09988432377576828
0.39654219150543213 0.044448189437389374 0.063335716724395752
0.4448416531085968 0.09668634831905365 0.05291474238038063
0.54989820718765259 -0.02290436252951622 0.048022326081991196
0.39980977773666382 0.050980929285287857 0.088681332767009735
0.40421375632286072 0.04640980064868927 0.040571164339780807
0.44983848929405212 0.010049602948129177 0.076059818267822266
0.39837098121643066 0.05183134600520134 0.071508236229419708
0.53255742788314819 0.014745131134986877 0.060797229409217834
0.47375026345252991 -0.0096371974796056747 0.085139185190200806
0.42263400554656982 0.078711554408073425 0.04542691633105278
0.41234833002090454 0.061366919428110123 0.029183384031057358
0.41237115859985352 0.067349836230278015 0.068413048982620239
0.53514015674591064 -0.024638371542096138 0.042329870164394379
0.43868669867515564 0.096517980098724365 0.060698524117469788
0.44107756018638611 0.0052831494249403477 0.067151471972465515
0.52957487106323242 -0.0048594707623124123 0.045287959277629852
0.51597821712493896 -0.010416499339044094 0.038951538503170013
0.44845345616340637 0.096940740942955017 0.069197945296764374
0.50011813640594482 0.010709417052567005 0.02750692330300808
0.54159379005432129 -0.029229981824755669 0.083288267254829407
0.41828987002372742 0.050712540745735168 0.030846159905195236
0.41722270846366882 0.027525708079338074 0.048425722867250443
0.51687628030776978 -0.026923451572656631 0.04517756775021553
0.42249208688735962 0.039042733609676361 0.038167629390954971
0.53422212600708008 -0.011049149557948112 0.051600486040115356
0.50564193725585938 -0.019423894584178925 0.09567674994468689
0.42879927158355713 0.090020418167114258 0.038219552487134933
0.54677647352218628 -0.027057938277721405 0.048002775758504868
0.54166191816329956 -0.038764063268899918 0.088780038058757782
0.40896323323249817 0.037176467478275299 0.081534862518310547
0.46336886286735535 -0.017479991540312767 0.058083061128854752
0.55596238374710083 -0.018493464216589928 0.059216093271970749
0.43552058935165405 0.016995567828416824 0.086800441145896912
0.46007782220840454 0.069591626524925232 0.098466336727142334
0.50451844930648804 0.045225366950035095 0.058572929352521896
0.55203694105148315 -0.027435587719082832 0.079631857573986053
0.40288963913917542 0.03477029874920845 0.06836199015378952
0.51665681600570679 -0.019694948568940163 0.09627232700586319
0.45052370429039001 0.033298823982477188 0.10266844928264618
0.4967014491558075 -0.00099136598873883486 0.027571629732847214
0.54040747880935669 -0.010533547028899193 0.056977938860654831
0.44905996322631836 -0.0014899546513333917 0.04916035383939743
0.47528916597366333 0.012015481479465961 0.10536056011915207
0.55690151453018188 -0.021814705803990364 0.07203298807144165
0.42030245065689087 0.076155208051204681 0.087094582617282867
0.39993938803672791 0.057776086032390594 0.037620577961206436
0.51553750038146973 -0.02653723768889904 0.050718281418085098
0.48266392946243286 -0.028705261647701263 0.05103013664484024
0.51311367750167847 0.028172606602311134 0.09389851987361908
0.47771686315536499 0.001858991920016706 0.096429541707038879
0.49567228555679321 0.034723803400993347 0.034126739948987961
0.43438667058944702 0.096239589154720306 0.074880108237266541
0.43610319495201111 0.077897042036056519 0.032724574208259583
0.4052797257900238 0.033407710492610931 0.058693412691354752
0.49341511726379395 -0.028868634253740311 0.047510433942079544
0.45594307780265808 -0.0031556475441902876 0.048925332725048065
0.48795917630195618 -0.00019614903430920094 0.10273928195238113
0.48464697599411011 0.05172860249876976 0.042134914547204971
0.52387356758117676 -0.032490000128746033 0.04791642352938652
0.48661887645721436 -0.023399762809276581 0.041386295109987259
0.44914314150810242 0.078830339014530182 0.094970837235450745
0.4261380136013031 0.052965179085731506 0.028216645121574402
0.47282025218009949 -0.017280194908380508 0.079725593328475952
0.40488478541374207 0.059062335640192032 0.085876502096652985
0.49314305186271667 0.0095774410292506218 0.10674105584621429
0.5371813178062439 -0.016803381964564323 0.083593845367431641
0.52370661497116089 -0.05128275603055954 0.07720668613910675
0.52196753025054932 0.033404659479856491 0.062200997024774551
0.44024041295051575 0.10237880796194077 0.052484333515167236
0.48946696519851685 -0.032477255910634995 0.057730279862880707
0.49246349930763245 0.019028171896934509 0.030803311616182327
0.42917636036872864 0.087571434676647186 0.031630087643861771
0.41066598892211914 0.040883481502532959 0.045129980891942978
0.41257935762405396 0.025879960507154465 0.069869771599769592
0.40154808759689331 0.037489492446184158 0.072998091578483582
0.52334481477737427 -0.02490675076842308 0.091271370649337769
0.54697895050048828 -0.032263129949569702 0.047233495861291885
0.44027942419052124 0.054564949125051498 0.029775327071547508
0.41604986786842346 0.07592763751745224 0.098696224391460419
0.44072467088699341 0.10051683336496353 0.085364416241645813
0.42392447590827942 0.084634251892566681 0.064689591526985168
0.5128360390663147 -0.037202619016170502 0.051260951906442642
0.39417576789855957 0.051130987703800201 0.048025041818618774
0.45720747113227844 0.012920976616442204 0.082121804356575012
0.52452665567398071 0.032442834228277206 0.068122364580631256
0.52426683902740479 0.0071000196039676666 0.040848482400178909
0.42765897512435913 0.088786184787750244 0.082078255712985992
0.50934487581253052 0.017015263438224792 0.098918899893760681
0.45608621835708618 0.01156982034444809 0.089268811047077179
0.46995818614959717 0.076109983026981354 0.049033530056476593
0.43319150805473328 0.094903789460659027 0.058984562754631042
0.43811628222465515 0.056396938860416412 0.10375423729419708
0.53520911931991577 0.01757577620446682 0.064130648970603943
0.53524953126907349 -0.012675921432673931 0.087754711508750916
0.52712291479110718 -0.034152459353208542 0.043165620416402817
0.46339511871337891 0.077803127467632294 0.049481943249702454
0.41931861639022827 0.024426242336630821 0.050281263887882233
0.47602534294128418 -0.025830859318375587 0.048920631408691406
0.48665535449981689 0.0070554804988205433 0.030039846897125244
0.50022917985916138 -0.011254726909101009 0.032229878008365631
0.5129019021987915 -0.031344011425971985 0.050399668514728546
0.43829852342605591 0.097613617777824402 0.09247104823589325
0.42020145058631897 0.040912535041570663 0.03447481244802475
0.54606342315673828 -0.031978394836187363 0.087289735674858093
0.55376225709915161 -0.030003359541296959 0.077375106513500214
0.49687129259109497 0.034029863774776459 0.099771514534950256
0.49123436212539673 0.032168615609407425 0.034177195280790329
0.52133578062057495 -0.044208340346813202 0.075110793113708496
0.48251169919967651 -0.01563362218439579 0.095066085457801819
0.43975362181663513 0.0075804553925991058 0.047903604805469513
0.46425822377204895 0.075590603053569794 0.085919372737407684
0.47079393267631531 -0.012089667841792107 0.043926656246185303
0.49797087907791138 0.02429431676864624 0.030284279957413673
0.53020483255386353 -0.036507353186607361 0.09033743292093277
0.50444525480270386 -0.010703451931476593 0.028202952817082405
0.55623501539230347 -0.022075975313782692 0.060416780412197113
0.39883926510810852 0.056825384497642517 0.065554611384868622
0.43157914280891418 0.01463409885764122 0.048349898308515549
0.43166461586952209 0.062970705330371857 0.10375052690505981
0.53920918703079224 -0.003882489399984479 0.054007988423109055
0.44662570953369141 0.088745266199111938 0.044581625610589981
0.47705581784248352 0.0029906961135566235 0.032427653670310974
0.47579172253608704 -0.01286966260522604 0.036672729998826981
0.55051279067993164 -0.029130702838301659 0.071611829102039337
0.52272224426269531 -0.025048848241567612 0.049865920096635818
0.51991194486618042 -0.040084633976221085 0.070668749511241913
0.48267212510108948 0.054375205188989639 0.095048338174819946
0.44255992770195007 0.047194834798574448 0.027596965432167053
0.55217194557189941 -0.027299651876091957 0.05952245369553566
0.44934320449829102 0.093152575194835663 0.053929425776004791
0.52176326513290405 -0.029580006375908852 0.086407467722892761
0.48997417092323303 0.038166958838701248 0.032796531915664673
0.4946553111076355 -0.02858431451022625 0.091990344226360321
0.43922775983810425 0.0024746053386479616 0.062215652316808701
0.52256679534912109 0.029678568243980408 0.072078607976436615
0.53144502639770508 0.011024110019207001 0.053086832165718079
0.49094662070274353 -0.036046713590621948 0.058312475681304932
0.45536178350448608 0.033327814191579819 0.027184369042515755
0.53178924322128296 -0.021063996478915215 0.04234941303730011
0.50780320167541504 -0.0085348328575491905 0.035331554710865021
0.4159209132194519 0.071269996464252472 0.046249076724052429
0.45449838042259216 0.091964446008205414 0.052236001938581467
0.46102422475814819 0.085712723433971405 0.081884659826755524
0.5363500714302063 -0.049300864338874817 0.085746362805366516
0.42448768019676208 0.085244938731193542 0.044607836753129959
0.45426902174949646 0.084370560944080353 0.09144052118062973
0.41253548860549927 0.053406652063131332 0.035303343087434769
0.50062298774719238 0.0069459588266909122 0.027263583615422249
0.41497781872749329 0.070259205996990204 0.097237221896648407
0.51343882083892822 -0.017725549638271332 0.041669521480798721
0.51831728219985962 0.012907315045595169 0.036566037684679031
0.40907019376754761 0.045480769127607346 0.037878174334764481
0.42171686887741089 0.077687598764896393 0.034805860370397568
0.46164503693580627 0.018147610127925873 0.10151217132806778
0.51902782917022705 0.035561010241508484 0.077246181666851044
0.47590148448944092 0.0019933665171265602 0.085147775709629059
0.53305560350418091 -0.039846897125244141 0.090146370232105255
0.51286029815673828 -0.041576016694307327 0.0565636046230793
0.47757634520530701 -0.031548868864774704 0.058394830673933029
0.45143890380859375 0.0050758360885083675 0.039984818547964096
0.51865476369857788 0.028318315744400024 0.050051290541887283
0.46599245071411133 0.016839304938912392 0.028636757284402847
0.53948330879211426 -0.032825108617544174 0.087986692786216736
0.50543957948684692 0.037123780697584152 0.046108715236186981
0.41325601935386658 0.068311795592308044 0.040532521903514862
0.43426802754402161 0.0084810042753815651 0.069423690438270569
0.46267205476760864 0.057177092880010605 0.099673010408878326
0.43362605571746826 0.083465777337551117 0.033886849880218506
0.48721373081207275 0.032502416521310806 0.030195411294698715
0.45763066411018372 0.066234484314918518 0.10125565528869629
0.54665654897689819 -0.0098494933918118477 0.058015018701553345
0.41355407238006592 0.073154203593730927 0.089025005698204041
0.49068838357925415 0.059629637748003006 0.05355408787727356
0.46723654866218567 0.05219537764787674 0.030314074829220772
0.51482468843460083 -0.039128042757511139 0.074065513908863068
0.52849262952804565 -0.051611725240945816 0.051547899842262268
0.49229300022125244 -0.020025754347443581 0.097048908472061157
0.40724626183509827 0.043189272284507751 0.087544903159141541
0.48796713352203369 -0.022996941581368446 0.093442857265472412
0.42586871981620789 0.082291364669799805 0.036322832107543945
0.5411115288734436 -0.044037442654371262 0.063538700342178345
0.45659232139587402 0.093354664742946625 0.071608342230319977
0.4321247935295105 0.028284536674618721 0.094033390283584595
0.42925065755844116 0.010934495367109776 0.070666581392288208
0.51807200908660889 0.0084289498627185822 0.098690912127494812
0.4237099289894104 0.020068071782588959 0.071137458086013794
0.47789442539215088 0.062797844409942627 0.041848931461572647
0.5053521990776062 0.042923007160425186 0.079013250768184662
0.48249852657318115 0.045774567872285843 0.096727617084980011
0.4508574903011322 0.093035809695720673 0.076709866523742676
0.4670538604259491 0.082250513136386871 0.055801201611757278
0.52347558736801147 -0.023772059008479118 0.046169478446245193
0.47960427403450012 0.013747305609285831 0.10356926918029785
0.41902843117713928 0.079192765057086945 0.044520776718854904
0.5271608829498291 -0.044804509729146957 0.086345024406909943
0.39567700028419495 0.053316950798034668 0.061566546559333801
0.50753968954086304 0.0031232009641826153 0.10616976022720337
0.39162054657936096 0.048782031983137131 0.075881771743297577
0.46740207076072693 0.07934705913066864 0.060997642576694489
0.53462398052215576 -0.015749702230095863 0.0803256556391716
0.514923095703125 0.014713909476995468 0.10122004151344299
0.40285605192184448 0.044456478208303452 0.084249503910541534
0.46471977233886719 0.004273862112313509 0.072219140827655792
0.44351533055305481 0.094897717237472534 0.085154913365840912
0.48071965575218201 0.017161112278699875 0.10678216069936752
0.46092775464057922 0.088988669216632843 0.063440471887588501
0.44166180491447449 0.016814056783914566 0.041631270200014114
0.51714712381362915 -0.043230358511209488 0.06687917560338974
0.47338876128196716 -0.024132786318659782 0.081542976200580597
0.48166540265083313 0.058887150138616562 0.041485428810119629
0.51587677001953125 0.028838898986577988 0.091439925134181976
0.46496474742889404 -0.0077777495607733727 0.041548490524291992
